group_id,org_id,project_id,issue_id,created_at,severity
"0708d6a5-c79a-4f28-9fde-b7126a5c7252","140ad3e4-018f-43f3-a688-0c32f9b341ab","e63ef815-f29a-4f25-a42d-acdf3b736058","SNYK-JS-VM2-5415299","2024-03-27T21:44:14.457Z","critical"
"0708d6a5-c79a-4f28-9fde-b7126a5c7252","140ad3e4-018f-43f3-a688-0c32f9b341ab","e63ef815-f29a-4f25-a42d-acdf3b736058","SNYK-JS-VM2-3018201","2024-03-27T21:44:14.457Z","critical"
"0708d6a5-c79a-4f28-9fde-b7126a5c7252","140ad3e4-018f-43f3-a688-0c32f9b341ab","e63ef815-f29a-4f25-a42d-acdf3b736058","SNYK-JS-MARSDB-480405","2024-03-27T21:44:14.457Z","critical"
"0708d6a5-c79a-4f28-9fde-b7126a5c7252","140ad3e4-018f-43f3-a688-0c32f9b341ab","e63ef815-f29a-4f25-a42d-acdf3b736058","SNYK-JS-VM2-2309905","2024-03-27T21:44:14.457Z","critical"
"0708d6a5-c79a-4f28-9fde-b7126a5c7252","140ad3e4-018f-43f3-a688-0c32f9b341ab","e63ef815-f29a-4f25-a42d-acdf3b736058","SNYK-JS-VM2-5426093","2024-03-27T21:44:14.457Z","critical"
"0708d6a5-c79a-4f28-9fde-b7126a5c7252","140ad3e4-018f-43f3-a688-0c32f9b341ab","e63ef815-f29a-4f25-a42d-acdf3b736058","SNYK-JS-SOCKETIOPARSER-3091012","2024-03-27T21:44:14.457Z","critical"
"0708d6a5-c79a-4f28-9fde-b7126a5c7252","140ad3e4-018f-43f3-a688-0c32f9b341ab","e63ef815-f29a-4f25-a42d-acdf3b736058","SNYK-JS-VM2-5772825","2024-03-27T21:44:14.457Z","critical"
"0708d6a5-c79a-4f28-9fde-b7126a5c7252","140ad3e4-018f-43f3-a688-0c32f9b341ab","e63ef815-f29a-4f25-a42d-acdf3b736058","SNYK-JS-VM2-2990237","2024-03-27T21:44:14.457Z","critical"
"0708d6a5-c79a-4f28-9fde-b7126a5c7252","140ad3e4-018f-43f3-a688-0c32f9b341ab","e63ef815-f29a-4f25-a42d-acdf3b736058","SNYK-JS-VM2-5422057","2024-03-27T21:44:14.457Z","critical"
"0708d6a5-c79a-4f28-9fde-b7126a5c7252","140ad3e4-018f-43f3-a688-0c32f9b341ab","e63ef815-f29a-4f25-a42d-acdf3b736058","SNYK-JS-VM2-5537100","2024-03-27T21:44:14.457Z","critical"
"0708d6a5-c79a-4f28-9fde-b7126a5c7252","140ad3e4-018f-43f3-a688-0c32f9b341ab","e63ef815-f29a-4f25-a42d-acdf3b736058","SNYK-JS-SEQUELIZE-2932027","2024-03-27T21:44:14.457Z","critical"
"0708d6a5-c79a-4f28-9fde-b7126a5c7252","140ad3e4-018f-43f3-a688-0c32f9b341ab","e63ef815-f29a-4f25-a42d-acdf3b736058","SNYK-JS-VM2-5772823","2024-03-27T21:44:14.457Z","critical"
"0708d6a5-c79a-4f28-9fde-b7126a5c7252","140ad3e4-018f-43f3-a688-0c32f9b341ab","e63ef815-f29a-4f25-a42d-acdf3b736058","SNYK-JS-VM2-1585918","2024-03-27T21:44:14.457Z","critical"
"0708d6a5-c79a-4f28-9fde-b7126a5c7252","140ad3e4-018f-43f3-a688-0c32f9b341ab","d04b70dc-c890-41ca-aa2e-4c338c58631e","SNYK-JS-BABELTRAVERSE-5962462","2024-03-27T21:44:18.497Z","critical"
"0708d6a5-c79a-4f28-9fde-b7126a5c7252","140ad3e4-018f-43f3-a688-0c32f9b341ab","d04b70dc-c890-41ca-aa2e-4c338c58631e","SNYK-JS-SOCKETIOPARSER-3091012","2024-03-27T21:44:18.497Z","critical"
"0708d6a5-c79a-4f28-9fde-b7126a5c7252","140ad3e4-018f-43f3-a688-0c32f9b341ab","9b92da1e-be72-4f38-9ecc-03ffb624521a","SNYK-DEBIAN10-EXPAT-2403513","2024-03-27T21:44:18.907Z","critical"
"0708d6a5-c79a-4f28-9fde-b7126a5c7252","140ad3e4-018f-43f3-a688-0c32f9b341ab","9b92da1e-be72-4f38-9ecc-03ffb624521a","SNYK-DEBIAN10-GIT-3232718","2024-03-27T21:44:18.907Z","critical"
"0708d6a5-c79a-4f28-9fde-b7126a5c7252","140ad3e4-018f-43f3-a688-0c32f9b341ab","9b92da1e-be72-4f38-9ecc-03ffb624521a","SNYK-DEBIAN10-FREETYPE-2774655","2024-03-27T21:44:18.907Z","critical"
"0708d6a5-c79a-4f28-9fde-b7126a5c7252","140ad3e4-018f-43f3-a688-0c32f9b341ab","9b92da1e-be72-4f38-9ecc-03ffb624521a","SNYK-DEBIAN10-EXPAT-2331818","2024-03-27T21:44:18.907Z","critical"
"0708d6a5-c79a-4f28-9fde-b7126a5c7252","140ad3e4-018f-43f3-a688-0c32f9b341ab","9b92da1e-be72-4f38-9ecc-03ffb624521a","SNYK-DEBIAN10-GLIBC-1315333","2024-03-27T21:44:18.907Z","critical"
"0708d6a5-c79a-4f28-9fde-b7126a5c7252","140ad3e4-018f-43f3-a688-0c32f9b341ab","9b92da1e-be72-4f38-9ecc-03ffb624521a","SNYK-DEBIAN10-GLIBC-1296899","2024-03-27T21:44:18.907Z","critical"
"0708d6a5-c79a-4f28-9fde-b7126a5c7252","140ad3e4-018f-43f3-a688-0c32f9b341ab","9b92da1e-be72-4f38-9ecc-03ffb624521a","SNYK-DEBIAN10-GNUTLS28-1085094","2024-03-27T21:44:18.907Z","critical"
"0708d6a5-c79a-4f28-9fde-b7126a5c7252","140ad3e4-018f-43f3-a688-0c32f9b341ab","9b92da1e-be72-4f38-9ecc-03ffb624521a","SNYK-DEBIAN10-GLIBC-2340923","2024-03-27T21:44:18.907Z","critical"
"0708d6a5-c79a-4f28-9fde-b7126a5c7252","140ad3e4-018f-43f3-a688-0c32f9b341ab","9b92da1e-be72-4f38-9ecc-03ffb624521a","SNYK-DEBIAN10-FREETYPE-1019582","2024-03-27T21:44:18.907Z","critical"
"0708d6a5-c79a-4f28-9fde-b7126a5c7252","140ad3e4-018f-43f3-a688-0c32f9b341ab","9b92da1e-be72-4f38-9ecc-03ffb624521a","SNYK-DEBIAN10-EXPAT-2331813","2024-03-27T21:44:18.907Z","critical"
"0708d6a5-c79a-4f28-9fde-b7126a5c7252","140ad3e4-018f-43f3-a688-0c32f9b341ab","9b92da1e-be72-4f38-9ecc-03ffb624521a","SNYK-DEBIAN10-GLIBC-2340915","2024-03-27T21:44:18.907Z","critical"
"0708d6a5-c79a-4f28-9fde-b7126a5c7252","140ad3e4-018f-43f3-a688-0c32f9b341ab","9b92da1e-be72-4f38-9ecc-03ffb624521a","SNYK-DEBIAN10-EXPAT-2403518","2024-03-27T21:44:18.907Z","critical"
"0708d6a5-c79a-4f28-9fde-b7126a5c7252","140ad3e4-018f-43f3-a688-0c32f9b341ab","9b92da1e-be72-4f38-9ecc-03ffb624521a","SNYK-DEBIAN10-EXPAT-2331803","2024-03-27T21:44:18.907Z","critical"
"0708d6a5-c79a-4f28-9fde-b7126a5c7252","140ad3e4-018f-43f3-a688-0c32f9b341ab","9b92da1e-be72-4f38-9ecc-03ffb624521a","SNYK-DEBIAN10-GNUTLS28-1085097","2024-03-27T21:44:18.907Z","critical"
"0708d6a5-c79a-4f28-9fde-b7126a5c7252","140ad3e4-018f-43f3-a688-0c32f9b341ab","9b92da1e-be72-4f38-9ecc-03ffb624521a","SNYK-DEBIAN10-EXPAT-2406128","2024-03-27T21:44:18.907Z","critical"
"0708d6a5-c79a-4f28-9fde-b7126a5c7252","140ad3e4-018f-43f3-a688-0c32f9b341ab","9b92da1e-be72-4f38-9ecc-03ffb624521a","SNYK-DEBIAN10-CURL-3065760","2024-03-27T21:44:18.907Z","critical"
"0708d6a5-c79a-4f28-9fde-b7126a5c7252","140ad3e4-018f-43f3-a688-0c32f9b341ab","9b92da1e-be72-4f38-9ecc-03ffb624521a","SNYK-DEBIAN10-GIT-3232719","2024-03-27T21:44:18.907Z","critical"
"0708d6a5-c79a-4f28-9fde-b7126a5c7252","140ad3e4-018f-43f3-a688-0c32f9b341ab","9b92da1e-be72-4f38-9ecc-03ffb624521a","SNYK-DEBIAN10-DPKG-2847944","2024-03-27T21:44:18.907Z","critical"
"0708d6a5-c79a-4f28-9fde-b7126a5c7252","140ad3e4-018f-43f3-a688-0c32f9b341ab","9b92da1e-be72-4f38-9ecc-03ffb624521a","SNYK-DEBIAN10-EXPAT-2359258","2024-03-27T21:44:18.907Z","critical"
"0708d6a5-c79a-4f28-9fde-b7126a5c7252","140ad3e4-018f-43f3-a688-0c32f9b341ab","9b92da1e-be72-4f38-9ecc-03ffb624521a","SNYK-DEBIAN10-DB53-2825169","2024-03-27T21:44:18.907Z","critical"
"0708d6a5-c79a-4f28-9fde-b7126a5c7252","140ad3e4-018f-43f3-a688-0c32f9b341ab","9b92da1e-be72-4f38-9ecc-03ffb624521a","SNYK-DEBIAN10-LIBWEBP-1289576","2024-03-27T21:44:18.909Z","critical"
"0708d6a5-c79a-4f28-9fde-b7126a5c7252","140ad3e4-018f-43f3-a688-0c32f9b341ab","9b92da1e-be72-4f38-9ecc-03ffb624521a","SNYK-DEBIAN10-LIBTASN16-3061094","2024-03-27T21:44:18.909Z","critical"
"0708d6a5-c79a-4f28-9fde-b7126a5c7252","140ad3e4-018f-43f3-a688-0c32f9b341ab","9b92da1e-be72-4f38-9ecc-03ffb624521a","SNYK-DEBIAN10-LIBKSBA-3050754","2024-03-27T21:44:18.909Z","critical"
"0708d6a5-c79a-4f28-9fde-b7126a5c7252","140ad3e4-018f-43f3-a688-0c32f9b341ab","9b92da1e-be72-4f38-9ecc-03ffb624521a","SNYK-DEBIAN10-LIBWEBP-1289593","2024-03-27T21:44:18.909Z","critical"
"0708d6a5-c79a-4f28-9fde-b7126a5c7252","140ad3e4-018f-43f3-a688-0c32f9b341ab","9b92da1e-be72-4f38-9ecc-03ffb624521a","SNYK-DEBIAN10-LIBWEBP-1289573","2024-03-27T21:44:18.909Z","critical"
"0708d6a5-c79a-4f28-9fde-b7126a5c7252","140ad3e4-018f-43f3-a688-0c32f9b341ab","9b92da1e-be72-4f38-9ecc-03ffb624521a","SNYK-DEBIAN10-LIBWEBP-1289584","2024-03-27T21:44:18.909Z","critical"
"0708d6a5-c79a-4f28-9fde-b7126a5c7252","140ad3e4-018f-43f3-a688-0c32f9b341ab","9b92da1e-be72-4f38-9ecc-03ffb624521a","SNYK-DEBIAN10-LIBEXIF-1037313","2024-03-27T21:44:18.909Z","critical"
"0708d6a5-c79a-4f28-9fde-b7126a5c7252","140ad3e4-018f-43f3-a688-0c32f9b341ab","9b92da1e-be72-4f38-9ecc-03ffb624521a","SNYK-DEBIAN10-LIBWEBP-1289586","2024-03-27T21:44:18.909Z","critical"
"0708d6a5-c79a-4f28-9fde-b7126a5c7252","140ad3e4-018f-43f3-a688-0c32f9b341ab","9b92da1e-be72-4f38-9ecc-03ffb624521a","SNYK-DEBIAN10-LIBKSBA-3179190","2024-03-27T21:44:18.909Z","critical"
"0708d6a5-c79a-4f28-9fde-b7126a5c7252","140ad3e4-018f-43f3-a688-0c32f9b341ab","9b92da1e-be72-4f38-9ecc-03ffb624521a","SNYK-DEBIAN10-LIBWEBP-1289553","2024-03-27T21:44:18.909Z","critical"
"0708d6a5-c79a-4f28-9fde-b7126a5c7252","140ad3e4-018f-43f3-a688-0c32f9b341ab","9b92da1e-be72-4f38-9ecc-03ffb624521a","SNYK-DEBIAN10-LIBX11-1293573","2024-03-27T21:44:18.909Z","critical"
"0708d6a5-c79a-4f28-9fde-b7126a5c7252","140ad3e4-018f-43f3-a688-0c32f9b341ab","9b92da1e-be72-4f38-9ecc-03ffb624521a","SNYK-DEBIAN10-LIBWEBP-1289591","2024-03-27T21:44:18.909Z","critical"
"0708d6a5-c79a-4f28-9fde-b7126a5c7252","140ad3e4-018f-43f3-a688-0c32f9b341ab","9b92da1e-be72-4f38-9ecc-03ffb624521a","SNYK-DEBIAN10-LIBWEBP-1289592","2024-03-27T21:44:18.909Z","critical"
"0708d6a5-c79a-4f28-9fde-b7126a5c7252","140ad3e4-018f-43f3-a688-0c32f9b341ab","9b92da1e-be72-4f38-9ecc-03ffb624521a","SNYK-DEBIAN10-LIBWEBP-1289561","2024-03-27T21:44:18.909Z","critical"
"0708d6a5-c79a-4f28-9fde-b7126a5c7252","140ad3e4-018f-43f3-a688-0c32f9b341ab","9b92da1e-be72-4f38-9ecc-03ffb624521a","SNYK-DEBIAN10-LIBWEBP-1290149","2024-03-27T21:44:18.909Z","critical"
"0708d6a5-c79a-4f28-9fde-b7126a5c7252","140ad3e4-018f-43f3-a688-0c32f9b341ab","9b92da1e-be72-4f38-9ecc-03ffb624521a","SNYK-DEBIAN10-LIBBSD-541041","2024-03-27T21:44:18.909Z","critical"
"0708d6a5-c79a-4f28-9fde-b7126a5c7252","140ad3e4-018f-43f3-a688-0c32f9b341ab","9b92da1e-be72-4f38-9ecc-03ffb624521a","SNYK-DEBIAN10-PYTHON37-3090928","2024-03-27T21:44:18.91Z","critical"
"0708d6a5-c79a-4f28-9fde-b7126a5c7252","140ad3e4-018f-43f3-a688-0c32f9b341ab","9b92da1e-be72-4f38-9ecc-03ffb624521a","SNYK-DEBIAN10-OPENSSH-5788320","2024-03-27T21:44:18.91Z","critical"
"0708d6a5-c79a-4f28-9fde-b7126a5c7252","140ad3e4-018f-43f3-a688-0c32f9b341ab","9b92da1e-be72-4f38-9ecc-03ffb624521a","SNYK-DEBIAN10-PYTHON27-5853772","2024-03-27T21:44:18.91Z","critical"
"0708d6a5-c79a-4f28-9fde-b7126a5c7252","140ad3e4-018f-43f3-a688-0c32f9b341ab","9b92da1e-be72-4f38-9ecc-03ffb624521a","SNYK-DEBIAN10-PYTHON37-1063182","2024-03-27T21:44:18.91Z","critical"
"0708d6a5-c79a-4f28-9fde-b7126a5c7252","140ad3e4-018f-43f3-a688-0c32f9b341ab","9b92da1e-be72-4f38-9ecc-03ffb624521a","SNYK-DEBIAN10-PYTHON27-1063178","2024-03-27T21:44:18.91Z","critical"
"0708d6a5-c79a-4f28-9fde-b7126a5c7252","140ad3e4-018f-43f3-a688-0c32f9b341ab","9b92da1e-be72-4f38-9ecc-03ffb624521a","SNYK-DEBIAN10-OPENSSL-1569403","2024-03-27T21:44:18.91Z","critical"
"0708d6a5-c79a-4f28-9fde-b7126a5c7252","140ad3e4-018f-43f3-a688-0c32f9b341ab","9b92da1e-be72-4f38-9ecc-03ffb624521a","SNYK-DEBIAN10-MARIADB103-1017374","2024-03-27T21:44:18.91Z","critical"
"0708d6a5-c79a-4f28-9fde-b7126a5c7252","140ad3e4-018f-43f3-a688-0c32f9b341ab","9b92da1e-be72-4f38-9ecc-03ffb624521a","SNYK-DEBIAN10-PCRE2-2808698","2024-03-27T21:44:18.91Z","critical"
"0708d6a5-c79a-4f28-9fde-b7126a5c7252","140ad3e4-018f-43f3-a688-0c32f9b341ab","9b92da1e-be72-4f38-9ecc-03ffb624521a","SNYK-DEBIAN10-LZ4-1277601","2024-03-27T21:44:18.91Z","critical"
"0708d6a5-c79a-4f28-9fde-b7126a5c7252","140ad3e4-018f-43f3-a688-0c32f9b341ab","9b92da1e-be72-4f38-9ecc-03ffb624521a","SNYK-DEBIAN10-PCRE2-2808696","2024-03-27T21:44:18.91Z","critical"
"0708d6a5-c79a-4f28-9fde-b7126a5c7252","140ad3e4-018f-43f3-a688-0c32f9b341ab","9b92da1e-be72-4f38-9ecc-03ffb624521a","SNYK-DEBIAN10-SQLITE3-3011634","2024-03-27T21:44:18.91Z","critical"
"0708d6a5-c79a-4f28-9fde-b7126a5c7252","140ad3e4-018f-43f3-a688-0c32f9b341ab","9b92da1e-be72-4f38-9ecc-03ffb624521a","SNYK-DEBIAN10-PYTHON37-5851336","2024-03-27T21:44:18.91Z","critical"
"0708d6a5-c79a-4f28-9fde-b7126a5c7252","140ad3e4-018f-43f3-a688-0c32f9b341ab","9b92da1e-be72-4f38-9ecc-03ffb624521a","SNYK-DEBIAN10-OPENLDAP-2808412","2024-03-27T21:44:18.91Z","critical"
"0708d6a5-c79a-4f28-9fde-b7126a5c7252","140ad3e4-018f-43f3-a688-0c32f9b341ab","9b92da1e-be72-4f38-9ecc-03ffb624521a","SNYK-DEBIAN10-ZLIB-2976149","2024-03-27T21:44:18.911Z","critical"
"0708d6a5-c79a-4f28-9fde-b7126a5c7252","140ad3e4-018f-43f3-a688-0c32f9b341ab","9b92da1e-be72-4f38-9ecc-03ffb624521a","SNYK-DEBIAN10-ZLIB-6008964","2024-03-27T21:44:18.911Z","critical"
"0708d6a5-c79a-4f28-9fde-b7126a5c7252","140ad3e4-018f-43f3-a688-0c32f9b341ab","806c9b97-69a9-4124-96f3-91ea4b8067a0","SNYK-DEBIAN11-CURL-3320493","2024-03-27T22:31:31.359Z","critical"
"0708d6a5-c79a-4f28-9fde-b7126a5c7252","140ad3e4-018f-43f3-a688-0c32f9b341ab","806c9b97-69a9-4124-96f3-91ea4b8067a0","SNYK-DEBIAN11-DB53-2825168","2024-03-27T22:31:31.359Z","critical"
"0708d6a5-c79a-4f28-9fde-b7126a5c7252","140ad3e4-018f-43f3-a688-0c32f9b341ab","806c9b97-69a9-4124-96f3-91ea4b8067a0","SNYK-DEBIAN11-ZLIB-6008961","2024-03-27T22:31:31.359Z","critical"
"0708d6a5-c79a-4f28-9fde-b7126a5c7252","140ad3e4-018f-43f3-a688-0c32f9b341ab","48571bba-a84a-4472-9dae-3eff40b803b4","SNYK-DEBIAN11-DB53-2825168","2024-03-27T22:31:37.098Z","critical"
"0708d6a5-c79a-4f28-9fde-b7126a5c7252","140ad3e4-018f-43f3-a688-0c32f9b341ab","48571bba-a84a-4472-9dae-3eff40b803b4","SNYK-DEBIAN11-ZLIB-6008961","2024-03-27T22:31:37.098Z","critical"
"0708d6a5-c79a-4f28-9fde-b7126a5c7252","140ad3e4-018f-43f3-a688-0c32f9b341ab","794893ec-0b41-4931-b54f-0b4517c9d663","SNYK-DEBIAN11-CURL-3320493","2024-03-27T22:31:56.103Z","critical"
"0708d6a5-c79a-4f28-9fde-b7126a5c7252","140ad3e4-018f-43f3-a688-0c32f9b341ab","794893ec-0b41-4931-b54f-0b4517c9d663","SNYK-DEBIAN11-ZLIB-6008961","2024-03-27T22:31:56.103Z","critical"
"0708d6a5-c79a-4f28-9fde-b7126a5c7252","140ad3e4-018f-43f3-a688-0c32f9b341ab","794893ec-0b41-4931-b54f-0b4517c9d663","SNYK-DEBIAN11-DB53-2825168","2024-03-27T22:31:56.103Z","critical"
"0708d6a5-c79a-4f28-9fde-b7126a5c7252","140ad3e4-018f-43f3-a688-0c32f9b341ab","794893ec-0b41-4931-b54f-0b4517c9d663","SNYK-DEBIAN11-CURL-5955037","2024-03-27T22:31:56.103Z","critical"
"0708d6a5-c79a-4f28-9fde-b7126a5c7252","140ad3e4-018f-43f3-a688-0c32f9b341ab","9b92da1e-be72-4f38-9ecc-03ffb624521a","SNYK-DEBIAN10-GIT-6846202","2024-05-16T05:30:08.941Z","critical"
"0708d6a5-c79a-4f28-9fde-b7126a5c7252","140ad3e4-018f-43f3-a688-0c32f9b341ab","48571bba-a84a-4472-9dae-3eff40b803b4","SNYK-DEBIAN11-KRB5-7411316","2024-06-28T06:05:05.522Z","critical"
"0708d6a5-c79a-4f28-9fde-b7126a5c7252","140ad3e4-018f-43f3-a688-0c32f9b341ab","9b92da1e-be72-4f38-9ecc-03ffb624521a","SNYK-DEBIAN10-KRB5-7411319","2024-06-28T06:14:33.966Z","critical"
"0708d6a5-c79a-4f28-9fde-b7126a5c7252","140ad3e4-018f-43f3-a688-0c32f9b341ab","806c9b97-69a9-4124-96f3-91ea4b8067a0","SNYK-DEBIAN11-KRB5-7411316","2024-06-28T06:16:39.496Z","critical"
"0708d6a5-c79a-4f28-9fde-b7126a5c7252","140ad3e4-018f-43f3-a688-0c32f9b341ab","794893ec-0b41-4931-b54f-0b4517c9d663","SNYK-DEBIAN11-KRB5-7411316","2024-06-28T06:17:37.941Z","critical"
"0708d6a5-c79a-4f28-9fde-b7126a5c7252","140ad3e4-018f-43f3-a688-0c32f9b341ab","8e01c2e7-d50f-4835-bd87-4f19f95729ca","SNYK-JS-BABELTRAVERSE-5962463","2024-08-12T21:03:33.191Z","critical"
"0708d6a5-c79a-4f28-9fde-b7126a5c7252","140ad3e4-018f-43f3-a688-0c32f9b341ab","8e01c2e7-d50f-4835-bd87-4f19f95729ca","SNYK-JS-HANDLEBARS-534988","2024-08-12T21:03:33.191Z","critical"
"0708d6a5-c79a-4f28-9fde-b7126a5c7252","140ad3e4-018f-43f3-a688-0c32f9b341ab","8e01c2e7-d50f-4835-bd87-4f19f95729ca","npm:adm-zip:20180415","2024-08-12T21:03:33.191Z","critical"
"0708d6a5-c79a-4f28-9fde-b7126a5c7252","140ad3e4-018f-43f3-a688-0c32f9b341ab","d04b70dc-c890-41ca-aa2e-4c338c58631e","SNYK-JS-ELLIPTIC-7577918","2024-08-15T07:23:57.002Z","critical"
"0708d6a5-c79a-4f28-9fde-b7126a5c7252","140ad3e4-018f-43f3-a688-0c32f9b341ab","d04b70dc-c890-41ca-aa2e-4c338c58631e","SNYK-JS-ELLIPTIC-7577916","2024-08-15T07:23:57.002Z","critical"
"0708d6a5-c79a-4f28-9fde-b7126a5c7252","140ad3e4-018f-43f3-a688-0c32f9b341ab","d04b70dc-c890-41ca-aa2e-4c338c58631e","SNYK-JS-ELLIPTIC-7577917","2024-08-15T07:23:57.002Z","critical"
"0708d6a5-c79a-4f28-9fde-b7126a5c7252","140ad3e4-018f-43f3-a688-0c32f9b341ab","d800a837-6283-4f6a-a02d-e4fd71f4fb11","SNYK-JS-VM2-5426093","2024-10-02T22:13:09.728Z","critical"
"0708d6a5-c79a-4f28-9fde-b7126a5c7252","140ad3e4-018f-43f3-a688-0c32f9b341ab","d800a837-6283-4f6a-a02d-e4fd71f4fb11","SNYK-JS-VM2-5422057","2024-10-02T22:13:09.728Z","critical"
"0708d6a5-c79a-4f28-9fde-b7126a5c7252","140ad3e4-018f-43f3-a688-0c32f9b341ab","d800a837-6283-4f6a-a02d-e4fd71f4fb11","SNYK-JS-SOCKETIOPARSER-3091012","2024-10-02T22:13:09.728Z","critical"
"0708d6a5-c79a-4f28-9fde-b7126a5c7252","140ad3e4-018f-43f3-a688-0c32f9b341ab","d800a837-6283-4f6a-a02d-e4fd71f4fb11","SNYK-JS-VM2-2309905","2024-10-02T22:13:09.728Z","critical"
"0708d6a5-c79a-4f28-9fde-b7126a5c7252","140ad3e4-018f-43f3-a688-0c32f9b341ab","d800a837-6283-4f6a-a02d-e4fd71f4fb11","SNYK-JS-VM2-5772823","2024-10-02T22:13:09.728Z","critical"
"0708d6a5-c79a-4f28-9fde-b7126a5c7252","140ad3e4-018f-43f3-a688-0c32f9b341ab","d800a837-6283-4f6a-a02d-e4fd71f4fb11","SNYK-JS-VM2-5772825","2024-10-02T22:13:09.728Z","critical"
"0708d6a5-c79a-4f28-9fde-b7126a5c7252","140ad3e4-018f-43f3-a688-0c32f9b341ab","d800a837-6283-4f6a-a02d-e4fd71f4fb11","SNYK-JS-VM2-2990237","2024-10-02T22:13:09.728Z","critical"
"0708d6a5-c79a-4f28-9fde-b7126a5c7252","140ad3e4-018f-43f3-a688-0c32f9b341ab","d800a837-6283-4f6a-a02d-e4fd71f4fb11","SNYK-JS-VM2-5537100","2024-10-02T22:13:09.728Z","critical"
"0708d6a5-c79a-4f28-9fde-b7126a5c7252","140ad3e4-018f-43f3-a688-0c32f9b341ab","d800a837-6283-4f6a-a02d-e4fd71f4fb11","SNYK-JS-MARSDB-480405","2024-10-02T22:13:09.728Z","critical"
"0708d6a5-c79a-4f28-9fde-b7126a5c7252","140ad3e4-018f-43f3-a688-0c32f9b341ab","d800a837-6283-4f6a-a02d-e4fd71f4fb11","SNYK-JS-VM2-1585918","2024-10-02T22:13:09.728Z","critical"
"0708d6a5-c79a-4f28-9fde-b7126a5c7252","140ad3e4-018f-43f3-a688-0c32f9b341ab","d800a837-6283-4f6a-a02d-e4fd71f4fb11","SNYK-JS-VM2-5415299","2024-10-02T22:13:09.728Z","critical"
"0708d6a5-c79a-4f28-9fde-b7126a5c7252","140ad3e4-018f-43f3-a688-0c32f9b341ab","d800a837-6283-4f6a-a02d-e4fd71f4fb11","SNYK-JS-SEQUELIZE-2932027","2024-10-02T22:13:09.728Z","critical"
"0708d6a5-c79a-4f28-9fde-b7126a5c7252","140ad3e4-018f-43f3-a688-0c32f9b341ab","d800a837-6283-4f6a-a02d-e4fd71f4fb11","SNYK-JS-VM2-3018201","2024-10-02T22:13:09.728Z","critical"
"0708d6a5-c79a-4f28-9fde-b7126a5c7252","140ad3e4-018f-43f3-a688-0c32f9b341ab","f7836ea6-062b-493c-ab6f-542d07a82003","SNYK-JS-VM2-5772825","2024-10-02T22:39:47.174Z","critical"
"0708d6a5-c79a-4f28-9fde-b7126a5c7252","140ad3e4-018f-43f3-a688-0c32f9b341ab","f7836ea6-062b-493c-ab6f-542d07a82003","SNYK-JS-VM2-2990237","2024-10-02T22:39:47.174Z","critical"
"0708d6a5-c79a-4f28-9fde-b7126a5c7252","140ad3e4-018f-43f3-a688-0c32f9b341ab","f7836ea6-062b-493c-ab6f-542d07a82003","SNYK-JS-SOCKETIOPARSER-3091012","2024-10-02T22:39:47.174Z","critical"
"0708d6a5-c79a-4f28-9fde-b7126a5c7252","140ad3e4-018f-43f3-a688-0c32f9b341ab","f7836ea6-062b-493c-ab6f-542d07a82003","SNYK-JS-VM2-2309905","2024-10-02T22:39:47.174Z","critical"
"0708d6a5-c79a-4f28-9fde-b7126a5c7252","140ad3e4-018f-43f3-a688-0c32f9b341ab","f7836ea6-062b-493c-ab6f-542d07a82003","SNYK-JS-MARSDB-480405","2024-10-02T22:39:47.174Z","critical"
"0708d6a5-c79a-4f28-9fde-b7126a5c7252","140ad3e4-018f-43f3-a688-0c32f9b341ab","f7836ea6-062b-493c-ab6f-542d07a82003","SNYK-JS-VM2-5426093","2024-10-02T22:39:47.174Z","critical"
"0708d6a5-c79a-4f28-9fde-b7126a5c7252","140ad3e4-018f-43f3-a688-0c32f9b341ab","f7836ea6-062b-493c-ab6f-542d07a82003","SNYK-JS-VM2-1585918","2024-10-02T22:39:47.174Z","critical"
"0708d6a5-c79a-4f28-9fde-b7126a5c7252","140ad3e4-018f-43f3-a688-0c32f9b341ab","f7836ea6-062b-493c-ab6f-542d07a82003","SNYK-JS-VM2-5537100","2024-10-02T22:39:47.174Z","critical"
"0708d6a5-c79a-4f28-9fde-b7126a5c7252","140ad3e4-018f-43f3-a688-0c32f9b341ab","f7836ea6-062b-493c-ab6f-542d07a82003","SNYK-JS-SEQUELIZE-2932027","2024-10-02T22:39:47.174Z","critical"
"0708d6a5-c79a-4f28-9fde-b7126a5c7252","140ad3e4-018f-43f3-a688-0c32f9b341ab","f7836ea6-062b-493c-ab6f-542d07a82003","SNYK-JS-VM2-5415299","2024-10-02T22:39:47.174Z","critical"
"0708d6a5-c79a-4f28-9fde-b7126a5c7252","140ad3e4-018f-43f3-a688-0c32f9b341ab","f7836ea6-062b-493c-ab6f-542d07a82003","SNYK-JS-VM2-5772823","2024-10-02T22:39:47.174Z","critical"
"0708d6a5-c79a-4f28-9fde-b7126a5c7252","140ad3e4-018f-43f3-a688-0c32f9b341ab","f7836ea6-062b-493c-ab6f-542d07a82003","SNYK-JS-VM2-3018201","2024-10-02T22:39:47.174Z","critical"
"0708d6a5-c79a-4f28-9fde-b7126a5c7252","140ad3e4-018f-43f3-a688-0c32f9b341ab","f7836ea6-062b-493c-ab6f-542d07a82003","SNYK-JS-SANITIZEHTML-585892","2024-10-02T22:39:47.174Z","critical"
"0708d6a5-c79a-4f28-9fde-b7126a5c7252","140ad3e4-018f-43f3-a688-0c32f9b341ab","f7836ea6-062b-493c-ab6f-542d07a82003","SNYK-JS-VM2-5422057","2024-10-02T22:39:47.174Z","critical"
"0708d6a5-c79a-4f28-9fde-b7126a5c7252","140ad3e4-018f-43f3-a688-0c32f9b341ab","bb0fde2e-8269-437e-b570-a36c0911429e","SNYK-JS-ELLIPTIC-7577916","2024-10-02T22:39:47.833Z","critical"
"0708d6a5-c79a-4f28-9fde-b7126a5c7252","140ad3e4-018f-43f3-a688-0c32f9b341ab","bb0fde2e-8269-437e-b570-a36c0911429e","SNYK-JS-SOCKETIOPARSER-3091012","2024-10-02T22:39:47.833Z","critical"
"0708d6a5-c79a-4f28-9fde-b7126a5c7252","140ad3e4-018f-43f3-a688-0c32f9b341ab","bb0fde2e-8269-437e-b570-a36c0911429e","SNYK-JS-ELLIPTIC-7577918","2024-10-02T22:39:47.833Z","critical"
"0708d6a5-c79a-4f28-9fde-b7126a5c7252","140ad3e4-018f-43f3-a688-0c32f9b341ab","bb0fde2e-8269-437e-b570-a36c0911429e","SNYK-JS-ELLIPTIC-7577917","2024-10-02T22:39:47.833Z","critical"
"0708d6a5-c79a-4f28-9fde-b7126a5c7252","140ad3e4-018f-43f3-a688-0c32f9b341ab","bb0fde2e-8269-437e-b570-a36c0911429e","SNYK-JS-BABELTRAVERSE-5962462","2024-10-02T22:39:47.833Z","critical"
"0708d6a5-c79a-4f28-9fde-b7126a5c7252","140ad3e4-018f-43f3-a688-0c32f9b341ab","d31bc4ee-705d-464d-8e6d-67baf5ca3e77","SNYK-DEBIAN10-GLIBC-2340915","2024-10-02T22:39:48.125Z","critical"
"0708d6a5-c79a-4f28-9fde-b7126a5c7252","140ad3e4-018f-43f3-a688-0c32f9b341ab","d31bc4ee-705d-464d-8e6d-67baf5ca3e77","SNYK-DEBIAN10-GNUTLS28-1085094","2024-10-02T22:39:48.125Z","critical"
"0708d6a5-c79a-4f28-9fde-b7126a5c7252","140ad3e4-018f-43f3-a688-0c32f9b341ab","d31bc4ee-705d-464d-8e6d-67baf5ca3e77","SNYK-DEBIAN10-LIBWEBP-1289561","2024-10-02T22:39:48.125Z","critical"
"0708d6a5-c79a-4f28-9fde-b7126a5c7252","140ad3e4-018f-43f3-a688-0c32f9b341ab","d31bc4ee-705d-464d-8e6d-67baf5ca3e77","SNYK-DEBIAN10-DPKG-2847944","2024-10-02T22:39:48.125Z","critical"
"0708d6a5-c79a-4f28-9fde-b7126a5c7252","140ad3e4-018f-43f3-a688-0c32f9b341ab","d31bc4ee-705d-464d-8e6d-67baf5ca3e77","SNYK-DEBIAN10-LIBWEBP-1289553","2024-10-02T22:39:48.125Z","critical"
"0708d6a5-c79a-4f28-9fde-b7126a5c7252","140ad3e4-018f-43f3-a688-0c32f9b341ab","d31bc4ee-705d-464d-8e6d-67baf5ca3e77","SNYK-DEBIAN10-LIBEXIF-1037313","2024-10-02T22:39:48.125Z","critical"
"0708d6a5-c79a-4f28-9fde-b7126a5c7252","140ad3e4-018f-43f3-a688-0c32f9b341ab","d31bc4ee-705d-464d-8e6d-67baf5ca3e77","SNYK-DEBIAN10-OPENLDAP-2808412","2024-10-02T22:39:48.125Z","critical"
"0708d6a5-c79a-4f28-9fde-b7126a5c7252","140ad3e4-018f-43f3-a688-0c32f9b341ab","d31bc4ee-705d-464d-8e6d-67baf5ca3e77","SNYK-DEBIAN10-OPENSSL-2807585","2024-10-02T22:39:48.125Z","critical"
"0708d6a5-c79a-4f28-9fde-b7126a5c7252","140ad3e4-018f-43f3-a688-0c32f9b341ab","d31bc4ee-705d-464d-8e6d-67baf5ca3e77","SNYK-DEBIAN10-LIBX11-1293573","2024-10-02T22:39:48.125Z","critical"
"0708d6a5-c79a-4f28-9fde-b7126a5c7252","140ad3e4-018f-43f3-a688-0c32f9b341ab","d31bc4ee-705d-464d-8e6d-67baf5ca3e77","SNYK-DEBIAN10-LIBBSD-541041","2024-10-02T22:39:48.125Z","critical"
"0708d6a5-c79a-4f28-9fde-b7126a5c7252","140ad3e4-018f-43f3-a688-0c32f9b341ab","d31bc4ee-705d-464d-8e6d-67baf5ca3e77","SNYK-DEBIAN10-EXPAT-2331813","2024-10-02T22:39:48.125Z","critical"
"0708d6a5-c79a-4f28-9fde-b7126a5c7252","140ad3e4-018f-43f3-a688-0c32f9b341ab","d31bc4ee-705d-464d-8e6d-67baf5ca3e77","SNYK-DEBIAN10-LIBWEBP-1289573","2024-10-02T22:39:48.125Z","critical"
"0708d6a5-c79a-4f28-9fde-b7126a5c7252","140ad3e4-018f-43f3-a688-0c32f9b341ab","d31bc4ee-705d-464d-8e6d-67baf5ca3e77","SNYK-DEBIAN10-GIT-3232718","2024-10-02T22:39:48.125Z","critical"
"0708d6a5-c79a-4f28-9fde-b7126a5c7252","140ad3e4-018f-43f3-a688-0c32f9b341ab","d31bc4ee-705d-464d-8e6d-67baf5ca3e77","SNYK-DEBIAN10-GLIBC-1315333","2024-10-02T22:39:48.125Z","critical"
"0708d6a5-c79a-4f28-9fde-b7126a5c7252","140ad3e4-018f-43f3-a688-0c32f9b341ab","d31bc4ee-705d-464d-8e6d-67baf5ca3e77","SNYK-DEBIAN10-CURL-3065760","2024-10-02T22:39:48.125Z","critical"
"0708d6a5-c79a-4f28-9fde-b7126a5c7252","140ad3e4-018f-43f3-a688-0c32f9b341ab","d31bc4ee-705d-464d-8e6d-67baf5ca3e77","SNYK-DEBIAN10-PYTHON27-1063178","2024-10-02T22:39:48.125Z","critical"
"0708d6a5-c79a-4f28-9fde-b7126a5c7252","140ad3e4-018f-43f3-a688-0c32f9b341ab","d31bc4ee-705d-464d-8e6d-67baf5ca3e77","SNYK-DEBIAN10-OPENSSL-2933515","2024-10-02T22:39:48.125Z","critical"
"0708d6a5-c79a-4f28-9fde-b7126a5c7252","140ad3e4-018f-43f3-a688-0c32f9b341ab","d31bc4ee-705d-464d-8e6d-67baf5ca3e77","SNYK-DEBIAN10-EXPAT-2403513","2024-10-02T22:39:48.125Z","critical"
"0708d6a5-c79a-4f28-9fde-b7126a5c7252","140ad3e4-018f-43f3-a688-0c32f9b341ab","d31bc4ee-705d-464d-8e6d-67baf5ca3e77","SNYK-DEBIAN10-GNUTLS28-1085097","2024-10-02T22:39:48.125Z","critical"
"0708d6a5-c79a-4f28-9fde-b7126a5c7252","140ad3e4-018f-43f3-a688-0c32f9b341ab","d31bc4ee-705d-464d-8e6d-67baf5ca3e77","SNYK-DEBIAN10-PYTHON37-5851336","2024-10-02T22:39:48.125Z","critical"
"0708d6a5-c79a-4f28-9fde-b7126a5c7252","140ad3e4-018f-43f3-a688-0c32f9b341ab","d31bc4ee-705d-464d-8e6d-67baf5ca3e77","SNYK-DEBIAN10-LIBWEBP-1289586","2024-10-02T22:39:48.125Z","critical"
"0708d6a5-c79a-4f28-9fde-b7126a5c7252","140ad3e4-018f-43f3-a688-0c32f9b341ab","d31bc4ee-705d-464d-8e6d-67baf5ca3e77","SNYK-DEBIAN10-LIBWEBP-1289593","2024-10-02T22:39:48.125Z","critical"
"0708d6a5-c79a-4f28-9fde-b7126a5c7252","140ad3e4-018f-43f3-a688-0c32f9b341ab","d31bc4ee-705d-464d-8e6d-67baf5ca3e77","SNYK-DEBIAN10-ZLIB-6008964","2024-10-02T22:39:48.125Z","critical"
"0708d6a5-c79a-4f28-9fde-b7126a5c7252","140ad3e4-018f-43f3-a688-0c32f9b341ab","d31bc4ee-705d-464d-8e6d-67baf5ca3e77","SNYK-DEBIAN10-EXPAT-2331818","2024-10-02T22:39:48.125Z","critical"
"0708d6a5-c79a-4f28-9fde-b7126a5c7252","140ad3e4-018f-43f3-a688-0c32f9b341ab","d31bc4ee-705d-464d-8e6d-67baf5ca3e77","SNYK-DEBIAN10-LIBWEBP-1289584","2024-10-02T22:39:48.125Z","critical"
"0708d6a5-c79a-4f28-9fde-b7126a5c7252","140ad3e4-018f-43f3-a688-0c32f9b341ab","d31bc4ee-705d-464d-8e6d-67baf5ca3e77","SNYK-DEBIAN10-EXPAT-2331803","2024-10-02T22:39:48.125Z","critical"
"0708d6a5-c79a-4f28-9fde-b7126a5c7252","140ad3e4-018f-43f3-a688-0c32f9b341ab","d31bc4ee-705d-464d-8e6d-67baf5ca3e77","SNYK-DEBIAN10-PCRE2-2808698","2024-10-02T22:39:48.125Z","critical"
"0708d6a5-c79a-4f28-9fde-b7126a5c7252","140ad3e4-018f-43f3-a688-0c32f9b341ab","d31bc4ee-705d-464d-8e6d-67baf5ca3e77","SNYK-DEBIAN10-LIBTASN16-3061094","2024-10-02T22:39:48.125Z","critical"
"0708d6a5-c79a-4f28-9fde-b7126a5c7252","140ad3e4-018f-43f3-a688-0c32f9b341ab","d31bc4ee-705d-464d-8e6d-67baf5ca3e77","SNYK-DEBIAN10-PYTHON27-5853772","2024-10-02T22:39:48.125Z","critical"
"0708d6a5-c79a-4f28-9fde-b7126a5c7252","140ad3e4-018f-43f3-a688-0c32f9b341ab","d31bc4ee-705d-464d-8e6d-67baf5ca3e77","SNYK-DEBIAN10-DB53-2825169","2024-10-02T22:39:48.125Z","critical"
"0708d6a5-c79a-4f28-9fde-b7126a5c7252","140ad3e4-018f-43f3-a688-0c32f9b341ab","d31bc4ee-705d-464d-8e6d-67baf5ca3e77","SNYK-DEBIAN10-ZLIB-2976149","2024-10-02T22:39:48.125Z","critical"
"0708d6a5-c79a-4f28-9fde-b7126a5c7252","140ad3e4-018f-43f3-a688-0c32f9b341ab","d31bc4ee-705d-464d-8e6d-67baf5ca3e77","SNYK-DEBIAN10-OPENSSH-5788320","2024-10-02T22:39:48.125Z","critical"
"0708d6a5-c79a-4f28-9fde-b7126a5c7252","140ad3e4-018f-43f3-a688-0c32f9b341ab","d31bc4ee-705d-464d-8e6d-67baf5ca3e77","SNYK-DEBIAN10-LIBWEBP-1289576","2024-10-02T22:39:48.125Z","critical"
"0708d6a5-c79a-4f28-9fde-b7126a5c7252","140ad3e4-018f-43f3-a688-0c32f9b341ab","d31bc4ee-705d-464d-8e6d-67baf5ca3e77","SNYK-DEBIAN10-LIBWEBP-1289592","2024-10-02T22:39:48.125Z","critical"
"0708d6a5-c79a-4f28-9fde-b7126a5c7252","140ad3e4-018f-43f3-a688-0c32f9b341ab","d31bc4ee-705d-464d-8e6d-67baf5ca3e77","SNYK-DEBIAN10-PCRE2-2808696","2024-10-02T22:39:48.125Z","critical"
"0708d6a5-c79a-4f28-9fde-b7126a5c7252","140ad3e4-018f-43f3-a688-0c32f9b341ab","d31bc4ee-705d-464d-8e6d-67baf5ca3e77","SNYK-DEBIAN10-GIT-3232719","2024-10-02T22:39:48.125Z","critical"
"0708d6a5-c79a-4f28-9fde-b7126a5c7252","140ad3e4-018f-43f3-a688-0c32f9b341ab","d31bc4ee-705d-464d-8e6d-67baf5ca3e77","SNYK-DEBIAN10-LIBWEBP-1289591","2024-10-02T22:39:48.125Z","critical"
"0708d6a5-c79a-4f28-9fde-b7126a5c7252","140ad3e4-018f-43f3-a688-0c32f9b341ab","d31bc4ee-705d-464d-8e6d-67baf5ca3e77","SNYK-DEBIAN10-MARIADB103-1017374","2024-10-02T22:39:48.125Z","critical"
"0708d6a5-c79a-4f28-9fde-b7126a5c7252","140ad3e4-018f-43f3-a688-0c32f9b341ab","d31bc4ee-705d-464d-8e6d-67baf5ca3e77","SNYK-DEBIAN10-OPENSSL-1569403","2024-10-02T22:39:48.125Z","critical"
"0708d6a5-c79a-4f28-9fde-b7126a5c7252","140ad3e4-018f-43f3-a688-0c32f9b341ab","d31bc4ee-705d-464d-8e6d-67baf5ca3e77","SNYK-DEBIAN10-GIT-6846202","2024-10-02T22:39:48.125Z","critical"
"0708d6a5-c79a-4f28-9fde-b7126a5c7252","140ad3e4-018f-43f3-a688-0c32f9b341ab","d31bc4ee-705d-464d-8e6d-67baf5ca3e77","SNYK-DEBIAN10-PYTHON37-1063182","2024-10-02T22:39:48.125Z","critical"
"0708d6a5-c79a-4f28-9fde-b7126a5c7252","140ad3e4-018f-43f3-a688-0c32f9b341ab","d31bc4ee-705d-464d-8e6d-67baf5ca3e77","SNYK-DEBIAN10-LZ4-1277601","2024-10-02T22:39:48.125Z","critical"
"0708d6a5-c79a-4f28-9fde-b7126a5c7252","140ad3e4-018f-43f3-a688-0c32f9b341ab","d31bc4ee-705d-464d-8e6d-67baf5ca3e77","SNYK-DEBIAN10-EXPAT-2406128","2024-10-02T22:39:48.125Z","critical"
"0708d6a5-c79a-4f28-9fde-b7126a5c7252","140ad3e4-018f-43f3-a688-0c32f9b341ab","d31bc4ee-705d-464d-8e6d-67baf5ca3e77","SNYK-DEBIAN10-KRB5-7411319","2024-10-02T22:39:48.125Z","critical"
"0708d6a5-c79a-4f28-9fde-b7126a5c7252","140ad3e4-018f-43f3-a688-0c32f9b341ab","d31bc4ee-705d-464d-8e6d-67baf5ca3e77","SNYK-DEBIAN10-LIBKSBA-3050754","2024-10-02T22:39:48.125Z","critical"
"0708d6a5-c79a-4f28-9fde-b7126a5c7252","140ad3e4-018f-43f3-a688-0c32f9b341ab","d31bc4ee-705d-464d-8e6d-67baf5ca3e77","SNYK-DEBIAN10-GLIBC-1296899","2024-10-02T22:39:48.125Z","critical"
"0708d6a5-c79a-4f28-9fde-b7126a5c7252","140ad3e4-018f-43f3-a688-0c32f9b341ab","d31bc4ee-705d-464d-8e6d-67baf5ca3e77","SNYK-DEBIAN10-LIBKSBA-3179190","2024-10-02T22:39:48.125Z","critical"
"0708d6a5-c79a-4f28-9fde-b7126a5c7252","140ad3e4-018f-43f3-a688-0c32f9b341ab","d31bc4ee-705d-464d-8e6d-67baf5ca3e77","SNYK-DEBIAN10-GLIBC-2340923","2024-10-02T22:39:48.125Z","critical"
"0708d6a5-c79a-4f28-9fde-b7126a5c7252","140ad3e4-018f-43f3-a688-0c32f9b341ab","d31bc4ee-705d-464d-8e6d-67baf5ca3e77","SNYK-DEBIAN10-FREETYPE-2774655","2024-10-02T22:39:48.125Z","critical"
"0708d6a5-c79a-4f28-9fde-b7126a5c7252","140ad3e4-018f-43f3-a688-0c32f9b341ab","d31bc4ee-705d-464d-8e6d-67baf5ca3e77","SNYK-DEBIAN10-LIBWEBP-1290149","2024-10-02T22:39:48.125Z","critical"
"0708d6a5-c79a-4f28-9fde-b7126a5c7252","140ad3e4-018f-43f3-a688-0c32f9b341ab","d31bc4ee-705d-464d-8e6d-67baf5ca3e77","SNYK-DEBIAN10-EXPAT-2403518","2024-10-02T22:39:48.125Z","critical"
"0708d6a5-c79a-4f28-9fde-b7126a5c7252","140ad3e4-018f-43f3-a688-0c32f9b341ab","d31bc4ee-705d-464d-8e6d-67baf5ca3e77","SNYK-DEBIAN10-PYTHON37-3090928","2024-10-02T22:39:48.125Z","critical"
"0708d6a5-c79a-4f28-9fde-b7126a5c7252","140ad3e4-018f-43f3-a688-0c32f9b341ab","d31bc4ee-705d-464d-8e6d-67baf5ca3e77","SNYK-DEBIAN10-EXPAT-2359258","2024-10-02T22:39:48.125Z","critical"
"0708d6a5-c79a-4f28-9fde-b7126a5c7252","140ad3e4-018f-43f3-a688-0c32f9b341ab","d31bc4ee-705d-464d-8e6d-67baf5ca3e77","SNYK-DEBIAN10-SQLITE3-3011634","2024-10-02T22:39:48.125Z","critical"
"0708d6a5-c79a-4f28-9fde-b7126a5c7252","140ad3e4-018f-43f3-a688-0c32f9b341ab","7cd93f12-36d8-4d17-935d-44debd3ddb12","SNYK-JS-VM2-2309905","2024-10-02T22:54:17.885Z","critical"
"0708d6a5-c79a-4f28-9fde-b7126a5c7252","140ad3e4-018f-43f3-a688-0c32f9b341ab","7cd93f12-36d8-4d17-935d-44debd3ddb12","SNYK-JS-VM2-1585918","2024-10-02T22:54:17.885Z","critical"
"0708d6a5-c79a-4f28-9fde-b7126a5c7252","140ad3e4-018f-43f3-a688-0c32f9b341ab","7cd93f12-36d8-4d17-935d-44debd3ddb12","SNYK-JS-SANITIZEHTML-585892","2024-10-02T22:54:17.885Z","critical"
"0708d6a5-c79a-4f28-9fde-b7126a5c7252","140ad3e4-018f-43f3-a688-0c32f9b341ab","7cd93f12-36d8-4d17-935d-44debd3ddb12","SNYK-JS-SOCKETIOPARSER-3091012","2024-10-02T22:54:17.885Z","critical"
"0708d6a5-c79a-4f28-9fde-b7126a5c7252","140ad3e4-018f-43f3-a688-0c32f9b341ab","7cd93f12-36d8-4d17-935d-44debd3ddb12","SNYK-JS-VM2-5426093","2024-10-02T22:54:17.885Z","critical"
"0708d6a5-c79a-4f28-9fde-b7126a5c7252","140ad3e4-018f-43f3-a688-0c32f9b341ab","7cd93f12-36d8-4d17-935d-44debd3ddb12","SNYK-JS-VM2-5772825","2024-10-02T22:54:17.885Z","critical"
"0708d6a5-c79a-4f28-9fde-b7126a5c7252","140ad3e4-018f-43f3-a688-0c32f9b341ab","7cd93f12-36d8-4d17-935d-44debd3ddb12","SNYK-JS-VM2-5422057","2024-10-02T22:54:17.885Z","critical"
"0708d6a5-c79a-4f28-9fde-b7126a5c7252","140ad3e4-018f-43f3-a688-0c32f9b341ab","7cd93f12-36d8-4d17-935d-44debd3ddb12","SNYK-JS-VM2-2990237","2024-10-02T22:54:17.885Z","critical"
"0708d6a5-c79a-4f28-9fde-b7126a5c7252","140ad3e4-018f-43f3-a688-0c32f9b341ab","7cd93f12-36d8-4d17-935d-44debd3ddb12","SNYK-JS-VM2-5772823","2024-10-02T22:54:17.885Z","critical"
"0708d6a5-c79a-4f28-9fde-b7126a5c7252","140ad3e4-018f-43f3-a688-0c32f9b341ab","7cd93f12-36d8-4d17-935d-44debd3ddb12","SNYK-JS-VM2-5415299","2024-10-02T22:54:17.885Z","critical"
"0708d6a5-c79a-4f28-9fde-b7126a5c7252","140ad3e4-018f-43f3-a688-0c32f9b341ab","7cd93f12-36d8-4d17-935d-44debd3ddb12","SNYK-JS-MARSDB-480405","2024-10-02T22:54:17.885Z","critical"
"0708d6a5-c79a-4f28-9fde-b7126a5c7252","140ad3e4-018f-43f3-a688-0c32f9b341ab","7cd93f12-36d8-4d17-935d-44debd3ddb12","SNYK-JS-VM2-3018201","2024-10-02T22:54:17.885Z","critical"
"0708d6a5-c79a-4f28-9fde-b7126a5c7252","140ad3e4-018f-43f3-a688-0c32f9b341ab","7cd93f12-36d8-4d17-935d-44debd3ddb12","SNYK-JS-SEQUELIZE-2932027","2024-10-02T22:54:17.885Z","critical"
"0708d6a5-c79a-4f28-9fde-b7126a5c7252","140ad3e4-018f-43f3-a688-0c32f9b341ab","7cd93f12-36d8-4d17-935d-44debd3ddb12","SNYK-JS-VM2-5537100","2024-10-02T22:54:17.885Z","critical"
"0708d6a5-c79a-4f28-9fde-b7126a5c7252","140ad3e4-018f-43f3-a688-0c32f9b341ab","20809350-59d7-4d65-816e-27a0a604c320","SNYK-DEBIAN10-EXPAT-2403518","2024-10-02T22:54:20.138Z","critical"
"0708d6a5-c79a-4f28-9fde-b7126a5c7252","140ad3e4-018f-43f3-a688-0c32f9b341ab","20809350-59d7-4d65-816e-27a0a604c320","SNYK-DEBIAN10-LIBWEBP-1289561","2024-10-02T22:54:20.138Z","critical"
"0708d6a5-c79a-4f28-9fde-b7126a5c7252","140ad3e4-018f-43f3-a688-0c32f9b341ab","20809350-59d7-4d65-816e-27a0a604c320","SNYK-DEBIAN10-LIBWEBP-1290149","2024-10-02T22:54:20.138Z","critical"
"0708d6a5-c79a-4f28-9fde-b7126a5c7252","140ad3e4-018f-43f3-a688-0c32f9b341ab","20809350-59d7-4d65-816e-27a0a604c320","SNYK-DEBIAN10-PYTHON27-5853772","2024-10-02T22:54:20.138Z","critical"
"0708d6a5-c79a-4f28-9fde-b7126a5c7252","140ad3e4-018f-43f3-a688-0c32f9b341ab","20809350-59d7-4d65-816e-27a0a604c320","SNYK-DEBIAN10-GIT-3232719","2024-10-02T22:54:20.138Z","critical"
"0708d6a5-c79a-4f28-9fde-b7126a5c7252","140ad3e4-018f-43f3-a688-0c32f9b341ab","20809350-59d7-4d65-816e-27a0a604c320","SNYK-DEBIAN10-LIBKSBA-3179190","2024-10-02T22:54:20.138Z","critical"
"0708d6a5-c79a-4f28-9fde-b7126a5c7252","140ad3e4-018f-43f3-a688-0c32f9b341ab","20809350-59d7-4d65-816e-27a0a604c320","SNYK-DEBIAN10-LIBKSBA-3050754","2024-10-02T22:54:20.138Z","critical"
"0708d6a5-c79a-4f28-9fde-b7126a5c7252","140ad3e4-018f-43f3-a688-0c32f9b341ab","20809350-59d7-4d65-816e-27a0a604c320","SNYK-DEBIAN10-PYTHON37-3090928","2024-10-02T22:54:20.138Z","critical"
"0708d6a5-c79a-4f28-9fde-b7126a5c7252","140ad3e4-018f-43f3-a688-0c32f9b341ab","20809350-59d7-4d65-816e-27a0a604c320","SNYK-DEBIAN10-EXPAT-2403513","2024-10-02T22:54:20.138Z","critical"
"0708d6a5-c79a-4f28-9fde-b7126a5c7252","140ad3e4-018f-43f3-a688-0c32f9b341ab","20809350-59d7-4d65-816e-27a0a604c320","SNYK-DEBIAN10-ZLIB-2976149","2024-10-02T22:54:20.138Z","critical"
"0708d6a5-c79a-4f28-9fde-b7126a5c7252","140ad3e4-018f-43f3-a688-0c32f9b341ab","20809350-59d7-4d65-816e-27a0a604c320","SNYK-DEBIAN10-GIT-6846202","2024-10-02T22:54:20.138Z","critical"
"0708d6a5-c79a-4f28-9fde-b7126a5c7252","140ad3e4-018f-43f3-a688-0c32f9b341ab","20809350-59d7-4d65-816e-27a0a604c320","SNYK-DEBIAN10-GLIBC-1296899","2024-10-02T22:54:20.138Z","critical"
"0708d6a5-c79a-4f28-9fde-b7126a5c7252","140ad3e4-018f-43f3-a688-0c32f9b341ab","20809350-59d7-4d65-816e-27a0a604c320","SNYK-DEBIAN10-PCRE2-2808696","2024-10-02T22:54:20.138Z","critical"
"0708d6a5-c79a-4f28-9fde-b7126a5c7252","140ad3e4-018f-43f3-a688-0c32f9b341ab","20809350-59d7-4d65-816e-27a0a604c320","SNYK-DEBIAN10-LIBWEBP-1289584","2024-10-02T22:54:20.138Z","critical"
"0708d6a5-c79a-4f28-9fde-b7126a5c7252","140ad3e4-018f-43f3-a688-0c32f9b341ab","20809350-59d7-4d65-816e-27a0a604c320","SNYK-DEBIAN10-OPENSSL-2933515","2024-10-02T22:54:20.138Z","critical"
"0708d6a5-c79a-4f28-9fde-b7126a5c7252","140ad3e4-018f-43f3-a688-0c32f9b341ab","20809350-59d7-4d65-816e-27a0a604c320","SNYK-DEBIAN10-GIT-3232718","2024-10-02T22:54:20.138Z","critical"
"0708d6a5-c79a-4f28-9fde-b7126a5c7252","140ad3e4-018f-43f3-a688-0c32f9b341ab","20809350-59d7-4d65-816e-27a0a604c320","SNYK-DEBIAN10-OPENSSL-1569403","2024-10-02T22:54:20.138Z","critical"
"0708d6a5-c79a-4f28-9fde-b7126a5c7252","140ad3e4-018f-43f3-a688-0c32f9b341ab","20809350-59d7-4d65-816e-27a0a604c320","SNYK-DEBIAN10-LIBWEBP-1289576","2024-10-02T22:54:20.138Z","critical"
"0708d6a5-c79a-4f28-9fde-b7126a5c7252","140ad3e4-018f-43f3-a688-0c32f9b341ab","20809350-59d7-4d65-816e-27a0a604c320","SNYK-DEBIAN10-GNUTLS28-1085097","2024-10-02T22:54:20.138Z","critical"
"0708d6a5-c79a-4f28-9fde-b7126a5c7252","140ad3e4-018f-43f3-a688-0c32f9b341ab","20809350-59d7-4d65-816e-27a0a604c320","SNYK-DEBIAN10-PYTHON27-1063178","2024-10-02T22:54:20.138Z","critical"
"0708d6a5-c79a-4f28-9fde-b7126a5c7252","140ad3e4-018f-43f3-a688-0c32f9b341ab","20809350-59d7-4d65-816e-27a0a604c320","SNYK-DEBIAN10-LIBX11-1293573","2024-10-02T22:54:20.138Z","critical"
"0708d6a5-c79a-4f28-9fde-b7126a5c7252","140ad3e4-018f-43f3-a688-0c32f9b341ab","20809350-59d7-4d65-816e-27a0a604c320","SNYK-DEBIAN10-LIBEXIF-1037313","2024-10-02T22:54:20.138Z","critical"
"0708d6a5-c79a-4f28-9fde-b7126a5c7252","140ad3e4-018f-43f3-a688-0c32f9b341ab","20809350-59d7-4d65-816e-27a0a604c320","SNYK-DEBIAN10-LIBBSD-541041","2024-10-02T22:54:20.138Z","critical"
"0708d6a5-c79a-4f28-9fde-b7126a5c7252","140ad3e4-018f-43f3-a688-0c32f9b341ab","20809350-59d7-4d65-816e-27a0a604c320","SNYK-DEBIAN10-SQLITE3-3011634","2024-10-02T22:54:20.138Z","critical"
"0708d6a5-c79a-4f28-9fde-b7126a5c7252","140ad3e4-018f-43f3-a688-0c32f9b341ab","20809350-59d7-4d65-816e-27a0a604c320","SNYK-DEBIAN10-MARIADB103-1017374","2024-10-02T22:54:20.138Z","critical"
"0708d6a5-c79a-4f28-9fde-b7126a5c7252","140ad3e4-018f-43f3-a688-0c32f9b341ab","20809350-59d7-4d65-816e-27a0a604c320","SNYK-DEBIAN10-OPENSSH-5788320","2024-10-02T22:54:20.138Z","critical"
"0708d6a5-c79a-4f28-9fde-b7126a5c7252","140ad3e4-018f-43f3-a688-0c32f9b341ab","20809350-59d7-4d65-816e-27a0a604c320","SNYK-DEBIAN10-EXPAT-2406128","2024-10-02T22:54:20.138Z","critical"
"0708d6a5-c79a-4f28-9fde-b7126a5c7252","140ad3e4-018f-43f3-a688-0c32f9b341ab","20809350-59d7-4d65-816e-27a0a604c320","SNYK-DEBIAN10-LIBWEBP-1289592","2024-10-02T22:54:20.138Z","critical"
"0708d6a5-c79a-4f28-9fde-b7126a5c7252","140ad3e4-018f-43f3-a688-0c32f9b341ab","20809350-59d7-4d65-816e-27a0a604c320","SNYK-DEBIAN10-EXPAT-2359258","2024-10-02T22:54:20.138Z","critical"
"0708d6a5-c79a-4f28-9fde-b7126a5c7252","140ad3e4-018f-43f3-a688-0c32f9b341ab","20809350-59d7-4d65-816e-27a0a604c320","SNYK-DEBIAN10-OPENSSL-2807585","2024-10-02T22:54:20.138Z","critical"
"0708d6a5-c79a-4f28-9fde-b7126a5c7252","140ad3e4-018f-43f3-a688-0c32f9b341ab","20809350-59d7-4d65-816e-27a0a604c320","SNYK-DEBIAN10-GLIBC-2340923","2024-10-02T22:54:20.138Z","critical"
"0708d6a5-c79a-4f28-9fde-b7126a5c7252","140ad3e4-018f-43f3-a688-0c32f9b341ab","20809350-59d7-4d65-816e-27a0a604c320","SNYK-DEBIAN10-ZLIB-6008964","2024-10-02T22:54:20.138Z","critical"
"0708d6a5-c79a-4f28-9fde-b7126a5c7252","140ad3e4-018f-43f3-a688-0c32f9b341ab","20809350-59d7-4d65-816e-27a0a604c320","SNYK-DEBIAN10-GLIBC-2340915","2024-10-02T22:54:20.138Z","critical"
"0708d6a5-c79a-4f28-9fde-b7126a5c7252","140ad3e4-018f-43f3-a688-0c32f9b341ab","20809350-59d7-4d65-816e-27a0a604c320","SNYK-DEBIAN10-DPKG-2847944","2024-10-02T22:54:20.138Z","critical"
"0708d6a5-c79a-4f28-9fde-b7126a5c7252","140ad3e4-018f-43f3-a688-0c32f9b341ab","20809350-59d7-4d65-816e-27a0a604c320","SNYK-DEBIAN10-KRB5-7411319","2024-10-02T22:54:20.138Z","critical"
"0708d6a5-c79a-4f28-9fde-b7126a5c7252","140ad3e4-018f-43f3-a688-0c32f9b341ab","20809350-59d7-4d65-816e-27a0a604c320","SNYK-DEBIAN10-FREETYPE-2774655","2024-10-02T22:54:20.138Z","critical"
"0708d6a5-c79a-4f28-9fde-b7126a5c7252","140ad3e4-018f-43f3-a688-0c32f9b341ab","20809350-59d7-4d65-816e-27a0a604c320","SNYK-DEBIAN10-EXPAT-2331818","2024-10-02T22:54:20.138Z","critical"
"0708d6a5-c79a-4f28-9fde-b7126a5c7252","140ad3e4-018f-43f3-a688-0c32f9b341ab","20809350-59d7-4d65-816e-27a0a604c320","SNYK-DEBIAN10-PCRE2-2808698","2024-10-02T22:54:20.138Z","critical"
"0708d6a5-c79a-4f28-9fde-b7126a5c7252","140ad3e4-018f-43f3-a688-0c32f9b341ab","20809350-59d7-4d65-816e-27a0a604c320","SNYK-DEBIAN10-LIBWEBP-1289591","2024-10-02T22:54:20.138Z","critical"
"0708d6a5-c79a-4f28-9fde-b7126a5c7252","140ad3e4-018f-43f3-a688-0c32f9b341ab","20809350-59d7-4d65-816e-27a0a604c320","SNYK-DEBIAN10-EXPAT-2331813","2024-10-02T22:54:20.138Z","critical"
"0708d6a5-c79a-4f28-9fde-b7126a5c7252","140ad3e4-018f-43f3-a688-0c32f9b341ab","20809350-59d7-4d65-816e-27a0a604c320","SNYK-DEBIAN10-PYTHON37-1063182","2024-10-02T22:54:20.138Z","critical"
"0708d6a5-c79a-4f28-9fde-b7126a5c7252","140ad3e4-018f-43f3-a688-0c32f9b341ab","20809350-59d7-4d65-816e-27a0a604c320","SNYK-DEBIAN10-PYTHON37-5851336","2024-10-02T22:54:20.138Z","critical"
"0708d6a5-c79a-4f28-9fde-b7126a5c7252","140ad3e4-018f-43f3-a688-0c32f9b341ab","20809350-59d7-4d65-816e-27a0a604c320","SNYK-DEBIAN10-GLIBC-1315333","2024-10-02T22:54:20.138Z","critical"
"0708d6a5-c79a-4f28-9fde-b7126a5c7252","140ad3e4-018f-43f3-a688-0c32f9b341ab","20809350-59d7-4d65-816e-27a0a604c320","SNYK-DEBIAN10-OPENLDAP-2808412","2024-10-02T22:54:20.138Z","critical"
"0708d6a5-c79a-4f28-9fde-b7126a5c7252","140ad3e4-018f-43f3-a688-0c32f9b341ab","20809350-59d7-4d65-816e-27a0a604c320","SNYK-DEBIAN10-DB53-2825169","2024-10-02T22:54:20.138Z","critical"
"0708d6a5-c79a-4f28-9fde-b7126a5c7252","140ad3e4-018f-43f3-a688-0c32f9b341ab","20809350-59d7-4d65-816e-27a0a604c320","SNYK-DEBIAN10-EXPAT-2331803","2024-10-02T22:54:20.138Z","critical"
"0708d6a5-c79a-4f28-9fde-b7126a5c7252","140ad3e4-018f-43f3-a688-0c32f9b341ab","20809350-59d7-4d65-816e-27a0a604c320","SNYK-DEBIAN10-GNUTLS28-1085094","2024-10-02T22:54:20.138Z","critical"
"0708d6a5-c79a-4f28-9fde-b7126a5c7252","140ad3e4-018f-43f3-a688-0c32f9b341ab","20809350-59d7-4d65-816e-27a0a604c320","SNYK-DEBIAN10-CURL-3065760","2024-10-02T22:54:20.138Z","critical"
"0708d6a5-c79a-4f28-9fde-b7126a5c7252","140ad3e4-018f-43f3-a688-0c32f9b341ab","20809350-59d7-4d65-816e-27a0a604c320","SNYK-DEBIAN10-LZ4-1277601","2024-10-02T22:54:20.138Z","critical"
"0708d6a5-c79a-4f28-9fde-b7126a5c7252","140ad3e4-018f-43f3-a688-0c32f9b341ab","20809350-59d7-4d65-816e-27a0a604c320","SNYK-DEBIAN10-LIBWEBP-1289573","2024-10-02T22:54:20.138Z","critical"
"0708d6a5-c79a-4f28-9fde-b7126a5c7252","140ad3e4-018f-43f3-a688-0c32f9b341ab","20809350-59d7-4d65-816e-27a0a604c320","SNYK-DEBIAN10-LIBWEBP-1289593","2024-10-02T22:54:20.138Z","critical"
"0708d6a5-c79a-4f28-9fde-b7126a5c7252","140ad3e4-018f-43f3-a688-0c32f9b341ab","20809350-59d7-4d65-816e-27a0a604c320","SNYK-DEBIAN10-LIBWEBP-1289553","2024-10-02T22:54:20.138Z","critical"
"0708d6a5-c79a-4f28-9fde-b7126a5c7252","140ad3e4-018f-43f3-a688-0c32f9b341ab","20809350-59d7-4d65-816e-27a0a604c320","SNYK-DEBIAN10-LIBWEBP-1289586","2024-10-02T22:54:20.138Z","critical"
"0708d6a5-c79a-4f28-9fde-b7126a5c7252","140ad3e4-018f-43f3-a688-0c32f9b341ab","20809350-59d7-4d65-816e-27a0a604c320","SNYK-DEBIAN10-LIBTASN16-3061094","2024-10-02T22:54:20.138Z","critical"
"0708d6a5-c79a-4f28-9fde-b7126a5c7252","140ad3e4-018f-43f3-a688-0c32f9b341ab","809edf3d-4854-4d0c-9094-2900a6fc93bc","SNYK-JS-ELLIPTIC-7577916","2024-10-02T22:54:22.188Z","critical"
"0708d6a5-c79a-4f28-9fde-b7126a5c7252","140ad3e4-018f-43f3-a688-0c32f9b341ab","809edf3d-4854-4d0c-9094-2900a6fc93bc","SNYK-JS-ELLIPTIC-7577918","2024-10-02T22:54:22.188Z","critical"
"0708d6a5-c79a-4f28-9fde-b7126a5c7252","140ad3e4-018f-43f3-a688-0c32f9b341ab","809edf3d-4854-4d0c-9094-2900a6fc93bc","SNYK-JS-ELLIPTIC-7577917","2024-10-02T22:54:22.188Z","critical"
"0708d6a5-c79a-4f28-9fde-b7126a5c7252","140ad3e4-018f-43f3-a688-0c32f9b341ab","809edf3d-4854-4d0c-9094-2900a6fc93bc","SNYK-JS-BABELTRAVERSE-5962462","2024-10-02T22:54:22.188Z","critical"
"0708d6a5-c79a-4f28-9fde-b7126a5c7252","140ad3e4-018f-43f3-a688-0c32f9b341ab","809edf3d-4854-4d0c-9094-2900a6fc93bc","SNYK-JS-SOCKETIOPARSER-3091012","2024-10-02T22:54:22.188Z","critical"
"0708d6a5-c79a-4f28-9fde-b7126a5c7252","140ad3e4-018f-43f3-a688-0c32f9b341ab","d04b70dc-c890-41ca-aa2e-4c338c58631e","SNYK-JS-ELLIPTIC-8187303","2024-10-16T06:13:16.794Z","critical"
"0708d6a5-c79a-4f28-9fde-b7126a5c7252","140ad3e4-018f-43f3-a688-0c32f9b341ab","523f1b1c-3a40-4d07-a57e-588912a7ea50","SNYK-JS-MARSDB-480405","2025-01-22T15:43:00.456Z","critical"
"0708d6a5-c79a-4f28-9fde-b7126a5c7252","140ad3e4-018f-43f3-a688-0c32f9b341ab","523f1b1c-3a40-4d07-a57e-588912a7ea50","SNYK-JS-SOCKETIOPARSER-3091012","2025-01-22T15:43:00.456Z","critical"
"0708d6a5-c79a-4f28-9fde-b7126a5c7252","140ad3e4-018f-43f3-a688-0c32f9b341ab","523f1b1c-3a40-4d07-a57e-588912a7ea50","SNYK-JS-VM2-3018201","2025-01-22T15:43:00.456Z","critical"
"0708d6a5-c79a-4f28-9fde-b7126a5c7252","140ad3e4-018f-43f3-a688-0c32f9b341ab","523f1b1c-3a40-4d07-a57e-588912a7ea50","SNYK-JS-VM2-2309905","2025-01-22T15:43:00.456Z","critical"
"0708d6a5-c79a-4f28-9fde-b7126a5c7252","140ad3e4-018f-43f3-a688-0c32f9b341ab","523f1b1c-3a40-4d07-a57e-588912a7ea50","SNYK-JS-VM2-5772825","2025-01-22T15:43:00.456Z","critical"
"0708d6a5-c79a-4f28-9fde-b7126a5c7252","140ad3e4-018f-43f3-a688-0c32f9b341ab","523f1b1c-3a40-4d07-a57e-588912a7ea50","SNYK-JS-VM2-5415299","2025-01-22T15:43:00.456Z","critical"
"0708d6a5-c79a-4f28-9fde-b7126a5c7252","140ad3e4-018f-43f3-a688-0c32f9b341ab","523f1b1c-3a40-4d07-a57e-588912a7ea50","SNYK-JS-VM2-5772823","2025-01-22T15:43:00.456Z","critical"
"0708d6a5-c79a-4f28-9fde-b7126a5c7252","140ad3e4-018f-43f3-a688-0c32f9b341ab","523f1b1c-3a40-4d07-a57e-588912a7ea50","SNYK-JS-VM2-2990237","2025-01-22T15:43:00.456Z","critical"
"0708d6a5-c79a-4f28-9fde-b7126a5c7252","140ad3e4-018f-43f3-a688-0c32f9b341ab","523f1b1c-3a40-4d07-a57e-588912a7ea50","SNYK-JS-VM2-1585918","2025-01-22T15:43:00.456Z","critical"
"0708d6a5-c79a-4f28-9fde-b7126a5c7252","140ad3e4-018f-43f3-a688-0c32f9b341ab","523f1b1c-3a40-4d07-a57e-588912a7ea50","SNYK-JS-VM2-5537100","2025-01-22T15:43:00.456Z","critical"
"0708d6a5-c79a-4f28-9fde-b7126a5c7252","140ad3e4-018f-43f3-a688-0c32f9b341ab","523f1b1c-3a40-4d07-a57e-588912a7ea50","SNYK-JS-VM2-5426093","2025-01-22T15:43:00.456Z","critical"
"0708d6a5-c79a-4f28-9fde-b7126a5c7252","140ad3e4-018f-43f3-a688-0c32f9b341ab","523f1b1c-3a40-4d07-a57e-588912a7ea50","SNYK-JS-VM2-5422057","2025-01-22T15:43:00.456Z","critical"
"0708d6a5-c79a-4f28-9fde-b7126a5c7252","140ad3e4-018f-43f3-a688-0c32f9b341ab","73daab53-c6c1-4331-8a61-08c77d7272a9","SNYK-DEBIAN10-PCRE2-2808698","2025-01-22T15:43:01.937Z","critical"
"0708d6a5-c79a-4f28-9fde-b7126a5c7252","140ad3e4-018f-43f3-a688-0c32f9b341ab","73daab53-c6c1-4331-8a61-08c77d7272a9","SNYK-DEBIAN10-OPENLDAP-2808412","2025-01-22T15:43:01.937Z","critical"
"0708d6a5-c79a-4f28-9fde-b7126a5c7252","140ad3e4-018f-43f3-a688-0c32f9b341ab","73daab53-c6c1-4331-8a61-08c77d7272a9","SNYK-DEBIAN10-LIBWEBP-1289576","2025-01-22T15:43:01.937Z","critical"
"0708d6a5-c79a-4f28-9fde-b7126a5c7252","140ad3e4-018f-43f3-a688-0c32f9b341ab","73daab53-c6c1-4331-8a61-08c77d7272a9","SNYK-DEBIAN10-OPENSSH-5788320","2025-01-22T15:43:01.937Z","critical"
"0708d6a5-c79a-4f28-9fde-b7126a5c7252","140ad3e4-018f-43f3-a688-0c32f9b341ab","73daab53-c6c1-4331-8a61-08c77d7272a9","SNYK-DEBIAN10-PYTHON27-1063178","2025-01-22T15:43:01.937Z","critical"
"0708d6a5-c79a-4f28-9fde-b7126a5c7252","140ad3e4-018f-43f3-a688-0c32f9b341ab","73daab53-c6c1-4331-8a61-08c77d7272a9","SNYK-DEBIAN10-PYTHON37-1063182","2025-01-22T15:43:01.937Z","critical"
"0708d6a5-c79a-4f28-9fde-b7126a5c7252","140ad3e4-018f-43f3-a688-0c32f9b341ab","73daab53-c6c1-4331-8a61-08c77d7272a9","SNYK-DEBIAN10-LIBBSD-541041","2025-01-22T15:43:01.937Z","critical"
"0708d6a5-c79a-4f28-9fde-b7126a5c7252","140ad3e4-018f-43f3-a688-0c32f9b341ab","73daab53-c6c1-4331-8a61-08c77d7272a9","SNYK-DEBIAN10-PYTHON37-5851336","2025-01-22T15:43:01.937Z","critical"
"0708d6a5-c79a-4f28-9fde-b7126a5c7252","140ad3e4-018f-43f3-a688-0c32f9b341ab","73daab53-c6c1-4331-8a61-08c77d7272a9","SNYK-DEBIAN10-LIBWEBP-1289573","2025-01-22T15:43:01.937Z","critical"
"0708d6a5-c79a-4f28-9fde-b7126a5c7252","140ad3e4-018f-43f3-a688-0c32f9b341ab","73daab53-c6c1-4331-8a61-08c77d7272a9","SNYK-DEBIAN10-GIT-3232719","2025-01-22T15:43:01.937Z","critical"
"0708d6a5-c79a-4f28-9fde-b7126a5c7252","140ad3e4-018f-43f3-a688-0c32f9b341ab","73daab53-c6c1-4331-8a61-08c77d7272a9","SNYK-DEBIAN10-GNUTLS28-1085097","2025-01-22T15:43:01.937Z","critical"
"0708d6a5-c79a-4f28-9fde-b7126a5c7252","140ad3e4-018f-43f3-a688-0c32f9b341ab","73daab53-c6c1-4331-8a61-08c77d7272a9","SNYK-DEBIAN10-LIBWEBP-1289592","2025-01-22T15:43:01.937Z","critical"
"0708d6a5-c79a-4f28-9fde-b7126a5c7252","140ad3e4-018f-43f3-a688-0c32f9b341ab","73daab53-c6c1-4331-8a61-08c77d7272a9","SNYK-DEBIAN10-GLIBC-1315333","2025-01-22T15:43:01.937Z","critical"
"0708d6a5-c79a-4f28-9fde-b7126a5c7252","140ad3e4-018f-43f3-a688-0c32f9b341ab","73daab53-c6c1-4331-8a61-08c77d7272a9","SNYK-DEBIAN10-LIBWEBP-1289586","2025-01-22T15:43:01.937Z","critical"
"0708d6a5-c79a-4f28-9fde-b7126a5c7252","140ad3e4-018f-43f3-a688-0c32f9b341ab","73daab53-c6c1-4331-8a61-08c77d7272a9","SNYK-DEBIAN10-ZLIB-6008964","2025-01-22T15:43:01.937Z","critical"
"0708d6a5-c79a-4f28-9fde-b7126a5c7252","140ad3e4-018f-43f3-a688-0c32f9b341ab","73daab53-c6c1-4331-8a61-08c77d7272a9","SNYK-DEBIAN10-GLIBC-1296899","2025-01-22T15:43:01.937Z","critical"
"0708d6a5-c79a-4f28-9fde-b7126a5c7252","140ad3e4-018f-43f3-a688-0c32f9b341ab","73daab53-c6c1-4331-8a61-08c77d7272a9","SNYK-DEBIAN10-PYTHON37-3090928","2025-01-22T15:43:01.937Z","critical"
"0708d6a5-c79a-4f28-9fde-b7126a5c7252","140ad3e4-018f-43f3-a688-0c32f9b341ab","73daab53-c6c1-4331-8a61-08c77d7272a9","SNYK-DEBIAN10-EXPAT-2331818","2025-01-22T15:43:01.937Z","critical"
"0708d6a5-c79a-4f28-9fde-b7126a5c7252","140ad3e4-018f-43f3-a688-0c32f9b341ab","73daab53-c6c1-4331-8a61-08c77d7272a9","SNYK-DEBIAN10-LIBKSBA-3050754","2025-01-22T15:43:01.937Z","critical"
"0708d6a5-c79a-4f28-9fde-b7126a5c7252","140ad3e4-018f-43f3-a688-0c32f9b341ab","73daab53-c6c1-4331-8a61-08c77d7272a9","SNYK-DEBIAN10-GIT-6846202","2025-01-22T15:43:01.937Z","critical"
"0708d6a5-c79a-4f28-9fde-b7126a5c7252","140ad3e4-018f-43f3-a688-0c32f9b341ab","73daab53-c6c1-4331-8a61-08c77d7272a9","SNYK-DEBIAN10-LIBWEBP-1290149","2025-01-22T15:43:01.937Z","critical"
"0708d6a5-c79a-4f28-9fde-b7126a5c7252","140ad3e4-018f-43f3-a688-0c32f9b341ab","73daab53-c6c1-4331-8a61-08c77d7272a9","SNYK-DEBIAN10-CURL-3065760","2025-01-22T15:43:01.937Z","critical"
"0708d6a5-c79a-4f28-9fde-b7126a5c7252","140ad3e4-018f-43f3-a688-0c32f9b341ab","73daab53-c6c1-4331-8a61-08c77d7272a9","SNYK-DEBIAN10-EXPAT-2406128","2025-01-22T15:43:01.937Z","critical"
"0708d6a5-c79a-4f28-9fde-b7126a5c7252","140ad3e4-018f-43f3-a688-0c32f9b341ab","73daab53-c6c1-4331-8a61-08c77d7272a9","SNYK-DEBIAN10-GLIBC-2340923","2025-01-22T15:43:01.937Z","critical"
"0708d6a5-c79a-4f28-9fde-b7126a5c7252","140ad3e4-018f-43f3-a688-0c32f9b341ab","73daab53-c6c1-4331-8a61-08c77d7272a9","SNYK-DEBIAN10-MARIADB103-1017374","2025-01-22T15:43:01.937Z","critical"
"0708d6a5-c79a-4f28-9fde-b7126a5c7252","140ad3e4-018f-43f3-a688-0c32f9b341ab","73daab53-c6c1-4331-8a61-08c77d7272a9","SNYK-DEBIAN10-FREETYPE-2774655","2025-01-22T15:43:01.937Z","critical"
"0708d6a5-c79a-4f28-9fde-b7126a5c7252","140ad3e4-018f-43f3-a688-0c32f9b341ab","73daab53-c6c1-4331-8a61-08c77d7272a9","SNYK-DEBIAN10-LIBKSBA-3179190","2025-01-22T15:43:01.937Z","critical"
"0708d6a5-c79a-4f28-9fde-b7126a5c7252","140ad3e4-018f-43f3-a688-0c32f9b341ab","73daab53-c6c1-4331-8a61-08c77d7272a9","SNYK-DEBIAN10-LIBWEBP-1289553","2025-01-22T15:43:01.937Z","critical"
"0708d6a5-c79a-4f28-9fde-b7126a5c7252","140ad3e4-018f-43f3-a688-0c32f9b341ab","73daab53-c6c1-4331-8a61-08c77d7272a9","SNYK-DEBIAN10-OPENSSL-1569403","2025-01-22T15:43:01.937Z","critical"
"0708d6a5-c79a-4f28-9fde-b7126a5c7252","140ad3e4-018f-43f3-a688-0c32f9b341ab","73daab53-c6c1-4331-8a61-08c77d7272a9","SNYK-DEBIAN10-GLIBC-2340915","2025-01-22T15:43:01.937Z","critical"
"0708d6a5-c79a-4f28-9fde-b7126a5c7252","140ad3e4-018f-43f3-a688-0c32f9b341ab","73daab53-c6c1-4331-8a61-08c77d7272a9","SNYK-DEBIAN10-EXPAT-2403513","2025-01-22T15:43:01.937Z","critical"
"0708d6a5-c79a-4f28-9fde-b7126a5c7252","140ad3e4-018f-43f3-a688-0c32f9b341ab","73daab53-c6c1-4331-8a61-08c77d7272a9","SNYK-DEBIAN10-FREETYPE-1019582","2025-01-22T15:43:01.937Z","critical"
"0708d6a5-c79a-4f28-9fde-b7126a5c7252","140ad3e4-018f-43f3-a688-0c32f9b341ab","73daab53-c6c1-4331-8a61-08c77d7272a9","SNYK-DEBIAN10-DB53-2825169","2025-01-22T15:43:01.937Z","critical"
"0708d6a5-c79a-4f28-9fde-b7126a5c7252","140ad3e4-018f-43f3-a688-0c32f9b341ab","73daab53-c6c1-4331-8a61-08c77d7272a9","SNYK-DEBIAN10-KRB5-7411319","2025-01-22T15:43:01.937Z","critical"
"0708d6a5-c79a-4f28-9fde-b7126a5c7252","140ad3e4-018f-43f3-a688-0c32f9b341ab","73daab53-c6c1-4331-8a61-08c77d7272a9","SNYK-DEBIAN10-EXPAT-2331803","2025-01-22T15:43:01.937Z","critical"
"0708d6a5-c79a-4f28-9fde-b7126a5c7252","140ad3e4-018f-43f3-a688-0c32f9b341ab","73daab53-c6c1-4331-8a61-08c77d7272a9","SNYK-DEBIAN10-LIBWEBP-1289593","2025-01-22T15:43:01.937Z","critical"
"0708d6a5-c79a-4f28-9fde-b7126a5c7252","140ad3e4-018f-43f3-a688-0c32f9b341ab","73daab53-c6c1-4331-8a61-08c77d7272a9","SNYK-DEBIAN10-DPKG-2847944","2025-01-22T15:43:01.937Z","critical"
"0708d6a5-c79a-4f28-9fde-b7126a5c7252","140ad3e4-018f-43f3-a688-0c32f9b341ab","73daab53-c6c1-4331-8a61-08c77d7272a9","SNYK-DEBIAN10-EXPAT-2331813","2025-01-22T15:43:01.937Z","critical"
"0708d6a5-c79a-4f28-9fde-b7126a5c7252","140ad3e4-018f-43f3-a688-0c32f9b341ab","73daab53-c6c1-4331-8a61-08c77d7272a9","SNYK-DEBIAN10-LIBWEBP-1289591","2025-01-22T15:43:01.937Z","critical"
"0708d6a5-c79a-4f28-9fde-b7126a5c7252","140ad3e4-018f-43f3-a688-0c32f9b341ab","73daab53-c6c1-4331-8a61-08c77d7272a9","SNYK-DEBIAN10-LIBX11-1293573","2025-01-22T15:43:01.937Z","critical"
"0708d6a5-c79a-4f28-9fde-b7126a5c7252","140ad3e4-018f-43f3-a688-0c32f9b341ab","73daab53-c6c1-4331-8a61-08c77d7272a9","SNYK-DEBIAN10-ZLIB-2976149","2025-01-22T15:43:01.937Z","critical"
"0708d6a5-c79a-4f28-9fde-b7126a5c7252","140ad3e4-018f-43f3-a688-0c32f9b341ab","73daab53-c6c1-4331-8a61-08c77d7272a9","SNYK-DEBIAN10-LZ4-1277601","2025-01-22T15:43:01.937Z","critical"
"0708d6a5-c79a-4f28-9fde-b7126a5c7252","140ad3e4-018f-43f3-a688-0c32f9b341ab","73daab53-c6c1-4331-8a61-08c77d7272a9","SNYK-DEBIAN10-GNUTLS28-1085094","2025-01-22T15:43:01.937Z","critical"
"0708d6a5-c79a-4f28-9fde-b7126a5c7252","140ad3e4-018f-43f3-a688-0c32f9b341ab","73daab53-c6c1-4331-8a61-08c77d7272a9","SNYK-DEBIAN10-LIBWEBP-1289584","2025-01-22T15:43:01.937Z","critical"
"0708d6a5-c79a-4f28-9fde-b7126a5c7252","140ad3e4-018f-43f3-a688-0c32f9b341ab","73daab53-c6c1-4331-8a61-08c77d7272a9","SNYK-DEBIAN10-EXPAT-2403518","2025-01-22T15:43:01.937Z","critical"
"0708d6a5-c79a-4f28-9fde-b7126a5c7252","140ad3e4-018f-43f3-a688-0c32f9b341ab","73daab53-c6c1-4331-8a61-08c77d7272a9","SNYK-DEBIAN10-PYTHON27-5853772","2025-01-22T15:43:01.937Z","critical"
"0708d6a5-c79a-4f28-9fde-b7126a5c7252","140ad3e4-018f-43f3-a688-0c32f9b341ab","73daab53-c6c1-4331-8a61-08c77d7272a9","SNYK-DEBIAN10-LIBTASN16-3061094","2025-01-22T15:43:01.937Z","critical"
"0708d6a5-c79a-4f28-9fde-b7126a5c7252","140ad3e4-018f-43f3-a688-0c32f9b341ab","73daab53-c6c1-4331-8a61-08c77d7272a9","SNYK-DEBIAN10-SQLITE3-3011634","2025-01-22T15:43:01.937Z","critical"
"0708d6a5-c79a-4f28-9fde-b7126a5c7252","140ad3e4-018f-43f3-a688-0c32f9b341ab","73daab53-c6c1-4331-8a61-08c77d7272a9","SNYK-DEBIAN10-LIBEXIF-1037313","2025-01-22T15:43:01.937Z","critical"
"0708d6a5-c79a-4f28-9fde-b7126a5c7252","140ad3e4-018f-43f3-a688-0c32f9b341ab","73daab53-c6c1-4331-8a61-08c77d7272a9","SNYK-DEBIAN10-LIBWEBP-1289561","2025-01-22T15:43:01.937Z","critical"
"0708d6a5-c79a-4f28-9fde-b7126a5c7252","140ad3e4-018f-43f3-a688-0c32f9b341ab","73daab53-c6c1-4331-8a61-08c77d7272a9","SNYK-DEBIAN10-PCRE2-2808696","2025-01-22T15:43:01.937Z","critical"
"0708d6a5-c79a-4f28-9fde-b7126a5c7252","140ad3e4-018f-43f3-a688-0c32f9b341ab","73daab53-c6c1-4331-8a61-08c77d7272a9","SNYK-DEBIAN10-EXPAT-2359258","2025-01-22T15:43:01.937Z","critical"
"0708d6a5-c79a-4f28-9fde-b7126a5c7252","140ad3e4-018f-43f3-a688-0c32f9b341ab","73daab53-c6c1-4331-8a61-08c77d7272a9","SNYK-DEBIAN10-GIT-3232718","2025-01-22T15:43:01.937Z","critical"
"0708d6a5-c79a-4f28-9fde-b7126a5c7252","140ad3e4-018f-43f3-a688-0c32f9b341ab","ba9f53bc-5549-403d-b18b-71f2547640c9","SNYK-JS-SOCKETIOPARSER-3091012","2025-01-22T15:43:03.464Z","critical"
"0708d6a5-c79a-4f28-9fde-b7126a5c7252","140ad3e4-018f-43f3-a688-0c32f9b341ab","ba9f53bc-5549-403d-b18b-71f2547640c9","SNYK-JS-BABELTRAVERSE-5962462","2025-01-22T15:43:03.464Z","critical"
"0708d6a5-c79a-4f28-9fde-b7126a5c7252","140ad3e4-018f-43f3-a688-0c32f9b341ab","ba9f53bc-5549-403d-b18b-71f2547640c9","SNYK-JS-ELLIPTIC-7577918","2025-01-22T15:43:03.464Z","critical"
"0708d6a5-c79a-4f28-9fde-b7126a5c7252","140ad3e4-018f-43f3-a688-0c32f9b341ab","ba9f53bc-5549-403d-b18b-71f2547640c9","SNYK-JS-ELLIPTIC-7577916","2025-01-22T15:43:03.464Z","critical"
"0708d6a5-c79a-4f28-9fde-b7126a5c7252","140ad3e4-018f-43f3-a688-0c32f9b341ab","ba9f53bc-5549-403d-b18b-71f2547640c9","SNYK-JS-ELLIPTIC-7577917","2025-01-22T15:43:03.464Z","critical"
"0708d6a5-c79a-4f28-9fde-b7126a5c7252","140ad3e4-018f-43f3-a688-0c32f9b341ab","523f1b1c-3a40-4d07-a57e-588912a7ea50","SNYK-JS-SEQUELIZE-2932027","2025-01-24T06:33:48.465Z","critical"
"0708d6a5-c79a-4f28-9fde-b7126a5c7252","140ad3e4-018f-43f3-a688-0c32f9b341ab","d04b70dc-c890-41ca-aa2e-4c338c58631e","SNYK-JS-ELLIPTIC-8720086","2025-02-14T06:34:08.366Z","critical"
"0708d6a5-c79a-4f28-9fde-b7126a5c7252","140ad3e4-018f-43f3-a688-0c32f9b341ab","fc795e0b-e6c6-46a6-9927-db9a7bb372cb","SNYK-DEBIAN11-ZLIB-6008961","2025-02-19T22:25:07.835Z","critical"
"0708d6a5-c79a-4f28-9fde-b7126a5c7252","140ad3e4-018f-43f3-a688-0c32f9b341ab","fc795e0b-e6c6-46a6-9927-db9a7bb372cb","SNYK-DEBIAN11-GIT-3232722","2025-02-19T22:25:07.835Z","critical"
"0708d6a5-c79a-4f28-9fde-b7126a5c7252","140ad3e4-018f-43f3-a688-0c32f9b341ab","fc795e0b-e6c6-46a6-9927-db9a7bb372cb","SNYK-DEBIAN11-AOM-1290331","2025-02-19T22:25:07.835Z","critical"
"0708d6a5-c79a-4f28-9fde-b7126a5c7252","140ad3e4-018f-43f3-a688-0c32f9b341ab","fc795e0b-e6c6-46a6-9927-db9a7bb372cb","SNYK-DEBIAN11-AOM-1298721","2025-02-19T22:25:07.835Z","critical"
"0708d6a5-c79a-4f28-9fde-b7126a5c7252","140ad3e4-018f-43f3-a688-0c32f9b341ab","fc795e0b-e6c6-46a6-9927-db9a7bb372cb","SNYK-DEBIAN11-LIBXML2-8732585","2025-02-19T22:25:07.835Z","critical"
"0708d6a5-c79a-4f28-9fde-b7126a5c7252","140ad3e4-018f-43f3-a688-0c32f9b341ab","fc795e0b-e6c6-46a6-9927-db9a7bb372cb","SNYK-DEBIAN11-CURL-3065656","2025-02-19T22:25:07.835Z","critical"
"0708d6a5-c79a-4f28-9fde-b7126a5c7252","140ad3e4-018f-43f3-a688-0c32f9b341ab","fc795e0b-e6c6-46a6-9927-db9a7bb372cb","SNYK-DEBIAN11-AOM-1300249","2025-02-19T22:25:07.835Z","critical"
"0708d6a5-c79a-4f28-9fde-b7126a5c7252","140ad3e4-018f-43f3-a688-0c32f9b341ab","fc795e0b-e6c6-46a6-9927-db9a7bb372cb","SNYK-DEBIAN11-PYTHON39-3090932","2025-02-19T22:25:07.835Z","critical"
"0708d6a5-c79a-4f28-9fde-b7126a5c7252","140ad3e4-018f-43f3-a688-0c32f9b341ab","fc795e0b-e6c6-46a6-9927-db9a7bb372cb","SNYK-DEBIAN11-PYTHON39-1290158","2025-02-19T22:25:07.835Z","critical"
"0708d6a5-c79a-4f28-9fde-b7126a5c7252","140ad3e4-018f-43f3-a688-0c32f9b341ab","fc795e0b-e6c6-46a6-9927-db9a7bb372cb","SNYK-DEBIAN11-LIBDE265-2445047","2025-02-19T22:25:07.835Z","critical"
"0708d6a5-c79a-4f28-9fde-b7126a5c7252","140ad3e4-018f-43f3-a688-0c32f9b341ab","fc795e0b-e6c6-46a6-9927-db9a7bb372cb","SNYK-DEBIAN11-CURL-3320493","2025-02-19T22:25:07.835Z","critical"
"0708d6a5-c79a-4f28-9fde-b7126a5c7252","140ad3e4-018f-43f3-a688-0c32f9b341ab","fc795e0b-e6c6-46a6-9927-db9a7bb372cb","SNYK-DEBIAN11-GIT-3232724","2025-02-19T22:25:07.835Z","critical"
"0708d6a5-c79a-4f28-9fde-b7126a5c7252","140ad3e4-018f-43f3-a688-0c32f9b341ab","fc795e0b-e6c6-46a6-9927-db9a7bb372cb","SNYK-DEBIAN11-AOM-7197980","2025-02-19T22:25:07.835Z","critical"
"0708d6a5-c79a-4f28-9fde-b7126a5c7252","140ad3e4-018f-43f3-a688-0c32f9b341ab","fc795e0b-e6c6-46a6-9927-db9a7bb372cb","SNYK-DEBIAN11-DB53-2825168","2025-02-19T22:25:07.835Z","critical"
"0708d6a5-c79a-4f28-9fde-b7126a5c7252","140ad3e4-018f-43f3-a688-0c32f9b341ab","fc795e0b-e6c6-46a6-9927-db9a7bb372cb","SNYK-DEBIAN11-OPENSSH-5788321","2025-02-19T22:25:07.835Z","critical"
"0708d6a5-c79a-4f28-9fde-b7126a5c7252","140ad3e4-018f-43f3-a688-0c32f9b341ab","fc795e0b-e6c6-46a6-9927-db9a7bb372cb","SNYK-DEBIAN11-EXPAT-7855505","2025-02-19T22:25:07.835Z","critical"
"0708d6a5-c79a-4f28-9fde-b7126a5c7252","140ad3e4-018f-43f3-a688-0c32f9b341ab","fc795e0b-e6c6-46a6-9927-db9a7bb372cb","SNYK-DEBIAN11-APR-3261105","2025-02-19T22:25:07.835Z","critical"
"0708d6a5-c79a-4f28-9fde-b7126a5c7252","140ad3e4-018f-43f3-a688-0c32f9b341ab","fc795e0b-e6c6-46a6-9927-db9a7bb372cb","SNYK-DEBIAN11-WGET-7266539","2025-02-19T22:25:07.835Z","critical"
"0708d6a5-c79a-4f28-9fde-b7126a5c7252","140ad3e4-018f-43f3-a688-0c32f9b341ab","fc795e0b-e6c6-46a6-9927-db9a7bb372cb","SNYK-DEBIAN11-GIT-6846200","2025-02-19T22:25:07.835Z","critical"
"0708d6a5-c79a-4f28-9fde-b7126a5c7252","140ad3e4-018f-43f3-a688-0c32f9b341ab","fc795e0b-e6c6-46a6-9927-db9a7bb372cb","SNYK-DEBIAN11-KRB5-7411316","2025-02-19T22:25:07.835Z","critical"
"0708d6a5-c79a-4f28-9fde-b7126a5c7252","140ad3e4-018f-43f3-a688-0c32f9b341ab","fc795e0b-e6c6-46a6-9927-db9a7bb372cb","SNYK-DEBIAN11-EXPAT-7855504","2025-02-19T22:25:07.835Z","critical"
"0708d6a5-c79a-4f28-9fde-b7126a5c7252","140ad3e4-018f-43f3-a688-0c32f9b341ab","fc795e0b-e6c6-46a6-9927-db9a7bb372cb","SNYK-DEBIAN11-CURL-5955037","2025-02-19T22:25:07.835Z","critical"
"0708d6a5-c79a-4f28-9fde-b7126a5c7252","140ad3e4-018f-43f3-a688-0c32f9b341ab","51d5db80-2c70-4306-8ae4-e47f6c0d807b","SNYK-JS-HANDLEBARS-534988","2025-02-19T22:25:07.964Z","critical"
"0708d6a5-c79a-4f28-9fde-b7126a5c7252","140ad3e4-018f-43f3-a688-0c32f9b341ab","51d5db80-2c70-4306-8ae4-e47f6c0d807b","SNYK-JS-BABELTRAVERSE-5962463","2025-02-19T22:25:07.964Z","critical"
"0708d6a5-c79a-4f28-9fde-b7126a5c7252","140ad3e4-018f-43f3-a688-0c32f9b341ab","51d5db80-2c70-4306-8ae4-e47f6c0d807b","npm:adm-zip:20180415","2025-02-19T22:25:07.964Z","critical"
"0708d6a5-c79a-4f28-9fde-b7126a5c7252","140ad3e4-018f-43f3-a688-0c32f9b341ab","444afc23-d3fc-4a19-98ca-e7b842c7e9e4","SNYK-DEBIAN11-LIBXML2-8732585","2025-02-19T23:41:35.242Z","critical"
"0708d6a5-c79a-4f28-9fde-b7126a5c7252","140ad3e4-018f-43f3-a688-0c32f9b341ab","444afc23-d3fc-4a19-98ca-e7b842c7e9e4","SNYK-DEBIAN11-GIT-3232724","2025-02-19T23:41:35.242Z","critical"
"0708d6a5-c79a-4f28-9fde-b7126a5c7252","140ad3e4-018f-43f3-a688-0c32f9b341ab","444afc23-d3fc-4a19-98ca-e7b842c7e9e4","SNYK-DEBIAN11-AOM-1300249","2025-02-19T23:41:35.242Z","critical"
"0708d6a5-c79a-4f28-9fde-b7126a5c7252","140ad3e4-018f-43f3-a688-0c32f9b341ab","444afc23-d3fc-4a19-98ca-e7b842c7e9e4","SNYK-DEBIAN11-PYTHON39-3090932","2025-02-19T23:41:35.242Z","critical"
"0708d6a5-c79a-4f28-9fde-b7126a5c7252","140ad3e4-018f-43f3-a688-0c32f9b341ab","444afc23-d3fc-4a19-98ca-e7b842c7e9e4","SNYK-DEBIAN11-ZLIB-6008961","2025-02-19T23:41:35.242Z","critical"
"0708d6a5-c79a-4f28-9fde-b7126a5c7252","140ad3e4-018f-43f3-a688-0c32f9b341ab","444afc23-d3fc-4a19-98ca-e7b842c7e9e4","SNYK-DEBIAN11-EXPAT-7855505","2025-02-19T23:41:35.242Z","critical"
"0708d6a5-c79a-4f28-9fde-b7126a5c7252","140ad3e4-018f-43f3-a688-0c32f9b341ab","444afc23-d3fc-4a19-98ca-e7b842c7e9e4","SNYK-DEBIAN11-AOM-1298721","2025-02-19T23:41:35.242Z","critical"
"0708d6a5-c79a-4f28-9fde-b7126a5c7252","140ad3e4-018f-43f3-a688-0c32f9b341ab","444afc23-d3fc-4a19-98ca-e7b842c7e9e4","SNYK-DEBIAN11-GIT-3232722","2025-02-19T23:41:35.242Z","critical"
"0708d6a5-c79a-4f28-9fde-b7126a5c7252","140ad3e4-018f-43f3-a688-0c32f9b341ab","444afc23-d3fc-4a19-98ca-e7b842c7e9e4","SNYK-DEBIAN11-KRB5-7411316","2025-02-19T23:41:35.242Z","critical"
"0708d6a5-c79a-4f28-9fde-b7126a5c7252","140ad3e4-018f-43f3-a688-0c32f9b341ab","444afc23-d3fc-4a19-98ca-e7b842c7e9e4","SNYK-DEBIAN11-DB53-2825168","2025-02-19T23:41:35.242Z","critical"
"0708d6a5-c79a-4f28-9fde-b7126a5c7252","140ad3e4-018f-43f3-a688-0c32f9b341ab","444afc23-d3fc-4a19-98ca-e7b842c7e9e4","SNYK-DEBIAN11-PYTHON39-1290158","2025-02-19T23:41:35.242Z","critical"
"0708d6a5-c79a-4f28-9fde-b7126a5c7252","140ad3e4-018f-43f3-a688-0c32f9b341ab","444afc23-d3fc-4a19-98ca-e7b842c7e9e4","SNYK-DEBIAN11-CURL-3065656","2025-02-19T23:41:35.242Z","critical"
"0708d6a5-c79a-4f28-9fde-b7126a5c7252","140ad3e4-018f-43f3-a688-0c32f9b341ab","444afc23-d3fc-4a19-98ca-e7b842c7e9e4","SNYK-DEBIAN11-CURL-3320493","2025-02-19T23:41:35.242Z","critical"
"0708d6a5-c79a-4f28-9fde-b7126a5c7252","140ad3e4-018f-43f3-a688-0c32f9b341ab","444afc23-d3fc-4a19-98ca-e7b842c7e9e4","SNYK-DEBIAN11-AOM-1290331","2025-02-19T23:41:35.242Z","critical"
"0708d6a5-c79a-4f28-9fde-b7126a5c7252","140ad3e4-018f-43f3-a688-0c32f9b341ab","444afc23-d3fc-4a19-98ca-e7b842c7e9e4","SNYK-DEBIAN11-APR-3261105","2025-02-19T23:41:35.242Z","critical"
"0708d6a5-c79a-4f28-9fde-b7126a5c7252","140ad3e4-018f-43f3-a688-0c32f9b341ab","444afc23-d3fc-4a19-98ca-e7b842c7e9e4","SNYK-DEBIAN11-WGET-7266539","2025-02-19T23:41:35.242Z","critical"
"0708d6a5-c79a-4f28-9fde-b7126a5c7252","140ad3e4-018f-43f3-a688-0c32f9b341ab","444afc23-d3fc-4a19-98ca-e7b842c7e9e4","SNYK-DEBIAN11-EXPAT-7855504","2025-02-19T23:41:35.242Z","critical"
"0708d6a5-c79a-4f28-9fde-b7126a5c7252","140ad3e4-018f-43f3-a688-0c32f9b341ab","444afc23-d3fc-4a19-98ca-e7b842c7e9e4","SNYK-DEBIAN11-CURL-5955037","2025-02-19T23:41:35.242Z","critical"
"0708d6a5-c79a-4f28-9fde-b7126a5c7252","140ad3e4-018f-43f3-a688-0c32f9b341ab","444afc23-d3fc-4a19-98ca-e7b842c7e9e4","SNYK-DEBIAN11-AOM-7197980","2025-02-19T23:41:35.242Z","critical"
"0708d6a5-c79a-4f28-9fde-b7126a5c7252","140ad3e4-018f-43f3-a688-0c32f9b341ab","444afc23-d3fc-4a19-98ca-e7b842c7e9e4","SNYK-DEBIAN11-OPENSSH-5788321","2025-02-19T23:41:35.242Z","critical"
"0708d6a5-c79a-4f28-9fde-b7126a5c7252","140ad3e4-018f-43f3-a688-0c32f9b341ab","444afc23-d3fc-4a19-98ca-e7b842c7e9e4","SNYK-DEBIAN11-LIBDE265-2445047","2025-02-19T23:41:35.242Z","critical"
"0708d6a5-c79a-4f28-9fde-b7126a5c7252","140ad3e4-018f-43f3-a688-0c32f9b341ab","444afc23-d3fc-4a19-98ca-e7b842c7e9e4","SNYK-DEBIAN11-GIT-6846200","2025-02-19T23:41:35.242Z","critical"
"0708d6a5-c79a-4f28-9fde-b7126a5c7252","140ad3e4-018f-43f3-a688-0c32f9b341ab","e3d18293-e29c-497e-bf2f-e08096427a7b","SNYK-JS-HANDLEBARS-534988","2025-02-19T23:41:51.332Z","critical"
"0708d6a5-c79a-4f28-9fde-b7126a5c7252","140ad3e4-018f-43f3-a688-0c32f9b341ab","e3d18293-e29c-497e-bf2f-e08096427a7b","SNYK-JS-BABELTRAVERSE-5962463","2025-02-19T23:41:51.332Z","critical"
"0708d6a5-c79a-4f28-9fde-b7126a5c7252","140ad3e4-018f-43f3-a688-0c32f9b341ab","e3d18293-e29c-497e-bf2f-e08096427a7b","npm:adm-zip:20180415","2025-02-19T23:41:51.332Z","critical"
"0708d6a5-c79a-4f28-9fde-b7126a5c7252","140ad3e4-018f-43f3-a688-0c32f9b341ab","133a60b1-9ab9-4403-ab25-5d4338d5b1ad","SNYK-DEBIAN11-CURL-3320493","2025-05-01T19:07:03.916Z","critical"
"0708d6a5-c79a-4f28-9fde-b7126a5c7252","140ad3e4-018f-43f3-a688-0c32f9b341ab","133a60b1-9ab9-4403-ab25-5d4338d5b1ad","SNYK-DEBIAN11-PYTHON39-1290158","2025-05-01T19:07:03.916Z","critical"
"0708d6a5-c79a-4f28-9fde-b7126a5c7252","140ad3e4-018f-43f3-a688-0c32f9b341ab","133a60b1-9ab9-4403-ab25-5d4338d5b1ad","SNYK-DEBIAN11-AOM-1300249","2025-05-01T19:07:03.916Z","critical"
"0708d6a5-c79a-4f28-9fde-b7126a5c7252","140ad3e4-018f-43f3-a688-0c32f9b341ab","133a60b1-9ab9-4403-ab25-5d4338d5b1ad","SNYK-DEBIAN11-GIT-3232724","2025-05-01T19:07:03.916Z","critical"
"0708d6a5-c79a-4f28-9fde-b7126a5c7252","140ad3e4-018f-43f3-a688-0c32f9b341ab","133a60b1-9ab9-4403-ab25-5d4338d5b1ad","SNYK-DEBIAN11-GIT-3232722","2025-05-01T19:07:03.916Z","critical"
"0708d6a5-c79a-4f28-9fde-b7126a5c7252","140ad3e4-018f-43f3-a688-0c32f9b341ab","133a60b1-9ab9-4403-ab25-5d4338d5b1ad","SNYK-DEBIAN11-APR-3261105","2025-05-01T19:07:03.916Z","critical"
"0708d6a5-c79a-4f28-9fde-b7126a5c7252","140ad3e4-018f-43f3-a688-0c32f9b341ab","133a60b1-9ab9-4403-ab25-5d4338d5b1ad","SNYK-DEBIAN11-AOM-7197980","2025-05-01T19:07:03.916Z","critical"
"0708d6a5-c79a-4f28-9fde-b7126a5c7252","140ad3e4-018f-43f3-a688-0c32f9b341ab","133a60b1-9ab9-4403-ab25-5d4338d5b1ad","SNYK-DEBIAN11-GIT-6846200","2025-05-01T19:07:03.916Z","critical"
"0708d6a5-c79a-4f28-9fde-b7126a5c7252","140ad3e4-018f-43f3-a688-0c32f9b341ab","133a60b1-9ab9-4403-ab25-5d4338d5b1ad","SNYK-DEBIAN11-EXPAT-7855505","2025-05-01T19:07:03.916Z","critical"
"0708d6a5-c79a-4f28-9fde-b7126a5c7252","140ad3e4-018f-43f3-a688-0c32f9b341ab","133a60b1-9ab9-4403-ab25-5d4338d5b1ad","SNYK-DEBIAN11-ZLIB-6008961","2025-05-01T19:07:03.916Z","critical"
"0708d6a5-c79a-4f28-9fde-b7126a5c7252","140ad3e4-018f-43f3-a688-0c32f9b341ab","133a60b1-9ab9-4403-ab25-5d4338d5b1ad","SNYK-DEBIAN11-KRB5-7411316","2025-05-01T19:07:03.916Z","critical"
"0708d6a5-c79a-4f28-9fde-b7126a5c7252","140ad3e4-018f-43f3-a688-0c32f9b341ab","133a60b1-9ab9-4403-ab25-5d4338d5b1ad","SNYK-DEBIAN11-CURL-5955037","2025-05-01T19:07:03.916Z","critical"
"0708d6a5-c79a-4f28-9fde-b7126a5c7252","140ad3e4-018f-43f3-a688-0c32f9b341ab","133a60b1-9ab9-4403-ab25-5d4338d5b1ad","SNYK-DEBIAN11-AOM-1290331","2025-05-01T19:07:03.916Z","critical"
"0708d6a5-c79a-4f28-9fde-b7126a5c7252","140ad3e4-018f-43f3-a688-0c32f9b341ab","133a60b1-9ab9-4403-ab25-5d4338d5b1ad","SNYK-DEBIAN11-LIBXML2-8732585","2025-05-01T19:07:03.916Z","critical"
"0708d6a5-c79a-4f28-9fde-b7126a5c7252","140ad3e4-018f-43f3-a688-0c32f9b341ab","133a60b1-9ab9-4403-ab25-5d4338d5b1ad","SNYK-DEBIAN11-LIBDE265-2445047","2025-05-01T19:07:03.916Z","critical"
"0708d6a5-c79a-4f28-9fde-b7126a5c7252","140ad3e4-018f-43f3-a688-0c32f9b341ab","133a60b1-9ab9-4403-ab25-5d4338d5b1ad","SNYK-DEBIAN11-EXPAT-7855504","2025-05-01T19:07:03.916Z","critical"
"0708d6a5-c79a-4f28-9fde-b7126a5c7252","140ad3e4-018f-43f3-a688-0c32f9b341ab","133a60b1-9ab9-4403-ab25-5d4338d5b1ad","SNYK-DEBIAN11-OPENSSH-5788321","2025-05-01T19:07:03.916Z","critical"
"0708d6a5-c79a-4f28-9fde-b7126a5c7252","140ad3e4-018f-43f3-a688-0c32f9b341ab","133a60b1-9ab9-4403-ab25-5d4338d5b1ad","SNYK-DEBIAN11-WGET-7266539","2025-05-01T19:07:03.916Z","critical"
"0708d6a5-c79a-4f28-9fde-b7126a5c7252","140ad3e4-018f-43f3-a688-0c32f9b341ab","133a60b1-9ab9-4403-ab25-5d4338d5b1ad","SNYK-DEBIAN11-AOM-1298721","2025-05-01T19:07:03.916Z","critical"
"0708d6a5-c79a-4f28-9fde-b7126a5c7252","140ad3e4-018f-43f3-a688-0c32f9b341ab","133a60b1-9ab9-4403-ab25-5d4338d5b1ad","SNYK-DEBIAN11-PYTHON39-3090932","2025-05-01T19:07:03.916Z","critical"
"0708d6a5-c79a-4f28-9fde-b7126a5c7252","140ad3e4-018f-43f3-a688-0c32f9b341ab","133a60b1-9ab9-4403-ab25-5d4338d5b1ad","SNYK-DEBIAN11-CURL-3065656","2025-05-01T19:07:03.916Z","critical"
"0708d6a5-c79a-4f28-9fde-b7126a5c7252","140ad3e4-018f-43f3-a688-0c32f9b341ab","133a60b1-9ab9-4403-ab25-5d4338d5b1ad","SNYK-DEBIAN11-DB53-2825168","2025-05-01T19:07:03.916Z","critical"
"0708d6a5-c79a-4f28-9fde-b7126a5c7252","140ad3e4-018f-43f3-a688-0c32f9b341ab","914a92d1-1384-461d-9798-06f87b4c8267","SNYK-JS-HANDLEBARS-534988","2025-05-01T19:07:07.405Z","critical"
"0708d6a5-c79a-4f28-9fde-b7126a5c7252","140ad3e4-018f-43f3-a688-0c32f9b341ab","914a92d1-1384-461d-9798-06f87b4c8267","SNYK-JS-BABELTRAVERSE-5962463","2025-05-01T19:07:07.405Z","critical"
"0708d6a5-c79a-4f28-9fde-b7126a5c7252","140ad3e4-018f-43f3-a688-0c32f9b341ab","914a92d1-1384-461d-9798-06f87b4c8267","npm:adm-zip:20180415","2025-05-01T19:07:07.405Z","critical"
"0708d6a5-c79a-4f28-9fde-b7126a5c7252","140ad3e4-018f-43f3-a688-0c32f9b341ab","e63ef815-f29a-4f25-a42d-acdf3b736058","SNYK-JS-MULTER-10299078","2025-06-05T10:10:02.442Z","critical"
"0708d6a5-c79a-4f28-9fde-b7126a5c7252","140ad3e4-018f-43f3-a688-0c32f9b341ab","523f1b1c-3a40-4d07-a57e-588912a7ea50","SNYK-JS-MULTER-10299078","2025-06-05T10:11:15.975Z","critical"
"0708d6a5-c79a-4f28-9fde-b7126a5c7252","140ad3e4-018f-43f3-a688-0c32f9b341ab","d800a837-6283-4f6a-a02d-e4fd71f4fb11","SNYK-JS-MULTER-10299078","2025-06-05T10:30:04.607Z","critical"
"0708d6a5-c79a-4f28-9fde-b7126a5c7252","140ad3e4-018f-43f3-a688-0c32f9b341ab","133a60b1-9ab9-4403-ab25-5d4338d5b1ad","SNYK-DEBIAN11-LIBXML2-10350669","2025-06-14T09:26:55.213Z","critical"
"0708d6a5-c79a-4f28-9fde-b7126a5c7252","140ad3e4-018f-43f3-a688-0c32f9b341ab","133a60b1-9ab9-4403-ab25-5d4338d5b1ad","SNYK-DEBIAN11-LIBXML2-10350665","2025-06-14T09:26:55.213Z","critical"
"0708d6a5-c79a-4f28-9fde-b7126a5c7252","140ad3e4-018f-43f3-a688-0c32f9b341ab","fc795e0b-e6c6-46a6-9927-db9a7bb372cb","SNYK-DEBIAN11-LIBXML2-10350669","2025-06-14T09:40:10.217Z","critical"
"0708d6a5-c79a-4f28-9fde-b7126a5c7252","140ad3e4-018f-43f3-a688-0c32f9b341ab","fc795e0b-e6c6-46a6-9927-db9a7bb372cb","SNYK-DEBIAN11-LIBXML2-10350665","2025-06-14T09:40:10.217Z","critical"
"0708d6a5-c79a-4f28-9fde-b7126a5c7252","140ad3e4-018f-43f3-a688-0c32f9b341ab","444afc23-d3fc-4a19-98ca-e7b842c7e9e4","SNYK-DEBIAN11-LIBXML2-10350669","2025-06-14T09:40:20.128Z","critical"
"0708d6a5-c79a-4f28-9fde-b7126a5c7252","140ad3e4-018f-43f3-a688-0c32f9b341ab","444afc23-d3fc-4a19-98ca-e7b842c7e9e4","SNYK-DEBIAN11-LIBXML2-10350665","2025-06-14T09:40:20.128Z","critical"
"0708d6a5-c79a-4f28-9fde-b7126a5c7252","140ad3e4-018f-43f3-a688-0c32f9b341ab","d04b70dc-c890-41ca-aa2e-4c338c58631e","SNYK-JS-PBKDF2-10495498","2025-06-28T13:50:38.981Z","critical"
"0708d6a5-c79a-4f28-9fde-b7126a5c7252","140ad3e4-018f-43f3-a688-0c32f9b341ab","d04b70dc-c890-41ca-aa2e-4c338c58631e","SNYK-JS-PBKDF2-10495496","2025-06-28T13:50:38.981Z","critical"
"0708d6a5-c79a-4f28-9fde-b7126a5c7252","140ad3e4-018f-43f3-a688-0c32f9b341ab","444afc23-d3fc-4a19-98ca-e7b842c7e9e4","SNYK-DEBIAN11-IMAGEMAGICK-10752986","2025-07-16T08:01:06.827Z","critical"
"0708d6a5-c79a-4f28-9fde-b7126a5c7252","140ad3e4-018f-43f3-a688-0c32f9b341ab","444afc23-d3fc-4a19-98ca-e7b842c7e9e4","SNYK-DEBIAN11-IMAGEMAGICK-10752989","2025-07-16T08:01:06.827Z","critical"
"0708d6a5-c79a-4f28-9fde-b7126a5c7252","140ad3e4-018f-43f3-a688-0c32f9b341ab","133a60b1-9ab9-4403-ab25-5d4338d5b1ad","SNYK-DEBIAN11-IMAGEMAGICK-10752986","2025-07-16T08:12:42.681Z","critical"
"0708d6a5-c79a-4f28-9fde-b7126a5c7252","140ad3e4-018f-43f3-a688-0c32f9b341ab","133a60b1-9ab9-4403-ab25-5d4338d5b1ad","SNYK-DEBIAN11-IMAGEMAGICK-10752989","2025-07-16T08:12:42.681Z","critical"
"0708d6a5-c79a-4f28-9fde-b7126a5c7252","140ad3e4-018f-43f3-a688-0c32f9b341ab","fc795e0b-e6c6-46a6-9927-db9a7bb372cb","SNYK-DEBIAN11-IMAGEMAGICK-10752986","2025-07-16T08:14:36.6Z","critical"
"0708d6a5-c79a-4f28-9fde-b7126a5c7252","140ad3e4-018f-43f3-a688-0c32f9b341ab","fc795e0b-e6c6-46a6-9927-db9a7bb372cb","SNYK-DEBIAN11-IMAGEMAGICK-10752989","2025-07-16T08:14:36.6Z","critical"
"0708d6a5-c79a-4f28-9fde-b7126a5c7252","140ad3e4-018f-43f3-a688-0c32f9b341ab","51d5db80-2c70-4306-8ae4-e47f6c0d807b","SNYK-JS-FORMDATA-10841150","2025-07-21T07:26:32.874Z","critical"
"0708d6a5-c79a-4f28-9fde-b7126a5c7252","140ad3e4-018f-43f3-a688-0c32f9b341ab","d04b70dc-c890-41ca-aa2e-4c338c58631e","SNYK-JS-FORMDATA-10841150","2025-07-21T07:34:00.92Z","critical"
"0708d6a5-c79a-4f28-9fde-b7126a5c7252","140ad3e4-018f-43f3-a688-0c32f9b341ab","914a92d1-1384-461d-9798-06f87b4c8267","SNYK-JS-FORMDATA-10841150","2025-07-21T07:34:25.403Z","critical"
"0708d6a5-c79a-4f28-9fde-b7126a5c7252","140ad3e4-018f-43f3-a688-0c32f9b341ab","e3d18293-e29c-497e-bf2f-e08096427a7b","SNYK-JS-FORMDATA-10841150","2025-07-21T07:39:53.814Z","critical"
"0708d6a5-c79a-4f28-9fde-b7126a5c7252","140ad3e4-018f-43f3-a688-0c32f9b341ab","e63ef815-f29a-4f25-a42d-acdf3b736058","SNYK-JS-FORMDATA-10841150","2025-07-21T07:41:47.157Z","critical"
"0708d6a5-c79a-4f28-9fde-b7126a5c7252","140ad3e4-018f-43f3-a688-0c32f9b341ab","ba9f53bc-5549-403d-b18b-71f2547640c9","SNYK-JS-FORMDATA-10841150","2025-07-21T07:45:30.253Z","critical"
"0708d6a5-c79a-4f28-9fde-b7126a5c7252","140ad3e4-018f-43f3-a688-0c32f9b341ab","8e01c2e7-d50f-4835-bd87-4f19f95729ca","SNYK-JS-FORMDATA-10841150","2025-07-21T07:45:43.715Z","critical"
"0708d6a5-c79a-4f28-9fde-b7126a5c7252","140ad3e4-018f-43f3-a688-0c32f9b341ab","523f1b1c-3a40-4d07-a57e-588912a7ea50","SNYK-JS-FORMDATA-10841150","2025-07-21T07:47:53.594Z","critical"
"0708d6a5-c79a-4f28-9fde-b7126a5c7252","140ad3e4-018f-43f3-a688-0c32f9b341ab","d800a837-6283-4f6a-a02d-e4fd71f4fb11","SNYK-JS-FORMDATA-10841150","2025-07-24T05:34:10.449Z","critical"
"0708d6a5-c79a-4f28-9fde-b7126a5c7252","140ad3e4-018f-43f3-a688-0c32f9b341ab","133a60b1-9ab9-4403-ab25-5d4338d5b1ad","SNYK-DEBIAN11-SQLITE3-11191061","2025-07-30T08:08:13.336Z","critical"
"0708d6a5-c79a-4f28-9fde-b7126a5c7252","140ad3e4-018f-43f3-a688-0c32f9b341ab","444afc23-d3fc-4a19-98ca-e7b842c7e9e4","SNYK-DEBIAN11-SQLITE3-11191061","2025-07-30T08:14:16.249Z","critical"
"0708d6a5-c79a-4f28-9fde-b7126a5c7252","140ad3e4-018f-43f3-a688-0c32f9b341ab","fc795e0b-e6c6-46a6-9927-db9a7bb372cb","SNYK-DEBIAN11-SQLITE3-11191061","2025-07-30T08:33:47.635Z","critical"
"0708d6a5-c79a-4f28-9fde-b7126a5c7252","140ad3e4-018f-43f3-a688-0c32f9b341ab","8e01c2e7-d50f-4835-bd87-4f19f95729ca","SNYK-JS-SHAJS-12089400","2025-08-22T06:59:07.709Z","critical"
"0708d6a5-c79a-4f28-9fde-b7126a5c7252","140ad3e4-018f-43f3-a688-0c32f9b341ab","e3d18293-e29c-497e-bf2f-e08096427a7b","SNYK-JS-SHAJS-12089400","2025-08-22T07:10:04.096Z","critical"
"0708d6a5-c79a-4f28-9fde-b7126a5c7252","140ad3e4-018f-43f3-a688-0c32f9b341ab","d04b70dc-c890-41ca-aa2e-4c338c58631e","SNYK-JS-CIPHERBASE-12084814","2025-08-22T07:15:26.139Z","critical"
"0708d6a5-c79a-4f28-9fde-b7126a5c7252","140ad3e4-018f-43f3-a688-0c32f9b341ab","d04b70dc-c890-41ca-aa2e-4c338c58631e","SNYK-JS-SHAJS-12089400","2025-08-22T07:15:26.139Z","critical"
"0708d6a5-c79a-4f28-9fde-b7126a5c7252","140ad3e4-018f-43f3-a688-0c32f9b341ab","51d5db80-2c70-4306-8ae4-e47f6c0d807b","SNYK-JS-SHAJS-12089400","2025-08-22T07:40:42.044Z","critical"
"0708d6a5-c79a-4f28-9fde-b7126a5c7252","140ad3e4-018f-43f3-a688-0c32f9b341ab","914a92d1-1384-461d-9798-06f87b4c8267","SNYK-JS-SHAJS-12089400","2025-08-22T07:44:39.313Z","critical"
"0708d6a5-c79a-4f28-9fde-b7126a5c7252","140ad3e4-018f-43f3-a688-0c32f9b341ab","fc795e0b-e6c6-46a6-9927-db9a7bb372cb","SNYK-DEBIAN11-IMAGEMAGICK-12549182","2025-09-07T07:44:11.808Z","critical"
"0708d6a5-c79a-4f28-9fde-b7126a5c7252","140ad3e4-018f-43f3-a688-0c32f9b341ab","133a60b1-9ab9-4403-ab25-5d4338d5b1ad","SNYK-DEBIAN11-IMAGEMAGICK-12549182","2025-09-07T08:32:49.53Z","critical"
"0708d6a5-c79a-4f28-9fde-b7126a5c7252","140ad3e4-018f-43f3-a688-0c32f9b341ab","444afc23-d3fc-4a19-98ca-e7b842c7e9e4","SNYK-DEBIAN11-IMAGEMAGICK-12549182","2025-09-07T08:42:37.816Z","critical"
"0708d6a5-c79a-4f28-9fde-b7126a5c7252","140ad3e4-018f-43f3-a688-0c32f9b341ab","53c83ace-7909-43b3-bda9-688ae867fe50","SNYK-UNMANAGED-OPENSSL-2318781","2025-10-20T19:35:23.119Z","critical"
"0708d6a5-c79a-4f28-9fde-b7126a5c7252","140ad3e4-018f-43f3-a688-0c32f9b341ab","be29c6a3-bb51-4d53-a712-16f089a0d0d8","SNYK-UNMANAGED-OPENSSL-2318781","2025-10-20T19:52:58.579Z","critical"
"0708d6a5-c79a-4f28-9fde-b7126a5c7252","140ad3e4-018f-43f3-a688-0c32f9b341ab","29818aaa-aeb6-4cd6-a96c-8eb42c10eec1","SNYK-UNMANAGED-OPENSSL-2318781","2025-10-21T16:23:09.729Z","critical"
"0708d6a5-c79a-4f28-9fde-b7126a5c7252","140ad3e4-018f-43f3-a688-0c32f9b341ab","9902b038-928b-493c-ba20-cb9ebbb1ccb8","SNYK-UNMANAGED-OPENSSL-2318781","2025-10-21T17:33:56.644Z","critical"
"0708d6a5-c79a-4f28-9fde-b7126a5c7252","140ad3e4-018f-43f3-a688-0c32f9b341ab","d04b70dc-c890-41ca-aa2e-4c338c58631e","SNYK-JS-NODEFORGE-14114940","2025-11-26T10:44:21.775Z","critical"
"0708d6a5-c79a-4f28-9fde-b7126a5c7252","140ad3e4-018f-43f3-a688-0c32f9b341ab","ba9f53bc-5549-403d-b18b-71f2547640c9","SNYK-JS-NODEFORGE-14114940","2025-11-26T11:13:17.154Z","critical"
"0708d6a5-c79a-4f28-9fde-b7126a5c7252","140ad3e4-018f-43f3-a688-0c32f9b341ab","444afc23-d3fc-4a19-98ca-e7b842c7e9e4","SNYK-DEBIAN11-GLIB20-14267938","2025-12-10T09:11:06.769Z","critical"
"0708d6a5-c79a-4f28-9fde-b7126a5c7252","140ad3e4-018f-43f3-a688-0c32f9b341ab","fc795e0b-e6c6-46a6-9927-db9a7bb372cb","SNYK-DEBIAN11-GLIB20-14267938","2025-12-10T09:20:05.29Z","critical"
"0708d6a5-c79a-4f28-9fde-b7126a5c7252","140ad3e4-018f-43f3-a688-0c32f9b341ab","133a60b1-9ab9-4403-ab25-5d4338d5b1ad","SNYK-DEBIAN11-GLIB20-14267938","2025-12-10T09:28:32.844Z","critical"
"0708d6a5-c79a-4f28-9fde-b7126a5c7252","140ad3e4-018f-43f3-a688-0c32f9b341ab","73daab53-c6c1-4331-8a61-08c77d7272a9","SNYK-UPSTREAM-NODE-14928492","2026-01-15T12:40:02.43Z","critical"
"0708d6a5-c79a-4f28-9fde-b7126a5c7252","140ad3e4-018f-43f3-a688-0c32f9b341ab","9b92da1e-be72-4f38-9ecc-03ffb624521a","SNYK-UPSTREAM-NODE-14928492","2026-01-15T13:01:28.79Z","critical"
"0708d6a5-c79a-4f28-9fde-b7126a5c7252","140ad3e4-018f-43f3-a688-0c32f9b341ab","444afc23-d3fc-4a19-98ca-e7b842c7e9e4","SNYK-DEBIAN11-IMAGEMAGICK-15044348","2026-01-21T09:00:41.178Z","critical"
"0708d6a5-c79a-4f28-9fde-b7126a5c7252","140ad3e4-018f-43f3-a688-0c32f9b341ab","133a60b1-9ab9-4403-ab25-5d4338d5b1ad","SNYK-DEBIAN11-IMAGEMAGICK-15044348","2026-01-21T09:14:16.969Z","critical"
"0708d6a5-c79a-4f28-9fde-b7126a5c7252","140ad3e4-018f-43f3-a688-0c32f9b341ab","fc795e0b-e6c6-46a6-9927-db9a7bb372cb","SNYK-DEBIAN11-IMAGEMAGICK-15044348","2026-01-21T09:37:23.955Z","critical"
"0708d6a5-c79a-4f28-9fde-b7126a5c7252","140ad3e4-018f-43f3-a688-0c32f9b341ab","444afc23-d3fc-4a19-98ca-e7b842c7e9e4","SNYK-DEBIAN11-IMAGEMAGICK-15339545","2026-02-25T08:49:33.878Z","critical"
"0708d6a5-c79a-4f28-9fde-b7126a5c7252","140ad3e4-018f-43f3-a688-0c32f9b341ab","444afc23-d3fc-4a19-98ca-e7b842c7e9e4","SNYK-DEBIAN11-IMAGEMAGICK-15339647","2026-02-25T08:49:33.878Z","critical"
"0708d6a5-c79a-4f28-9fde-b7126a5c7252","140ad3e4-018f-43f3-a688-0c32f9b341ab","444afc23-d3fc-4a19-98ca-e7b842c7e9e4","SNYK-DEBIAN11-IMAGEMAGICK-15339633","2026-02-25T08:49:33.878Z","critical"
"0708d6a5-c79a-4f28-9fde-b7126a5c7252","140ad3e4-018f-43f3-a688-0c32f9b341ab","444afc23-d3fc-4a19-98ca-e7b842c7e9e4","SNYK-DEBIAN11-IMAGEMAGICK-15339622","2026-02-25T08:49:33.878Z","critical"
"0708d6a5-c79a-4f28-9fde-b7126a5c7252","140ad3e4-018f-43f3-a688-0c32f9b341ab","444afc23-d3fc-4a19-98ca-e7b842c7e9e4","SNYK-DEBIAN11-IMAGEMAGICK-15339566","2026-02-25T08:49:33.878Z","critical"
"0708d6a5-c79a-4f28-9fde-b7126a5c7252","140ad3e4-018f-43f3-a688-0c32f9b341ab","444afc23-d3fc-4a19-98ca-e7b842c7e9e4","SNYK-DEBIAN11-IMAGEMAGICK-15339587","2026-02-25T08:49:33.878Z","critical"
"0708d6a5-c79a-4f28-9fde-b7126a5c7252","140ad3e4-018f-43f3-a688-0c32f9b341ab","444afc23-d3fc-4a19-98ca-e7b842c7e9e4","SNYK-DEBIAN11-IMAGEMAGICK-15339502","2026-02-25T08:49:33.878Z","critical"
"0708d6a5-c79a-4f28-9fde-b7126a5c7252","140ad3e4-018f-43f3-a688-0c32f9b341ab","444afc23-d3fc-4a19-98ca-e7b842c7e9e4","SNYK-DEBIAN11-IMAGEMAGICK-15339606","2026-02-25T08:49:33.878Z","critical"
"0708d6a5-c79a-4f28-9fde-b7126a5c7252","140ad3e4-018f-43f3-a688-0c32f9b341ab","133a60b1-9ab9-4403-ab25-5d4338d5b1ad","SNYK-DEBIAN11-IMAGEMAGICK-15339545","2026-02-25T08:56:04.951Z","critical"
"0708d6a5-c79a-4f28-9fde-b7126a5c7252","140ad3e4-018f-43f3-a688-0c32f9b341ab","133a60b1-9ab9-4403-ab25-5d4338d5b1ad","SNYK-DEBIAN11-IMAGEMAGICK-15339566","2026-02-25T08:56:04.951Z","critical"
"0708d6a5-c79a-4f28-9fde-b7126a5c7252","140ad3e4-018f-43f3-a688-0c32f9b341ab","133a60b1-9ab9-4403-ab25-5d4338d5b1ad","SNYK-DEBIAN11-IMAGEMAGICK-15339606","2026-02-25T08:56:04.951Z","critical"
"0708d6a5-c79a-4f28-9fde-b7126a5c7252","140ad3e4-018f-43f3-a688-0c32f9b341ab","133a60b1-9ab9-4403-ab25-5d4338d5b1ad","SNYK-DEBIAN11-IMAGEMAGICK-15339633","2026-02-25T08:56:04.951Z","critical"
"0708d6a5-c79a-4f28-9fde-b7126a5c7252","140ad3e4-018f-43f3-a688-0c32f9b341ab","133a60b1-9ab9-4403-ab25-5d4338d5b1ad","SNYK-DEBIAN11-IMAGEMAGICK-15339502","2026-02-25T08:56:04.951Z","critical"
"0708d6a5-c79a-4f28-9fde-b7126a5c7252","140ad3e4-018f-43f3-a688-0c32f9b341ab","133a60b1-9ab9-4403-ab25-5d4338d5b1ad","SNYK-DEBIAN11-IMAGEMAGICK-15339587","2026-02-25T08:56:04.951Z","critical"
"0708d6a5-c79a-4f28-9fde-b7126a5c7252","140ad3e4-018f-43f3-a688-0c32f9b341ab","133a60b1-9ab9-4403-ab25-5d4338d5b1ad","SNYK-DEBIAN11-IMAGEMAGICK-15339622","2026-02-25T08:56:04.951Z","critical"
"0708d6a5-c79a-4f28-9fde-b7126a5c7252","140ad3e4-018f-43f3-a688-0c32f9b341ab","133a60b1-9ab9-4403-ab25-5d4338d5b1ad","SNYK-DEBIAN11-IMAGEMAGICK-15339647","2026-02-25T08:56:04.951Z","critical"
"0708d6a5-c79a-4f28-9fde-b7126a5c7252","140ad3e4-018f-43f3-a688-0c32f9b341ab","fc795e0b-e6c6-46a6-9927-db9a7bb372cb","SNYK-DEBIAN11-IMAGEMAGICK-15339633","2026-02-25T09:07:56.707Z","critical"
"0708d6a5-c79a-4f28-9fde-b7126a5c7252","140ad3e4-018f-43f3-a688-0c32f9b341ab","fc795e0b-e6c6-46a6-9927-db9a7bb372cb","SNYK-DEBIAN11-IMAGEMAGICK-15339545","2026-02-25T09:07:56.707Z","critical"
"0708d6a5-c79a-4f28-9fde-b7126a5c7252","140ad3e4-018f-43f3-a688-0c32f9b341ab","fc795e0b-e6c6-46a6-9927-db9a7bb372cb","SNYK-DEBIAN11-IMAGEMAGICK-15339647","2026-02-25T09:07:56.707Z","critical"
"0708d6a5-c79a-4f28-9fde-b7126a5c7252","140ad3e4-018f-43f3-a688-0c32f9b341ab","fc795e0b-e6c6-46a6-9927-db9a7bb372cb","SNYK-DEBIAN11-IMAGEMAGICK-15339566","2026-02-25T09:07:56.707Z","critical"
"0708d6a5-c79a-4f28-9fde-b7126a5c7252","140ad3e4-018f-43f3-a688-0c32f9b341ab","fc795e0b-e6c6-46a6-9927-db9a7bb372cb","SNYK-DEBIAN11-IMAGEMAGICK-15339606","2026-02-25T09:07:56.707Z","critical"
"0708d6a5-c79a-4f28-9fde-b7126a5c7252","140ad3e4-018f-43f3-a688-0c32f9b341ab","fc795e0b-e6c6-46a6-9927-db9a7bb372cb","SNYK-DEBIAN11-IMAGEMAGICK-15339502","2026-02-25T09:07:56.707Z","critical"
"0708d6a5-c79a-4f28-9fde-b7126a5c7252","140ad3e4-018f-43f3-a688-0c32f9b341ab","fc795e0b-e6c6-46a6-9927-db9a7bb372cb","SNYK-DEBIAN11-IMAGEMAGICK-15339622","2026-02-25T09:07:56.707Z","critical"
"0708d6a5-c79a-4f28-9fde-b7126a5c7252","140ad3e4-018f-43f3-a688-0c32f9b341ab","fc795e0b-e6c6-46a6-9927-db9a7bb372cb","SNYK-DEBIAN11-IMAGEMAGICK-15339587","2026-02-25T09:07:56.707Z","critical"
"0708d6a5-c79a-4f28-9fde-b7126a5c7252","140ad3e4-018f-43f3-a688-0c32f9b341ab","ba9f53bc-5549-403d-b18b-71f2547640c9","SNYK-JS-ANGULARDEVKITBUILDANGULAR-15357315","2026-02-27T09:19:43.697Z","critical"
"0708d6a5-c79a-4f28-9fde-b7126a5c7252","140ad3e4-018f-43f3-a688-0c32f9b341ab","ba9f53bc-5549-403d-b18b-71f2547640c9","SNYK-JS-SCHEMATICSANGULAR-15357313","2026-02-27T09:19:43.697Z","critical"
"0708d6a5-c79a-4f28-9fde-b7126a5c7252","140ad3e4-018f-43f3-a688-0c32f9b341ab","d04b70dc-c890-41ca-aa2e-4c338c58631e","SNYK-JS-SCHEMATICSANGULAR-15357313","2026-02-27T09:19:44.155Z","critical"
"0708d6a5-c79a-4f28-9fde-b7126a5c7252","140ad3e4-018f-43f3-a688-0c32f9b341ab","d04b70dc-c890-41ca-aa2e-4c338c58631e","SNYK-JS-ANGULARDEVKITBUILDANGULAR-15357315","2026-02-27T09:19:44.155Z","critical"
"0708d6a5-c79a-4f28-9fde-b7126a5c7252","140ad3e4-018f-43f3-a688-0c32f9b341ab","ba9f53bc-5549-403d-b18b-71f2547640c9","SNYK-JS-IMMUTABLE-15423650","2026-03-06T09:00:43.066Z","critical"
"0708d6a5-c79a-4f28-9fde-b7126a5c7252","140ad3e4-018f-43f3-a688-0c32f9b341ab","e63ef815-f29a-4f25-a42d-acdf3b736058","SNYK-JS-ENGINEIO-3136336","2024-03-27T21:44:14.457Z","high"
"0708d6a5-c79a-4f28-9fde-b7126a5c7252","140ad3e4-018f-43f3-a688-0c32f9b341ab","e63ef815-f29a-4f25-a42d-acdf3b736058","SNYK-JS-SEQUELIZE-2959225","2024-03-27T21:44:14.457Z","high"
"0708d6a5-c79a-4f28-9fde-b7126a5c7252","140ad3e4-018f-43f3-a688-0c32f9b341ab","e63ef815-f29a-4f25-a42d-acdf3b736058","SNYK-JS-MOUT-2342654","2024-03-27T21:44:14.457Z","high"
"0708d6a5-c79a-4f28-9fde-b7126a5c7252","140ad3e4-018f-43f3-a688-0c32f9b341ab","e63ef815-f29a-4f25-a42d-acdf3b736058","SNYK-JS-QS-3153490","2024-03-27T21:44:14.457Z","high"
"0708d6a5-c79a-4f28-9fde-b7126a5c7252","140ad3e4-018f-43f3-a688-0c32f9b341ab","e63ef815-f29a-4f25-a42d-acdf3b736058","SNYK-JS-LODASHSET-1320032","2024-03-27T21:44:14.457Z","high"
"0708d6a5-c79a-4f28-9fde-b7126a5c7252","140ad3e4-018f-43f3-a688-0c32f9b341ab","e63ef815-f29a-4f25-a42d-acdf3b736058","npm:jws:20160726","2024-03-27T21:44:14.457Z","high"
"0708d6a5-c79a-4f28-9fde-b7126a5c7252","140ad3e4-018f-43f3-a688-0c32f9b341ab","e63ef815-f29a-4f25-a42d-acdf3b736058","SNYK-JS-CRYPTOJS-6028119","2024-03-27T21:44:14.457Z","high"
"0708d6a5-c79a-4f28-9fde-b7126a5c7252","140ad3e4-018f-43f3-a688-0c32f9b341ab","e63ef815-f29a-4f25-a42d-acdf3b736058","SNYK-JS-ES5EXT-6095076","2024-03-27T21:44:14.457Z","high"
"0708d6a5-c79a-4f28-9fde-b7126a5c7252","140ad3e4-018f-43f3-a688-0c32f9b341ab","e63ef815-f29a-4f25-a42d-acdf3b736058","npm:jsonwebtoken:20150331","2024-03-27T21:44:14.457Z","high"
"0708d6a5-c79a-4f28-9fde-b7126a5c7252","140ad3e4-018f-43f3-a688-0c32f9b341ab","e63ef815-f29a-4f25-a42d-acdf3b736058","SNYK-JS-MOMENT-2440688","2024-03-27T21:44:14.457Z","high"
"0708d6a5-c79a-4f28-9fde-b7126a5c7252","140ad3e4-018f-43f3-a688-0c32f9b341ab","e63ef815-f29a-4f25-a42d-acdf3b736058","npm:base64url:20180511","2024-03-27T21:44:14.457Z","high"
"0708d6a5-c79a-4f28-9fde-b7126a5c7252","140ad3e4-018f-43f3-a688-0c32f9b341ab","e63ef815-f29a-4f25-a42d-acdf3b736058","SNYK-JS-SEMVER-3247795","2024-03-27T21:44:14.457Z","high"
"0708d6a5-c79a-4f28-9fde-b7126a5c7252","140ad3e4-018f-43f3-a688-0c32f9b341ab","e63ef815-f29a-4f25-a42d-acdf3b736058","SNYK-JS-ANSIREGEX-1583908","2024-03-27T21:44:14.457Z","high"
"0708d6a5-c79a-4f28-9fde-b7126a5c7252","140ad3e4-018f-43f3-a688-0c32f9b341ab","e63ef815-f29a-4f25-a42d-acdf3b736058","SNYK-JS-TAR-1579152","2024-03-27T21:44:14.457Z","high"
"0708d6a5-c79a-4f28-9fde-b7126a5c7252","140ad3e4-018f-43f3-a688-0c32f9b341ab","e63ef815-f29a-4f25-a42d-acdf3b736058","SNYK-JS-ENGINEIO-1056749","2024-03-27T21:44:14.457Z","high"
"0708d6a5-c79a-4f28-9fde-b7126a5c7252","140ad3e4-018f-43f3-a688-0c32f9b341ab","e63ef815-f29a-4f25-a42d-acdf3b736058","npm:underscore.string:20170908","2024-03-27T21:44:14.457Z","high"
"0708d6a5-c79a-4f28-9fde-b7126a5c7252","140ad3e4-018f-43f3-a688-0c32f9b341ab","e63ef815-f29a-4f25-a42d-acdf3b736058","SNYK-JS-LODASH-450202","2024-03-27T21:44:14.457Z","high"
"0708d6a5-c79a-4f28-9fde-b7126a5c7252","140ad3e4-018f-43f3-a688-0c32f9b341ab","e63ef815-f29a-4f25-a42d-acdf3b736058","SNYK-JS-MOMENT-2944238","2024-03-27T21:44:14.457Z","high"
"0708d6a5-c79a-4f28-9fde-b7126a5c7252","140ad3e4-018f-43f3-a688-0c32f9b341ab","e63ef815-f29a-4f25-a42d-acdf3b736058","SNYK-JS-EXPRESSJWT-575022","2024-03-27T21:44:14.457Z","high"
"0708d6a5-c79a-4f28-9fde-b7126a5c7252","140ad3e4-018f-43f3-a688-0c32f9b341ab","e63ef815-f29a-4f25-a42d-acdf3b736058","SNYK-JS-ASYNC-2441827","2024-03-27T21:44:14.457Z","high"
"0708d6a5-c79a-4f28-9fde-b7126a5c7252","140ad3e4-018f-43f3-a688-0c32f9b341ab","e63ef815-f29a-4f25-a42d-acdf3b736058","SNYK-JS-DICER-2311764","2024-03-27T21:44:14.457Z","high"
"0708d6a5-c79a-4f28-9fde-b7126a5c7252","140ad3e4-018f-43f3-a688-0c32f9b341ab","e63ef815-f29a-4f25-a42d-acdf3b736058","SNYK-JS-LODASH-1040724","2024-03-27T21:44:14.457Z","high"
"0708d6a5-c79a-4f28-9fde-b7126a5c7252","140ad3e4-018f-43f3-a688-0c32f9b341ab","e63ef815-f29a-4f25-a42d-acdf3b736058","SNYK-JS-SQLITE3-3358947","2024-03-27T21:44:14.457Z","high"
"0708d6a5-c79a-4f28-9fde-b7126a5c7252","140ad3e4-018f-43f3-a688-0c32f9b341ab","e63ef815-f29a-4f25-a42d-acdf3b736058","SNYK-JS-LODASH-73638","2024-03-27T21:44:14.457Z","high"
"0708d6a5-c79a-4f28-9fde-b7126a5c7252","140ad3e4-018f-43f3-a688-0c32f9b341ab","e63ef815-f29a-4f25-a42d-acdf3b736058","SNYK-JS-LODASH-608086","2024-03-27T21:44:14.457Z","high"
"0708d6a5-c79a-4f28-9fde-b7126a5c7252","140ad3e4-018f-43f3-a688-0c32f9b341ab","e63ef815-f29a-4f25-a42d-acdf3b736058","SNYK-JS-TAR-1536528","2024-03-27T21:44:14.457Z","high"
"0708d6a5-c79a-4f28-9fde-b7126a5c7252","140ad3e4-018f-43f3-a688-0c32f9b341ab","e63ef815-f29a-4f25-a42d-acdf3b736058","SNYK-JS-TAR-1536531","2024-03-27T21:44:14.457Z","high"
"0708d6a5-c79a-4f28-9fde-b7126a5c7252","140ad3e4-018f-43f3-a688-0c32f9b341ab","e63ef815-f29a-4f25-a42d-acdf3b736058","SNYK-JS-UNSETVALUE-2400660","2024-03-27T21:44:14.457Z","high"
"0708d6a5-c79a-4f28-9fde-b7126a5c7252","140ad3e4-018f-43f3-a688-0c32f9b341ab","e63ef815-f29a-4f25-a42d-acdf3b736058","snyk:lic:npm:fuzzball:GPL-2.0","2024-03-27T21:44:14.457Z","high"
"0708d6a5-c79a-4f28-9fde-b7126a5c7252","140ad3e4-018f-43f3-a688-0c32f9b341ab","e63ef815-f29a-4f25-a42d-acdf3b736058","SNYK-JS-SQLITE3-2388645","2024-03-27T21:44:14.457Z","high"
"0708d6a5-c79a-4f28-9fde-b7126a5c7252","140ad3e4-018f-43f3-a688-0c32f9b341ab","e63ef815-f29a-4f25-a42d-acdf3b736058","SNYK-JS-TAR-1579155","2024-03-27T21:44:14.457Z","high"
"0708d6a5-c79a-4f28-9fde-b7126a5c7252","140ad3e4-018f-43f3-a688-0c32f9b341ab","e63ef815-f29a-4f25-a42d-acdf3b736058","SNYK-JS-TAR-1579147","2024-03-27T21:44:14.457Z","high"
"0708d6a5-c79a-4f28-9fde-b7126a5c7252","140ad3e4-018f-43f3-a688-0c32f9b341ab","e63ef815-f29a-4f25-a42d-acdf3b736058","SNYK-JS-DECODEURICOMPONENT-3149970","2024-03-27T21:44:14.457Z","high"
"0708d6a5-c79a-4f28-9fde-b7126a5c7252","140ad3e4-018f-43f3-a688-0c32f9b341ab","e63ef815-f29a-4f25-a42d-acdf3b736058","SNYK-JS-SIMPLEGET-2361683","2024-03-27T21:44:14.457Z","high"
"0708d6a5-c79a-4f28-9fde-b7126a5c7252","140ad3e4-018f-43f3-a688-0c32f9b341ab","e63ef815-f29a-4f25-a42d-acdf3b736058","SNYK-JS-SEQUELIZE-3324088","2024-03-27T21:44:14.457Z","high"
"0708d6a5-c79a-4f28-9fde-b7126a5c7252","140ad3e4-018f-43f3-a688-0c32f9b341ab","e63ef815-f29a-4f25-a42d-acdf3b736058","SNYK-JS-SOCKETIOPARSER-5596892","2024-03-27T21:44:14.457Z","high"
"0708d6a5-c79a-4f28-9fde-b7126a5c7252","140ad3e4-018f-43f3-a688-0c32f9b341ab","e63ef815-f29a-4f25-a42d-acdf3b736058","SNYK-JS-DOTTIE-3332763","2024-03-27T21:44:14.457Z","high"
"0708d6a5-c79a-4f28-9fde-b7126a5c7252","140ad3e4-018f-43f3-a688-0c32f9b341ab","d04b70dc-c890-41ca-aa2e-4c338c58631e","SNYK-JS-ES5EXT-6095076","2024-03-27T21:44:18.497Z","high"
"0708d6a5-c79a-4f28-9fde-b7126a5c7252","140ad3e4-018f-43f3-a688-0c32f9b341ab","d04b70dc-c890-41ca-aa2e-4c338c58631e","SNYK-JS-NODEFORGE-2430339","2024-03-27T21:44:18.497Z","high"
"0708d6a5-c79a-4f28-9fde-b7126a5c7252","140ad3e4-018f-43f3-a688-0c32f9b341ab","d04b70dc-c890-41ca-aa2e-4c338c58631e","SNYK-JS-TAR-1579155","2024-03-27T21:44:18.497Z","high"
"0708d6a5-c79a-4f28-9fde-b7126a5c7252","140ad3e4-018f-43f3-a688-0c32f9b341ab","d04b70dc-c890-41ca-aa2e-4c338c58631e","SNYK-JS-DECODEURICOMPONENT-3149970","2024-03-27T21:44:18.497Z","high"
"0708d6a5-c79a-4f28-9fde-b7126a5c7252","140ad3e4-018f-43f3-a688-0c32f9b341ab","d04b70dc-c890-41ca-aa2e-4c338c58631e","SNYK-JS-SEMVER-3247795","2024-03-27T21:44:18.497Z","high"
"0708d6a5-c79a-4f28-9fde-b7126a5c7252","140ad3e4-018f-43f3-a688-0c32f9b341ab","d04b70dc-c890-41ca-aa2e-4c338c58631e","SNYK-JS-TAR-1536531","2024-03-27T21:44:18.497Z","high"
"0708d6a5-c79a-4f28-9fde-b7126a5c7252","140ad3e4-018f-43f3-a688-0c32f9b341ab","d04b70dc-c890-41ca-aa2e-4c338c58631e","SNYK-JS-OBJECTPATH-1017036","2024-03-27T21:44:18.497Z","high"
"0708d6a5-c79a-4f28-9fde-b7126a5c7252","140ad3e4-018f-43f3-a688-0c32f9b341ab","d04b70dc-c890-41ca-aa2e-4c338c58631e","SNYK-JS-ANSIREGEX-1583908","2024-03-27T21:44:18.497Z","high"
"0708d6a5-c79a-4f28-9fde-b7126a5c7252","140ad3e4-018f-43f3-a688-0c32f9b341ab","d04b70dc-c890-41ca-aa2e-4c338c58631e","SNYK-JS-NODESASS-535500","2024-03-27T21:44:18.497Z","high"
"0708d6a5-c79a-4f28-9fde-b7126a5c7252","140ad3e4-018f-43f3-a688-0c32f9b341ab","d04b70dc-c890-41ca-aa2e-4c338c58631e","SNYK-JS-NODESASS-541000","2024-03-27T21:44:18.497Z","high"
"0708d6a5-c79a-4f28-9fde-b7126a5c7252","140ad3e4-018f-43f3-a688-0c32f9b341ab","d04b70dc-c890-41ca-aa2e-4c338c58631e","SNYK-JS-IP-6240864","2024-03-27T21:44:18.497Z","high"
"0708d6a5-c79a-4f28-9fde-b7126a5c7252","140ad3e4-018f-43f3-a688-0c32f9b341ab","d04b70dc-c890-41ca-aa2e-4c338c58631e","SNYK-JS-LOADERUTILS-3043105","2024-03-27T21:44:18.497Z","high"
"0708d6a5-c79a-4f28-9fde-b7126a5c7252","140ad3e4-018f-43f3-a688-0c32f9b341ab","d04b70dc-c890-41ca-aa2e-4c338c58631e","snyk:lic:npm:qrious:GPL-3.0","2024-03-27T21:44:18.497Z","high"
"0708d6a5-c79a-4f28-9fde-b7126a5c7252","140ad3e4-018f-43f3-a688-0c32f9b341ab","d04b70dc-c890-41ca-aa2e-4c338c58631e","SNYK-JS-FOLLOWREDIRECTS-6141137","2024-03-27T21:44:18.497Z","high"
"0708d6a5-c79a-4f28-9fde-b7126a5c7252","140ad3e4-018f-43f3-a688-0c32f9b341ab","d04b70dc-c890-41ca-aa2e-4c338c58631e","SNYK-JS-ANSIHTML-1296849","2024-03-27T21:44:18.497Z","high"
"0708d6a5-c79a-4f28-9fde-b7126a5c7252","140ad3e4-018f-43f3-a688-0c32f9b341ab","d04b70dc-c890-41ca-aa2e-4c338c58631e","SNYK-JS-NTHCHECK-1586032","2024-03-27T21:44:18.497Z","high"
"0708d6a5-c79a-4f28-9fde-b7126a5c7252","140ad3e4-018f-43f3-a688-0c32f9b341ab","d04b70dc-c890-41ca-aa2e-4c338c58631e","SNYK-JS-WEBPACKDEVMIDDLEWARE-6476555","2024-03-27T21:44:18.497Z","high"
"0708d6a5-c79a-4f28-9fde-b7126a5c7252","140ad3e4-018f-43f3-a688-0c32f9b341ab","d04b70dc-c890-41ca-aa2e-4c338c58631e","SNYK-JS-TAR-1579147","2024-03-27T21:44:18.497Z","high"
"0708d6a5-c79a-4f28-9fde-b7126a5c7252","140ad3e4-018f-43f3-a688-0c32f9b341ab","d04b70dc-c890-41ca-aa2e-4c338c58631e","SNYK-JS-OBJECTPATH-1585658","2024-03-27T21:44:18.497Z","high"
"0708d6a5-c79a-4f28-9fde-b7126a5c7252","140ad3e4-018f-43f3-a688-0c32f9b341ab","d04b70dc-c890-41ca-aa2e-4c338c58631e","SNYK-JS-TRIMNEWLINES-1298042","2024-03-27T21:44:18.497Z","high"
"0708d6a5-c79a-4f28-9fde-b7126a5c7252","140ad3e4-018f-43f3-a688-0c32f9b341ab","d04b70dc-c890-41ca-aa2e-4c338c58631e","SNYK-JS-BROWSERIFYSIGN-6037026","2024-03-27T21:44:18.497Z","high"
"0708d6a5-c79a-4f28-9fde-b7126a5c7252","140ad3e4-018f-43f3-a688-0c32f9b341ab","d04b70dc-c890-41ca-aa2e-4c338c58631e","SNYK-JS-UNSETVALUE-2400660","2024-03-27T21:44:18.497Z","high"
"0708d6a5-c79a-4f28-9fde-b7126a5c7252","140ad3e4-018f-43f3-a688-0c32f9b341ab","d04b70dc-c890-41ca-aa2e-4c338c58631e","SNYK-JS-TAR-1536528","2024-03-27T21:44:18.497Z","high"
"0708d6a5-c79a-4f28-9fde-b7126a5c7252","140ad3e4-018f-43f3-a688-0c32f9b341ab","d04b70dc-c890-41ca-aa2e-4c338c58631e","SNYK-JS-TAR-1579152","2024-03-27T21:44:18.497Z","high"
"0708d6a5-c79a-4f28-9fde-b7126a5c7252","140ad3e4-018f-43f3-a688-0c32f9b341ab","9b92da1e-be72-4f38-9ecc-03ffb624521a","SNYK-DEBIAN10-GLIB20-1075023","2024-03-27T21:44:18.907Z","high"
"0708d6a5-c79a-4f28-9fde-b7126a5c7252","140ad3e4-018f-43f3-a688-0c32f9b341ab","9b92da1e-be72-4f38-9ecc-03ffb624521a","SNYK-DEBIAN10-IMAGEMAGICK-1049976","2024-03-27T21:44:18.907Z","high"
"0708d6a5-c79a-4f28-9fde-b7126a5c7252","140ad3e4-018f-43f3-a688-0c32f9b341ab","9b92da1e-be72-4f38-9ecc-03ffb624521a","SNYK-DEBIAN10-GLIBC-1065768","2024-03-27T21:44:18.907Z","high"
"0708d6a5-c79a-4f28-9fde-b7126a5c7252","140ad3e4-018f-43f3-a688-0c32f9b341ab","9b92da1e-be72-4f38-9ecc-03ffb624521a","SNYK-DEBIAN10-IMAGEMAGICK-1246512","2024-03-27T21:44:18.907Z","high"
"0708d6a5-c79a-4f28-9fde-b7126a5c7252","140ad3e4-018f-43f3-a688-0c32f9b341ab","9b92da1e-be72-4f38-9ecc-03ffb624521a","SNYK-DEBIAN10-IMAGEMAGICK-1042774","2024-03-27T21:44:18.907Z","high"
"0708d6a5-c79a-4f28-9fde-b7126a5c7252","140ad3e4-018f-43f3-a688-0c32f9b341ab","9b92da1e-be72-4f38-9ecc-03ffb624521a","SNYK-DEBIAN10-IMAGEMAGICK-1048022","2024-03-27T21:44:18.907Z","high"
"0708d6a5-c79a-4f28-9fde-b7126a5c7252","140ad3e4-018f-43f3-a688-0c32f9b341ab","9b92da1e-be72-4f38-9ecc-03ffb624521a","SNYK-DEBIAN10-CURL-1049502","2024-03-27T21:44:18.907Z","high"
"0708d6a5-c79a-4f28-9fde-b7126a5c7252","140ad3e4-018f-43f3-a688-0c32f9b341ab","9b92da1e-be72-4f38-9ecc-03ffb624521a","SNYK-DEBIAN10-CURL-573151","2024-03-27T21:44:18.907Z","high"
"0708d6a5-c79a-4f28-9fde-b7126a5c7252","140ad3e4-018f-43f3-a688-0c32f9b341ab","9b92da1e-be72-4f38-9ecc-03ffb624521a","SNYK-DEBIAN10-GLIBC-559488","2024-03-27T21:44:18.907Z","high"
"0708d6a5-c79a-4f28-9fde-b7126a5c7252","140ad3e4-018f-43f3-a688-0c32f9b341ab","9b92da1e-be72-4f38-9ecc-03ffb624521a","SNYK-DEBIAN10-GLIB20-5670985","2024-03-27T21:44:18.907Z","high"
"0708d6a5-c79a-4f28-9fde-b7126a5c7252","140ad3e4-018f-43f3-a688-0c32f9b341ab","9b92da1e-be72-4f38-9ecc-03ffb624521a","SNYK-DEBIAN10-GIT-5461946","2024-03-27T21:44:18.907Z","high"
"0708d6a5-c79a-4f28-9fde-b7126a5c7252","140ad3e4-018f-43f3-a688-0c32f9b341ab","9b92da1e-be72-4f38-9ecc-03ffb624521a","SNYK-DEBIAN10-GZIP-2444259","2024-03-27T21:44:18.907Z","high"
"0708d6a5-c79a-4f28-9fde-b7126a5c7252","140ad3e4-018f-43f3-a688-0c32f9b341ab","9b92da1e-be72-4f38-9ecc-03ffb624521a","SNYK-DEBIAN10-GNUTLS28-609778","2024-03-27T21:44:18.907Z","high"
"0708d6a5-c79a-4f28-9fde-b7126a5c7252","140ad3e4-018f-43f3-a688-0c32f9b341ab","9b92da1e-be72-4f38-9ecc-03ffb624521a","SNYK-DEBIAN10-GIT-1577271","2024-03-27T21:44:18.907Z","high"
"0708d6a5-c79a-4f28-9fde-b7126a5c7252","140ad3e4-018f-43f3-a688-0c32f9b341ab","9b92da1e-be72-4f38-9ecc-03ffb624521a","SNYK-DEBIAN10-GLIBC-564233","2024-03-27T21:44:18.907Z","high"
"0708d6a5-c79a-4f28-9fde-b7126a5c7252","140ad3e4-018f-43f3-a688-0c32f9b341ab","9b92da1e-be72-4f38-9ecc-03ffb624521a","SNYK-DEBIAN10-IMAGEMAGICK-1246263","2024-03-27T21:44:18.907Z","high"
"0708d6a5-c79a-4f28-9fde-b7126a5c7252","140ad3e4-018f-43f3-a688-0c32f9b341ab","9b92da1e-be72-4f38-9ecc-03ffb624521a","SNYK-DEBIAN10-CURL-573153","2024-03-27T21:44:18.907Z","high"
"0708d6a5-c79a-4f28-9fde-b7126a5c7252","140ad3e4-018f-43f3-a688-0c32f9b341ab","9b92da1e-be72-4f38-9ecc-03ffb624521a","SNYK-DEBIAN10-IMAGEMAGICK-5858554","2024-03-27T21:44:18.907Z","high"
"0708d6a5-c79a-4f28-9fde-b7126a5c7252","140ad3e4-018f-43f3-a688-0c32f9b341ab","9b92da1e-be72-4f38-9ecc-03ffb624521a","SNYK-DEBIAN10-CYRUSSASL2-2412041","2024-03-27T21:44:18.907Z","high"
"0708d6a5-c79a-4f28-9fde-b7126a5c7252","140ad3e4-018f-43f3-a688-0c32f9b341ab","9b92da1e-be72-4f38-9ecc-03ffb624521a","SNYK-DEBIAN10-EXPAT-2384929","2024-03-27T21:44:18.907Z","high"
"0708d6a5-c79a-4f28-9fde-b7126a5c7252","140ad3e4-018f-43f3-a688-0c32f9b341ab","9b92da1e-be72-4f38-9ecc-03ffb624521a","SNYK-DEBIAN10-IMAGEMAGICK-2928992","2024-03-27T21:44:18.907Z","high"
"0708d6a5-c79a-4f28-9fde-b7126a5c7252","140ad3e4-018f-43f3-a688-0c32f9b341ab","9b92da1e-be72-4f38-9ecc-03ffb624521a","SNYK-DEBIAN10-IMAGEMAGICK-5850024","2024-03-27T21:44:18.907Z","high"
"0708d6a5-c79a-4f28-9fde-b7126a5c7252","140ad3e4-018f-43f3-a688-0c32f9b341ab","9b92da1e-be72-4f38-9ecc-03ffb624521a","SNYK-DEBIAN10-EXPAT-6227596","2024-03-27T21:44:18.907Z","high"
"0708d6a5-c79a-4f28-9fde-b7126a5c7252","140ad3e4-018f-43f3-a688-0c32f9b341ab","9b92da1e-be72-4f38-9ecc-03ffb624521a","SNYK-DEBIAN10-DJVULIBRE-1290629","2024-03-27T21:44:18.907Z","high"
"0708d6a5-c79a-4f28-9fde-b7126a5c7252","140ad3e4-018f-43f3-a688-0c32f9b341ab","9b92da1e-be72-4f38-9ecc-03ffb624521a","SNYK-DEBIAN10-GNUTLS28-2964217","2024-03-27T21:44:18.907Z","high"
"0708d6a5-c79a-4f28-9fde-b7126a5c7252","140ad3e4-018f-43f3-a688-0c32f9b341ab","9b92da1e-be72-4f38-9ecc-03ffb624521a","SNYK-DEBIAN10-IMAGEMAGICK-2928986","2024-03-27T21:44:18.907Z","high"
"0708d6a5-c79a-4f28-9fde-b7126a5c7252","140ad3e4-018f-43f3-a688-0c32f9b341ab","9b92da1e-be72-4f38-9ecc-03ffb624521a","SNYK-DEBIAN10-CURL-3366768","2024-03-27T21:44:18.907Z","high"
"0708d6a5-c79a-4f28-9fde-b7126a5c7252","140ad3e4-018f-43f3-a688-0c32f9b341ab","9b92da1e-be72-4f38-9ecc-03ffb624521a","SNYK-DEBIAN10-GMP-1920939","2024-03-27T21:44:18.907Z","high"
"0708d6a5-c79a-4f28-9fde-b7126a5c7252","140ad3e4-018f-43f3-a688-0c32f9b341ab","9b92da1e-be72-4f38-9ecc-03ffb624521a","SNYK-DEBIAN10-GLIBC-2340921","2024-03-27T21:44:18.907Z","high"
"0708d6a5-c79a-4f28-9fde-b7126a5c7252","140ad3e4-018f-43f3-a688-0c32f9b341ab","9b92da1e-be72-4f38-9ecc-03ffb624521a","SNYK-DEBIAN10-IMAGEMAGICK-1244105","2024-03-27T21:44:18.907Z","high"
"0708d6a5-c79a-4f28-9fde-b7126a5c7252","140ad3e4-018f-43f3-a688-0c32f9b341ab","9b92da1e-be72-4f38-9ecc-03ffb624521a","SNYK-DEBIAN10-GIT-1083853","2024-03-27T21:44:18.907Z","high"
"0708d6a5-c79a-4f28-9fde-b7126a5c7252","140ad3e4-018f-43f3-a688-0c32f9b341ab","9b92da1e-be72-4f38-9ecc-03ffb624521a","SNYK-DEBIAN10-CURL-1049506","2024-03-27T21:44:18.907Z","high"
"0708d6a5-c79a-4f28-9fde-b7126a5c7252","140ad3e4-018f-43f3-a688-0c32f9b341ab","9b92da1e-be72-4f38-9ecc-03ffb624521a","SNYK-DEBIAN10-EXPAT-2331795","2024-03-27T21:44:18.907Z","high"
"0708d6a5-c79a-4f28-9fde-b7126a5c7252","140ad3e4-018f-43f3-a688-0c32f9b341ab","9b92da1e-be72-4f38-9ecc-03ffb624521a","SNYK-DEBIAN10-EXPAT-2331796","2024-03-27T21:44:18.907Z","high"
"0708d6a5-c79a-4f28-9fde-b7126a5c7252","140ad3e4-018f-43f3-a688-0c32f9b341ab","9b92da1e-be72-4f38-9ecc-03ffb624521a","SNYK-DEBIAN10-DJVULIBRE-1290638","2024-03-27T21:44:18.907Z","high"
"0708d6a5-c79a-4f28-9fde-b7126a5c7252","140ad3e4-018f-43f3-a688-0c32f9b341ab","9b92da1e-be72-4f38-9ecc-03ffb624521a","SNYK-DEBIAN10-GNUTLS28-6159414","2024-03-27T21:44:18.907Z","high"
"0708d6a5-c79a-4f28-9fde-b7126a5c7252","140ad3e4-018f-43f3-a688-0c32f9b341ab","9b92da1e-be72-4f38-9ecc-03ffb624521a","SNYK-DEBIAN10-FREETYPE-2774657","2024-03-27T21:44:18.907Z","high"
"0708d6a5-c79a-4f28-9fde-b7126a5c7252","140ad3e4-018f-43f3-a688-0c32f9b341ab","9b92da1e-be72-4f38-9ecc-03ffb624521a","SNYK-DEBIAN10-EXPAT-3061092","2024-03-27T21:44:18.907Z","high"
"0708d6a5-c79a-4f28-9fde-b7126a5c7252","140ad3e4-018f-43f3-a688-0c32f9b341ab","9b92da1e-be72-4f38-9ecc-03ffb624521a","SNYK-DEBIAN10-EXPAT-2330888","2024-03-27T21:44:18.907Z","high"
"0708d6a5-c79a-4f28-9fde-b7126a5c7252","140ad3e4-018f-43f3-a688-0c32f9b341ab","9b92da1e-be72-4f38-9ecc-03ffb624521a","SNYK-DEBIAN10-CURL-2813772","2024-03-27T21:44:18.907Z","high"
"0708d6a5-c79a-4f28-9fde-b7126a5c7252","140ad3e4-018f-43f3-a688-0c32f9b341ab","9b92da1e-be72-4f38-9ecc-03ffb624521a","SNYK-DEBIAN10-DJVULIBRE-1278421","2024-03-27T21:44:18.907Z","high"
"0708d6a5-c79a-4f28-9fde-b7126a5c7252","140ad3e4-018f-43f3-a688-0c32f9b341ab","9b92da1e-be72-4f38-9ecc-03ffb624521a","SNYK-DEBIAN10-CAIRO-1054852","2024-03-27T21:44:18.907Z","high"
"0708d6a5-c79a-4f28-9fde-b7126a5c7252","140ad3e4-018f-43f3-a688-0c32f9b341ab","9b92da1e-be72-4f38-9ecc-03ffb624521a","SNYK-DEBIAN10-CURL-608200","2024-03-27T21:44:18.907Z","high"
"0708d6a5-c79a-4f28-9fde-b7126a5c7252","140ad3e4-018f-43f3-a688-0c32f9b341ab","9b92da1e-be72-4f38-9ecc-03ffb624521a","SNYK-DEBIAN10-IMAGEMAGICK-2812516","2024-03-27T21:44:18.907Z","high"
"0708d6a5-c79a-4f28-9fde-b7126a5c7252","140ad3e4-018f-43f3-a688-0c32f9b341ab","9b92da1e-be72-4f38-9ecc-03ffb624521a","SNYK-DEBIAN10-DJVULIBRE-1290628","2024-03-27T21:44:18.907Z","high"
"0708d6a5-c79a-4f28-9fde-b7126a5c7252","140ad3e4-018f-43f3-a688-0c32f9b341ab","9b92da1e-be72-4f38-9ecc-03ffb624521a","SNYK-DEBIAN10-GIT-2949147","2024-03-27T21:44:18.907Z","high"
"0708d6a5-c79a-4f28-9fde-b7126a5c7252","140ad3e4-018f-43f3-a688-0c32f9b341ab","9b92da1e-be72-4f38-9ecc-03ffb624521a","SNYK-DEBIAN10-IMAGEMAGICK-2928990","2024-03-27T21:44:18.907Z","high"
"0708d6a5-c79a-4f28-9fde-b7126a5c7252","140ad3e4-018f-43f3-a688-0c32f9b341ab","9b92da1e-be72-4f38-9ecc-03ffb624521a","SNYK-DEBIAN10-CURL-1585139","2024-03-27T21:44:18.907Z","high"
"0708d6a5-c79a-4f28-9fde-b7126a5c7252","140ad3e4-018f-43f3-a688-0c32f9b341ab","9b92da1e-be72-4f38-9ecc-03ffb624521a","SNYK-DEBIAN10-GIT-2635966","2024-03-27T21:44:18.907Z","high"
"0708d6a5-c79a-4f28-9fde-b7126a5c7252","140ad3e4-018f-43f3-a688-0c32f9b341ab","9b92da1e-be72-4f38-9ecc-03ffb624521a","SNYK-DEBIAN10-GLIBC-559493","2024-03-27T21:44:18.907Z","high"
"0708d6a5-c79a-4f28-9fde-b7126a5c7252","140ad3e4-018f-43f3-a688-0c32f9b341ab","9b92da1e-be72-4f38-9ecc-03ffb624521a","SNYK-DEBIAN10-GLIB20-1075027","2024-03-27T21:44:18.907Z","high"
"0708d6a5-c79a-4f28-9fde-b7126a5c7252","140ad3e4-018f-43f3-a688-0c32f9b341ab","9b92da1e-be72-4f38-9ecc-03ffb624521a","SNYK-DEBIAN10-GIT-3051708","2024-03-27T21:44:18.907Z","high"
"0708d6a5-c79a-4f28-9fde-b7126a5c7252","140ad3e4-018f-43f3-a688-0c32f9b341ab","9b92da1e-be72-4f38-9ecc-03ffb624521a","SNYK-DEBIAN10-FREETYPE-2774652","2024-03-27T21:44:18.907Z","high"
"0708d6a5-c79a-4f28-9fde-b7126a5c7252","140ad3e4-018f-43f3-a688-0c32f9b341ab","9b92da1e-be72-4f38-9ecc-03ffb624521a","SNYK-DEBIAN10-EXPAT-3023032","2024-03-27T21:44:18.907Z","high"
"0708d6a5-c79a-4f28-9fde-b7126a5c7252","140ad3e4-018f-43f3-a688-0c32f9b341ab","9b92da1e-be72-4f38-9ecc-03ffb624521a","SNYK-DEBIAN10-DJVULIBRE-481572","2024-03-27T21:44:18.907Z","high"
"0708d6a5-c79a-4f28-9fde-b7126a5c7252","140ad3e4-018f-43f3-a688-0c32f9b341ab","9b92da1e-be72-4f38-9ecc-03ffb624521a","SNYK-DEBIAN10-EXPAT-2406126","2024-03-27T21:44:18.907Z","high"
"0708d6a5-c79a-4f28-9fde-b7126a5c7252","140ad3e4-018f-43f3-a688-0c32f9b341ab","9b92da1e-be72-4f38-9ecc-03ffb624521a","SNYK-DEBIAN10-EXPAT-2331820","2024-03-27T21:44:18.907Z","high"
"0708d6a5-c79a-4f28-9fde-b7126a5c7252","140ad3e4-018f-43f3-a688-0c32f9b341ab","9b92da1e-be72-4f38-9ecc-03ffb624521a","SNYK-DEBIAN10-CURL-3366771","2024-03-27T21:44:18.907Z","high"
"0708d6a5-c79a-4f28-9fde-b7126a5c7252","140ad3e4-018f-43f3-a688-0c32f9b341ab","9b92da1e-be72-4f38-9ecc-03ffb624521a","SNYK-DEBIAN10-GIT-5461944","2024-03-27T21:44:18.907Z","high"
"0708d6a5-c79a-4f28-9fde-b7126a5c7252","140ad3e4-018f-43f3-a688-0c32f9b341ab","9b92da1e-be72-4f38-9ecc-03ffb624521a","SNYK-DEBIAN10-CURL-2813757","2024-03-27T21:44:18.907Z","high"
"0708d6a5-c79a-4f28-9fde-b7126a5c7252","140ad3e4-018f-43f3-a688-0c32f9b341ab","9b92da1e-be72-4f38-9ecc-03ffb624521a","SNYK-DEBIAN10-GIT-3319755","2024-03-27T21:44:18.907Z","high"
"0708d6a5-c79a-4f28-9fde-b7126a5c7252","140ad3e4-018f-43f3-a688-0c32f9b341ab","9b92da1e-be72-4f38-9ecc-03ffb624521a","SNYK-DEBIAN10-GCC8-347558","2024-03-27T21:44:18.907Z","high"
"0708d6a5-c79a-4f28-9fde-b7126a5c7252","140ad3e4-018f-43f3-a688-0c32f9b341ab","9b92da1e-be72-4f38-9ecc-03ffb624521a","SNYK-DEBIAN10-GNUTLS28-3318300","2024-03-27T21:44:18.907Z","high"
"0708d6a5-c79a-4f28-9fde-b7126a5c7252","140ad3e4-018f-43f3-a688-0c32f9b341ab","9b92da1e-be72-4f38-9ecc-03ffb624521a","SNYK-DEBIAN10-EXPAT-2329087","2024-03-27T21:44:18.907Z","high"
"0708d6a5-c79a-4f28-9fde-b7126a5c7252","140ad3e4-018f-43f3-a688-0c32f9b341ab","9b92da1e-be72-4f38-9ecc-03ffb624521a","SNYK-DEBIAN10-CURL-2805484","2024-03-27T21:44:18.907Z","high"
"0708d6a5-c79a-4f28-9fde-b7126a5c7252","140ad3e4-018f-43f3-a688-0c32f9b341ab","9b92da1e-be72-4f38-9ecc-03ffb624521a","SNYK-DEBIAN10-FRIBIDI-2433113","2024-03-27T21:44:18.907Z","high"
"0708d6a5-c79a-4f28-9fde-b7126a5c7252","140ad3e4-018f-43f3-a688-0c32f9b341ab","9b92da1e-be72-4f38-9ecc-03ffb624521a","SNYK-DEBIAN10-DJVULIBRE-1290633","2024-03-27T21:44:18.907Z","high"
"0708d6a5-c79a-4f28-9fde-b7126a5c7252","140ad3e4-018f-43f3-a688-0c32f9b341ab","9b92da1e-be72-4f38-9ecc-03ffb624521a","SNYK-DEBIAN10-LIBDE265-2359233","2024-03-27T21:44:18.909Z","high"
"0708d6a5-c79a-4f28-9fde-b7126a5c7252","140ad3e4-018f-43f3-a688-0c32f9b341ab","9b92da1e-be72-4f38-9ecc-03ffb624521a","SNYK-DEBIAN10-LIBXML2-542927","2024-03-27T21:44:18.909Z","high"
"0708d6a5-c79a-4f28-9fde-b7126a5c7252","140ad3e4-018f-43f3-a688-0c32f9b341ab","9b92da1e-be72-4f38-9ecc-03ffb624521a","SNYK-DEBIAN10-LIBXML2-3059798","2024-03-27T21:44:18.909Z","high"
"0708d6a5-c79a-4f28-9fde-b7126a5c7252","140ad3e4-018f-43f3-a688-0c32f9b341ab","9b92da1e-be72-4f38-9ecc-03ffb624521a","SNYK-DEBIAN10-LIBXML2-429565","2024-03-27T21:44:18.909Z","high"
"0708d6a5-c79a-4f28-9fde-b7126a5c7252","140ad3e4-018f-43f3-a688-0c32f9b341ab","9b92da1e-be72-4f38-9ecc-03ffb624521a","SNYK-DEBIAN10-LIBDE265-1585971","2024-03-27T21:44:18.909Z","high"
"0708d6a5-c79a-4f28-9fde-b7126a5c7252","140ad3e4-018f-43f3-a688-0c32f9b341ab","9b92da1e-be72-4f38-9ecc-03ffb624521a","SNYK-DEBIAN10-LIBDE265-6105345","2024-03-27T21:44:18.909Z","high"
"0708d6a5-c79a-4f28-9fde-b7126a5c7252","140ad3e4-018f-43f3-a688-0c32f9b341ab","9b92da1e-be72-4f38-9ecc-03ffb624521a","SNYK-DEBIAN10-LIBX11-5927157","2024-03-27T21:44:18.909Z","high"
"0708d6a5-c79a-4f28-9fde-b7126a5c7252","140ad3e4-018f-43f3-a688-0c32f9b341ab","9b92da1e-be72-4f38-9ecc-03ffb624521a","SNYK-DEBIAN10-LIBXML2-1277349","2024-03-27T21:44:18.909Z","high"
"0708d6a5-c79a-4f28-9fde-b7126a5c7252","140ad3e4-018f-43f3-a688-0c32f9b341ab","9b92da1e-be72-4f38-9ecc-03ffb624521a","SNYK-DEBIAN10-LIBX11-5710890","2024-03-27T21:44:18.909Z","high"
"0708d6a5-c79a-4f28-9fde-b7126a5c7252","140ad3e4-018f-43f3-a688-0c32f9b341ab","9b92da1e-be72-4f38-9ecc-03ffb624521a","SNYK-DEBIAN10-LIBSSH2-5861759","2024-03-27T21:44:18.909Z","high"
"0708d6a5-c79a-4f28-9fde-b7126a5c7252","140ad3e4-018f-43f3-a688-0c32f9b341ab","9b92da1e-be72-4f38-9ecc-03ffb624521a","SNYK-DEBIAN10-LIBXML2-539775","2024-03-27T21:44:18.909Z","high"
"0708d6a5-c79a-4f28-9fde-b7126a5c7252","140ad3e4-018f-43f3-a688-0c32f9b341ab","9b92da1e-be72-4f38-9ecc-03ffb624521a","SNYK-DEBIAN10-LIBSSH2-474372","2024-03-27T21:44:18.909Z","high"
"0708d6a5-c79a-4f28-9fde-b7126a5c7252","140ad3e4-018f-43f3-a688-0c32f9b341ab","9b92da1e-be72-4f38-9ecc-03ffb624521a","SNYK-DEBIAN10-LIBXML2-3059802","2024-03-27T21:44:18.909Z","high"
"0708d6a5-c79a-4f28-9fde-b7126a5c7252","140ad3e4-018f-43f3-a688-0c32f9b341ab","9b92da1e-be72-4f38-9ecc-03ffb624521a","SNYK-DEBIAN10-LIBXML2-1277346","2024-03-27T21:44:18.909Z","high"
"0708d6a5-c79a-4f28-9fde-b7126a5c7252","140ad3e4-018f-43f3-a688-0c32f9b341ab","9b92da1e-be72-4f38-9ecc-03ffb624521a","SNYK-DEBIAN10-LIBDE265-3342947","2024-03-27T21:44:18.909Z","high"
"0708d6a5-c79a-4f28-9fde-b7126a5c7252","140ad3e4-018f-43f3-a688-0c32f9b341ab","9b92da1e-be72-4f38-9ecc-03ffb624521a","SNYK-DEBIAN10-LIBJPEGTURBO-571504","2024-03-27T21:44:18.909Z","high"
"0708d6a5-c79a-4f28-9fde-b7126a5c7252","140ad3e4-018f-43f3-a688-0c32f9b341ab","9b92da1e-be72-4f38-9ecc-03ffb624521a","SNYK-DEBIAN10-KRB5-1320094","2024-03-27T21:44:18.909Z","high"
"0708d6a5-c79a-4f28-9fde-b7126a5c7252","140ad3e4-018f-43f3-a688-0c32f9b341ab","9b92da1e-be72-4f38-9ecc-03ffb624521a","SNYK-DEBIAN10-LIBDE265-6070697","2024-03-27T21:44:18.909Z","high"
"0708d6a5-c79a-4f28-9fde-b7126a5c7252","140ad3e4-018f-43f3-a688-0c32f9b341ab","9b92da1e-be72-4f38-9ecc-03ffb624521a","SNYK-DEBIAN10-LIBDE265-3342950","2024-03-27T21:44:18.909Z","high"
"0708d6a5-c79a-4f28-9fde-b7126a5c7252","140ad3e4-018f-43f3-a688-0c32f9b341ab","9b92da1e-be72-4f38-9ecc-03ffb624521a","SNYK-DEBIAN10-LIBJPEGTURBO-480829","2024-03-27T21:44:18.909Z","high"
"0708d6a5-c79a-4f28-9fde-b7126a5c7252","140ad3e4-018f-43f3-a688-0c32f9b341ab","9b92da1e-be72-4f38-9ecc-03ffb624521a","SNYK-DEBIAN10-LIBDE265-3361566","2024-03-27T21:44:18.909Z","high"
"0708d6a5-c79a-4f28-9fde-b7126a5c7252","140ad3e4-018f-43f3-a688-0c32f9b341ab","9b92da1e-be72-4f38-9ecc-03ffb624521a","SNYK-DEBIAN10-LIBSSH2-452460","2024-03-27T21:44:18.909Z","high"
"0708d6a5-c79a-4f28-9fde-b7126a5c7252","140ad3e4-018f-43f3-a688-0c32f9b341ab","9b92da1e-be72-4f38-9ecc-03ffb624521a","SNYK-DEBIAN10-LIBDE265-6105363","2024-03-27T21:44:18.909Z","high"
"0708d6a5-c79a-4f28-9fde-b7126a5c7252","140ad3e4-018f-43f3-a688-0c32f9b341ab","9b92da1e-be72-4f38-9ecc-03ffb624521a","SNYK-DEBIAN10-LIBXML2-2413976","2024-03-27T21:44:18.909Z","high"
"0708d6a5-c79a-4f28-9fde-b7126a5c7252","140ad3e4-018f-43f3-a688-0c32f9b341ab","9b92da1e-be72-4f38-9ecc-03ffb624521a","SNYK-DEBIAN10-LIBDE265-3227415","2024-03-27T21:44:18.909Z","high"
"0708d6a5-c79a-4f28-9fde-b7126a5c7252","140ad3e4-018f-43f3-a688-0c32f9b341ab","9b92da1e-be72-4f38-9ecc-03ffb624521a","SNYK-DEBIAN10-LIBDE265-6105350","2024-03-27T21:44:18.909Z","high"
"0708d6a5-c79a-4f28-9fde-b7126a5c7252","140ad3e4-018f-43f3-a688-0c32f9b341ab","9b92da1e-be72-4f38-9ecc-03ffb624521a","SNYK-DEBIAN10-LIBDE265-3336915","2024-03-27T21:44:18.909Z","high"
"0708d6a5-c79a-4f28-9fde-b7126a5c7252","140ad3e4-018f-43f3-a688-0c32f9b341ab","9b92da1e-be72-4f38-9ecc-03ffb624521a","SNYK-DEBIAN10-LIBX11-608548","2024-03-27T21:44:18.909Z","high"
"0708d6a5-c79a-4f28-9fde-b7126a5c7252","140ad3e4-018f-43f3-a688-0c32f9b341ab","9b92da1e-be72-4f38-9ecc-03ffb624521a","SNYK-DEBIAN10-LIBXML2-542929","2024-03-27T21:44:18.909Z","high"
"0708d6a5-c79a-4f28-9fde-b7126a5c7252","140ad3e4-018f-43f3-a688-0c32f9b341ab","9b92da1e-be72-4f38-9ecc-03ffb624521a","SNYK-DEBIAN10-LIBXML2-1277350","2024-03-27T21:44:18.909Z","high"
"0708d6a5-c79a-4f28-9fde-b7126a5c7252","140ad3e4-018f-43f3-a688-0c32f9b341ab","9b92da1e-be72-4f38-9ecc-03ffb624521a","SNYK-DEBIAN10-KRB5-1037638","2024-03-27T21:44:18.909Z","high"
"0708d6a5-c79a-4f28-9fde-b7126a5c7252","140ad3e4-018f-43f3-a688-0c32f9b341ab","9b92da1e-be72-4f38-9ecc-03ffb624521a","SNYK-DEBIAN10-KRB5-3120879","2024-03-27T21:44:18.909Z","high"
"0708d6a5-c79a-4f28-9fde-b7126a5c7252","140ad3e4-018f-43f3-a688-0c32f9b341ab","9b92da1e-be72-4f38-9ecc-03ffb624521a","SNYK-DEBIAN10-LIBWEBP-5489178","2024-03-27T21:44:18.909Z","high"
"0708d6a5-c79a-4f28-9fde-b7126a5c7252","140ad3e4-018f-43f3-a688-0c32f9b341ab","9b92da1e-be72-4f38-9ecc-03ffb624521a","SNYK-DEBIAN10-LIBWEBP-1289557","2024-03-27T21:44:18.909Z","high"
"0708d6a5-c79a-4f28-9fde-b7126a5c7252","140ad3e4-018f-43f3-a688-0c32f9b341ab","9b92da1e-be72-4f38-9ecc-03ffb624521a","SNYK-DEBIAN10-LIBWEBP-5893093","2024-03-27T21:44:18.909Z","high"
"0708d6a5-c79a-4f28-9fde-b7126a5c7252","140ad3e4-018f-43f3-a688-0c32f9b341ab","9b92da1e-be72-4f38-9ecc-03ffb624521a","SNYK-DEBIAN10-OPENJPEG2-541531","2024-03-27T21:44:18.91Z","high"
"0708d6a5-c79a-4f28-9fde-b7126a5c7252","140ad3e4-018f-43f3-a688-0c32f9b341ab","9b92da1e-be72-4f38-9ecc-03ffb624521a","SNYK-DEBIAN10-OPENSSH-1660419","2024-03-27T21:44:18.91Z","high"
"0708d6a5-c79a-4f28-9fde-b7126a5c7252","140ad3e4-018f-43f3-a688-0c32f9b341ab","9b92da1e-be72-4f38-9ecc-03ffb624521a","SNYK-DEBIAN10-MARIADB103-2940554","2024-03-27T21:44:18.91Z","high"
"0708d6a5-c79a-4f28-9fde-b7126a5c7252","140ad3e4-018f-43f3-a688-0c32f9b341ab","9b92da1e-be72-4f38-9ecc-03ffb624521a","SNYK-DEBIAN10-OPENLDAP-1035359","2024-03-27T21:44:18.91Z","high"
"0708d6a5-c79a-4f28-9fde-b7126a5c7252","140ad3e4-018f-43f3-a688-0c32f9b341ab","9b92da1e-be72-4f38-9ecc-03ffb624521a","SNYK-DEBIAN10-MARIADB103-2940573","2024-03-27T21:44:18.91Z","high"
"0708d6a5-c79a-4f28-9fde-b7126a5c7252","140ad3e4-018f-43f3-a688-0c32f9b341ab","9b92da1e-be72-4f38-9ecc-03ffb624521a","SNYK-DEBIAN10-LIBXSLT-2964221","2024-03-27T21:44:18.91Z","high"
"0708d6a5-c79a-4f28-9fde-b7126a5c7252","140ad3e4-018f-43f3-a688-0c32f9b341ab","9b92da1e-be72-4f38-9ecc-03ffb624521a","SNYK-DEBIAN10-MARIADB103-2766403","2024-03-27T21:44:18.91Z","high"
"0708d6a5-c79a-4f28-9fde-b7126a5c7252","140ad3e4-018f-43f3-a688-0c32f9b341ab","9b92da1e-be72-4f38-9ecc-03ffb624521a","SNYK-DEBIAN10-OPENSSL-3314585","2024-03-27T21:44:18.91Z","high"
"0708d6a5-c79a-4f28-9fde-b7126a5c7252","140ad3e4-018f-43f3-a688-0c32f9b341ab","9b92da1e-be72-4f38-9ecc-03ffb624521a","SNYK-DEBIAN10-OPENLDAP-1064726","2024-03-27T21:44:18.91Z","high"
"0708d6a5-c79a-4f28-9fde-b7126a5c7252","140ad3e4-018f-43f3-a688-0c32f9b341ab","9b92da1e-be72-4f38-9ecc-03ffb624521a","SNYK-DEBIAN10-PYTHON27-5423210","2024-03-27T21:44:18.91Z","high"
"0708d6a5-c79a-4f28-9fde-b7126a5c7252","140ad3e4-018f-43f3-a688-0c32f9b341ab","9b92da1e-be72-4f38-9ecc-03ffb624521a","SNYK-DEBIAN10-MARIADB103-2766301","2024-03-27T21:44:18.91Z","high"
"0708d6a5-c79a-4f28-9fde-b7126a5c7252","140ad3e4-018f-43f3-a688-0c32f9b341ab","9b92da1e-be72-4f38-9ecc-03ffb624521a","SNYK-DEBIAN10-SYSTEMD-3339153","2024-03-27T21:44:18.91Z","high"
"0708d6a5-c79a-4f28-9fde-b7126a5c7252","140ad3e4-018f-43f3-a688-0c32f9b341ab","9b92da1e-be72-4f38-9ecc-03ffb624521a","SNYK-DEBIAN10-OPENLDAP-1064742","2024-03-27T21:44:18.91Z","high"
"0708d6a5-c79a-4f28-9fde-b7126a5c7252","140ad3e4-018f-43f3-a688-0c32f9b341ab","9b92da1e-be72-4f38-9ecc-03ffb624521a","SNYK-DEBIAN10-NCURSES-2767192","2024-03-27T21:44:18.91Z","high"
"0708d6a5-c79a-4f28-9fde-b7126a5c7252","140ad3e4-018f-43f3-a688-0c32f9b341ab","9b92da1e-be72-4f38-9ecc-03ffb624521a","SNYK-DEBIAN10-PYTHON37-2764966","2024-03-27T21:44:18.91Z","high"
"0708d6a5-c79a-4f28-9fde-b7126a5c7252","140ad3e4-018f-43f3-a688-0c32f9b341ab","9b92da1e-be72-4f38-9ecc-03ffb624521a","SNYK-DEBIAN10-MARIADB103-2766377","2024-03-27T21:44:18.91Z","high"
"0708d6a5-c79a-4f28-9fde-b7126a5c7252","140ad3e4-018f-43f3-a688-0c32f9b341ab","9b92da1e-be72-4f38-9ecc-03ffb624521a","SNYK-DEBIAN10-OPENJPEG2-543666","2024-03-27T21:44:18.91Z","high"
"0708d6a5-c79a-4f28-9fde-b7126a5c7252","140ad3e4-018f-43f3-a688-0c32f9b341ab","9b92da1e-be72-4f38-9ecc-03ffb624521a","SNYK-DEBIAN10-POSTGRESQL11-598393","2024-03-27T21:44:18.91Z","high"
"0708d6a5-c79a-4f28-9fde-b7126a5c7252","140ad3e4-018f-43f3-a688-0c32f9b341ab","9b92da1e-be72-4f38-9ecc-03ffb624521a","SNYK-DEBIAN10-PIXMAN-3099046","2024-03-27T21:44:18.91Z","high"
"0708d6a5-c79a-4f28-9fde-b7126a5c7252","140ad3e4-018f-43f3-a688-0c32f9b341ab","9b92da1e-be72-4f38-9ecc-03ffb624521a","SNYK-DEBIAN10-POSTGRESQL11-2980115","2024-03-27T21:44:18.91Z","high"
"0708d6a5-c79a-4f28-9fde-b7126a5c7252","140ad3e4-018f-43f3-a688-0c32f9b341ab","9b92da1e-be72-4f38-9ecc-03ffb624521a","SNYK-DEBIAN10-OPENSSL-3314607","2024-03-27T21:44:18.91Z","high"
"0708d6a5-c79a-4f28-9fde-b7126a5c7252","140ad3e4-018f-43f3-a688-0c32f9b341ab","9b92da1e-be72-4f38-9ecc-03ffb624521a","SNYK-DEBIAN10-MARIADB103-2940586","2024-03-27T21:44:18.91Z","high"
"0708d6a5-c79a-4f28-9fde-b7126a5c7252","140ad3e4-018f-43f3-a688-0c32f9b341ab","9b92da1e-be72-4f38-9ecc-03ffb624521a","SNYK-DEBIAN10-OPENJPEG2-1047355","2024-03-27T21:44:18.91Z","high"
"0708d6a5-c79a-4f28-9fde-b7126a5c7252","140ad3e4-018f-43f3-a688-0c32f9b341ab","9b92da1e-be72-4f38-9ecc-03ffb624521a","SNYK-DEBIAN10-POSTGRESQL11-5838230","2024-03-27T21:44:18.91Z","high"
"0708d6a5-c79a-4f28-9fde-b7126a5c7252","140ad3e4-018f-43f3-a688-0c32f9b341ab","9b92da1e-be72-4f38-9ecc-03ffb624521a","SNYK-DEBIAN10-PYTHON27-5423193","2024-03-27T21:44:18.91Z","high"
"0708d6a5-c79a-4f28-9fde-b7126a5c7252","140ad3e4-018f-43f3-a688-0c32f9b341ab","9b92da1e-be72-4f38-9ecc-03ffb624521a","SNYK-DEBIAN10-NGHTTP2-5953390","2024-03-27T21:44:18.91Z","high"
"0708d6a5-c79a-4f28-9fde-b7126a5c7252","140ad3e4-018f-43f3-a688-0c32f9b341ab","9b92da1e-be72-4f38-9ecc-03ffb624521a","SNYK-DEBIAN10-MARIADB103-2396505","2024-03-27T21:44:18.91Z","high"
"0708d6a5-c79a-4f28-9fde-b7126a5c7252","140ad3e4-018f-43f3-a688-0c32f9b341ab","9b92da1e-be72-4f38-9ecc-03ffb624521a","SNYK-DEBIAN10-SQLITE3-570494","2024-03-27T21:44:18.91Z","high"
"0708d6a5-c79a-4f28-9fde-b7126a5c7252","140ad3e4-018f-43f3-a688-0c32f9b341ab","9b92da1e-be72-4f38-9ecc-03ffb624521a","SNYK-DEBIAN10-MARIADB103-2389282","2024-03-27T21:44:18.91Z","high"
"0708d6a5-c79a-4f28-9fde-b7126a5c7252","140ad3e4-018f-43f3-a688-0c32f9b341ab","9b92da1e-be72-4f38-9ecc-03ffb624521a","SNYK-DEBIAN10-MARIADB103-2766279","2024-03-27T21:44:18.91Z","high"
"0708d6a5-c79a-4f28-9fde-b7126a5c7252","140ad3e4-018f-43f3-a688-0c32f9b341ab","9b92da1e-be72-4f38-9ecc-03ffb624521a","SNYK-DEBIAN10-PYTHON37-3325305","2024-03-27T21:44:18.91Z","high"
"0708d6a5-c79a-4f28-9fde-b7126a5c7252","140ad3e4-018f-43f3-a688-0c32f9b341ab","9b92da1e-be72-4f38-9ecc-03ffb624521a","SNYK-DEBIAN10-OPENLDAP-1064724","2024-03-27T21:44:18.91Z","high"
"0708d6a5-c79a-4f28-9fde-b7126a5c7252","140ad3e4-018f-43f3-a688-0c32f9b341ab","9b92da1e-be72-4f38-9ecc-03ffb624521a","SNYK-DEBIAN10-SQLITE3-540568","2024-03-27T21:44:18.91Z","high"
"0708d6a5-c79a-4f28-9fde-b7126a5c7252","140ad3e4-018f-43f3-a688-0c32f9b341ab","9b92da1e-be72-4f38-9ecc-03ffb624521a","SNYK-DEBIAN10-MARIADB103-2766367","2024-03-27T21:44:18.91Z","high"
"0708d6a5-c79a-4f28-9fde-b7126a5c7252","140ad3e4-018f-43f3-a688-0c32f9b341ab","9b92da1e-be72-4f38-9ecc-03ffb624521a","SNYK-DEBIAN10-POSTGRESQL11-6055646","2024-03-27T21:44:18.91Z","high"
"0708d6a5-c79a-4f28-9fde-b7126a5c7252","140ad3e4-018f-43f3-a688-0c32f9b341ab","9b92da1e-be72-4f38-9ecc-03ffb624521a","SNYK-DEBIAN10-PYTHON37-1013422","2024-03-27T21:44:18.91Z","high"
"0708d6a5-c79a-4f28-9fde-b7126a5c7252","140ad3e4-018f-43f3-a688-0c32f9b341ab","9b92da1e-be72-4f38-9ecc-03ffb624521a","SNYK-DEBIAN10-SYSTEMD-6277511","2024-03-27T21:44:18.91Z","high"
"0708d6a5-c79a-4f28-9fde-b7126a5c7252","140ad3e4-018f-43f3-a688-0c32f9b341ab","9b92da1e-be72-4f38-9ecc-03ffb624521a","SNYK-DEBIAN10-POSTGRESQL11-2824083","2024-03-27T21:44:18.91Z","high"
"0708d6a5-c79a-4f28-9fde-b7126a5c7252","140ad3e4-018f-43f3-a688-0c32f9b341ab","9b92da1e-be72-4f38-9ecc-03ffb624521a","SNYK-DEBIAN10-OPENLDAP-1064746","2024-03-27T21:44:18.91Z","high"
"0708d6a5-c79a-4f28-9fde-b7126a5c7252","140ad3e4-018f-43f3-a688-0c32f9b341ab","9b92da1e-be72-4f38-9ecc-03ffb624521a","SNYK-DEBIAN10-LIBXSLT-2964226","2024-03-27T21:44:18.91Z","high"
"0708d6a5-c79a-4f28-9fde-b7126a5c7252","140ad3e4-018f-43f3-a688-0c32f9b341ab","9b92da1e-be72-4f38-9ecc-03ffb624521a","SNYK-DEBIAN10-MARIADB103-2940558","2024-03-27T21:44:18.91Z","high"
"0708d6a5-c79a-4f28-9fde-b7126a5c7252","140ad3e4-018f-43f3-a688-0c32f9b341ab","9b92da1e-be72-4f38-9ecc-03ffb624521a","SNYK-DEBIAN10-MARIADB103-2766401","2024-03-27T21:44:18.91Z","high"
"0708d6a5-c79a-4f28-9fde-b7126a5c7252","140ad3e4-018f-43f3-a688-0c32f9b341ab","9b92da1e-be72-4f38-9ecc-03ffb624521a","SNYK-DEBIAN10-OPENLDAP-1039835","2024-03-27T21:44:18.91Z","high"
"0708d6a5-c79a-4f28-9fde-b7126a5c7252","140ad3e4-018f-43f3-a688-0c32f9b341ab","9b92da1e-be72-4f38-9ecc-03ffb624521a","SNYK-DEBIAN10-P11KIT-1050833","2024-03-27T21:44:18.91Z","high"
"0708d6a5-c79a-4f28-9fde-b7126a5c7252","140ad3e4-018f-43f3-a688-0c32f9b341ab","9b92da1e-be72-4f38-9ecc-03ffb624521a","SNYK-DEBIAN10-MARIADB103-2766430","2024-03-27T21:44:18.91Z","high"
"0708d6a5-c79a-4f28-9fde-b7126a5c7252","140ad3e4-018f-43f3-a688-0c32f9b341ab","9b92da1e-be72-4f38-9ecc-03ffb624521a","SNYK-DEBIAN10-POSTGRESQL11-5519355","2024-03-27T21:44:18.91Z","high"
"0708d6a5-c79a-4f28-9fde-b7126a5c7252","140ad3e4-018f-43f3-a688-0c32f9b341ab","9b92da1e-be72-4f38-9ecc-03ffb624521a","SNYK-DEBIAN10-SUBVERSION-2635642","2024-03-27T21:44:18.91Z","high"
"0708d6a5-c79a-4f28-9fde-b7126a5c7252","140ad3e4-018f-43f3-a688-0c32f9b341ab","9b92da1e-be72-4f38-9ecc-03ffb624521a","SNYK-DEBIAN10-SUBVERSION-1071814","2024-03-27T21:44:18.91Z","high"
"0708d6a5-c79a-4f28-9fde-b7126a5c7252","140ad3e4-018f-43f3-a688-0c32f9b341ab","9b92da1e-be72-4f38-9ecc-03ffb624521a","SNYK-DEBIAN10-MARIADB103-2396511","2024-03-27T21:44:18.91Z","high"
"0708d6a5-c79a-4f28-9fde-b7126a5c7252","140ad3e4-018f-43f3-a688-0c32f9b341ab","9b92da1e-be72-4f38-9ecc-03ffb624521a","SNYK-DEBIAN10-OPENEXR-1320028","2024-03-27T21:44:18.91Z","high"
"0708d6a5-c79a-4f28-9fde-b7126a5c7252","140ad3e4-018f-43f3-a688-0c32f9b341ab","9b92da1e-be72-4f38-9ecc-03ffb624521a","SNYK-DEBIAN10-MARIADB103-2766378","2024-03-27T21:44:18.91Z","high"
"0708d6a5-c79a-4f28-9fde-b7126a5c7252","140ad3e4-018f-43f3-a688-0c32f9b341ab","9b92da1e-be72-4f38-9ecc-03ffb624521a","SNYK-DEBIAN10-POSTGRESQL11-1040143","2024-03-27T21:44:18.91Z","high"
"0708d6a5-c79a-4f28-9fde-b7126a5c7252","140ad3e4-018f-43f3-a688-0c32f9b341ab","9b92da1e-be72-4f38-9ecc-03ffb624521a","SNYK-DEBIAN10-OPENLDAP-1064733","2024-03-27T21:44:18.91Z","high"
"0708d6a5-c79a-4f28-9fde-b7126a5c7252","140ad3e4-018f-43f3-a688-0c32f9b341ab","9b92da1e-be72-4f38-9ecc-03ffb624521a","SNYK-DEBIAN10-MARIADB103-2766287","2024-03-27T21:44:18.91Z","high"
"0708d6a5-c79a-4f28-9fde-b7126a5c7252","140ad3e4-018f-43f3-a688-0c32f9b341ab","9b92da1e-be72-4f38-9ecc-03ffb624521a","SNYK-DEBIAN10-MARIADB103-2396513","2024-03-27T21:44:18.91Z","high"
"0708d6a5-c79a-4f28-9fde-b7126a5c7252","140ad3e4-018f-43f3-a688-0c32f9b341ab","9b92da1e-be72-4f38-9ecc-03ffb624521a","SNYK-DEBIAN10-POSTGRESQL11-1920111","2024-03-27T21:44:18.91Z","high"
"0708d6a5-c79a-4f28-9fde-b7126a5c7252","140ad3e4-018f-43f3-a688-0c32f9b341ab","9b92da1e-be72-4f38-9ecc-03ffb624521a","SNYK-DEBIAN10-NCURSES-5421196","2024-03-27T21:44:18.91Z","high"
"0708d6a5-c79a-4f28-9fde-b7126a5c7252","140ad3e4-018f-43f3-a688-0c32f9b341ab","9b92da1e-be72-4f38-9ecc-03ffb624521a","SNYK-DEBIAN10-MARIADB103-1087462","2024-03-27T21:44:18.91Z","high"
"0708d6a5-c79a-4f28-9fde-b7126a5c7252","140ad3e4-018f-43f3-a688-0c32f9b341ab","9b92da1e-be72-4f38-9ecc-03ffb624521a","SNYK-DEBIAN10-OPENLDAP-1064744","2024-03-27T21:44:18.91Z","high"
"0708d6a5-c79a-4f28-9fde-b7126a5c7252","140ad3e4-018f-43f3-a688-0c32f9b341ab","9b92da1e-be72-4f38-9ecc-03ffb624521a","SNYK-DEBIAN10-PYTHON27-5423201","2024-03-27T21:44:18.91Z","high"
"0708d6a5-c79a-4f28-9fde-b7126a5c7252","140ad3e4-018f-43f3-a688-0c32f9b341ab","9b92da1e-be72-4f38-9ecc-03ffb624521a","SNYK-DEBIAN10-MARIADB103-2766361","2024-03-27T21:44:18.91Z","high"
"0708d6a5-c79a-4f28-9fde-b7126a5c7252","140ad3e4-018f-43f3-a688-0c32f9b341ab","9b92da1e-be72-4f38-9ecc-03ffb624521a","SNYK-DEBIAN10-PYTHON27-5423207","2024-03-27T21:44:18.91Z","high"
"0708d6a5-c79a-4f28-9fde-b7126a5c7252","140ad3e4-018f-43f3-a688-0c32f9b341ab","9b92da1e-be72-4f38-9ecc-03ffb624521a","SNYK-DEBIAN10-POSTGRESQL11-1040145","2024-03-27T21:44:18.91Z","high"
"0708d6a5-c79a-4f28-9fde-b7126a5c7252","140ad3e4-018f-43f3-a688-0c32f9b341ab","9b92da1e-be72-4f38-9ecc-03ffb624521a","SNYK-DEBIAN10-OPENSSL-2807585","2024-03-27T21:44:18.91Z","high"
"0708d6a5-c79a-4f28-9fde-b7126a5c7252","140ad3e4-018f-43f3-a688-0c32f9b341ab","9b92da1e-be72-4f38-9ecc-03ffb624521a","SNYK-DEBIAN10-MARIADB103-2766314","2024-03-27T21:44:18.91Z","high"
"0708d6a5-c79a-4f28-9fde-b7126a5c7252","140ad3e4-018f-43f3-a688-0c32f9b341ab","9b92da1e-be72-4f38-9ecc-03ffb624521a","SNYK-DEBIAN10-MARIADB103-2940560","2024-03-27T21:44:18.91Z","high"
"0708d6a5-c79a-4f28-9fde-b7126a5c7252","140ad3e4-018f-43f3-a688-0c32f9b341ab","9b92da1e-be72-4f38-9ecc-03ffb624521a","SNYK-DEBIAN10-PYTHON37-3017604","2024-03-27T21:44:18.91Z","high"
"0708d6a5-c79a-4f28-9fde-b7126a5c7252","140ad3e4-018f-43f3-a688-0c32f9b341ab","9b92da1e-be72-4f38-9ecc-03ffb624521a","SNYK-DEBIAN10-OPENSSL-3314606","2024-03-27T21:44:18.91Z","high"
"0708d6a5-c79a-4f28-9fde-b7126a5c7252","140ad3e4-018f-43f3-a688-0c32f9b341ab","9b92da1e-be72-4f38-9ecc-03ffb624521a","SNYK-DEBIAN10-PCRE2-548863","2024-03-27T21:44:18.91Z","high"
"0708d6a5-c79a-4f28-9fde-b7126a5c7252","140ad3e4-018f-43f3-a688-0c32f9b341ab","9b92da1e-be72-4f38-9ecc-03ffb624521a","SNYK-DEBIAN10-PYTHON37-5851338","2024-03-27T21:44:18.91Z","high"
"0708d6a5-c79a-4f28-9fde-b7126a5c7252","140ad3e4-018f-43f3-a688-0c32f9b341ab","9b92da1e-be72-4f38-9ecc-03ffb624521a","SNYK-DEBIAN10-OPENJPEG2-1049515","2024-03-27T21:44:18.91Z","high"
"0708d6a5-c79a-4f28-9fde-b7126a5c7252","140ad3e4-018f-43f3-a688-0c32f9b341ab","9b92da1e-be72-4f38-9ecc-03ffb624521a","SNYK-DEBIAN10-MARIADB103-2396512","2024-03-27T21:44:18.91Z","high"
"0708d6a5-c79a-4f28-9fde-b7126a5c7252","140ad3e4-018f-43f3-a688-0c32f9b341ab","9b92da1e-be72-4f38-9ecc-03ffb624521a","SNYK-DEBIAN10-PYTHON37-1570178","2024-03-27T21:44:18.91Z","high"
"0708d6a5-c79a-4f28-9fde-b7126a5c7252","140ad3e4-018f-43f3-a688-0c32f9b341ab","9b92da1e-be72-4f38-9ecc-03ffb624521a","SNYK-DEBIAN10-SQLITE3-539763","2024-03-27T21:44:18.91Z","high"
"0708d6a5-c79a-4f28-9fde-b7126a5c7252","140ad3e4-018f-43f3-a688-0c32f9b341ab","9b92da1e-be72-4f38-9ecc-03ffb624521a","SNYK-DEBIAN10-POSTGRESQL11-6239518","2024-03-27T21:44:18.91Z","high"
"0708d6a5-c79a-4f28-9fde-b7126a5c7252","140ad3e4-018f-43f3-a688-0c32f9b341ab","9b92da1e-be72-4f38-9ecc-03ffb624521a","SNYK-DEBIAN10-NETTLE-1301269","2024-03-27T21:44:18.91Z","high"
"0708d6a5-c79a-4f28-9fde-b7126a5c7252","140ad3e4-018f-43f3-a688-0c32f9b341ab","9b92da1e-be72-4f38-9ecc-03ffb624521a","SNYK-DEBIAN10-SYSTEMD-6277513","2024-03-27T21:44:18.91Z","high"
"0708d6a5-c79a-4f28-9fde-b7126a5c7252","140ad3e4-018f-43f3-a688-0c32f9b341ab","9b92da1e-be72-4f38-9ecc-03ffb624521a","SNYK-DEBIAN10-OPENSSL-3368736","2024-03-27T21:44:18.91Z","high"
"0708d6a5-c79a-4f28-9fde-b7126a5c7252","140ad3e4-018f-43f3-a688-0c32f9b341ab","9b92da1e-be72-4f38-9ecc-03ffb624521a","SNYK-DEBIAN10-OPENLDAP-1064721","2024-03-27T21:44:18.91Z","high"
"0708d6a5-c79a-4f28-9fde-b7126a5c7252","140ad3e4-018f-43f3-a688-0c32f9b341ab","9b92da1e-be72-4f38-9ecc-03ffb624521a","SNYK-DEBIAN10-OPENLDAP-1064752","2024-03-27T21:44:18.91Z","high"
"0708d6a5-c79a-4f28-9fde-b7126a5c7252","140ad3e4-018f-43f3-a688-0c32f9b341ab","9b92da1e-be72-4f38-9ecc-03ffb624521a","SNYK-DEBIAN10-MARIADB103-2766369","2024-03-27T21:44:18.91Z","high"
"0708d6a5-c79a-4f28-9fde-b7126a5c7252","140ad3e4-018f-43f3-a688-0c32f9b341ab","9b92da1e-be72-4f38-9ecc-03ffb624521a","SNYK-DEBIAN10-POSTGRESQL11-1040144","2024-03-27T21:44:18.91Z","high"
"0708d6a5-c79a-4f28-9fde-b7126a5c7252","140ad3e4-018f-43f3-a688-0c32f9b341ab","9b92da1e-be72-4f38-9ecc-03ffb624521a","SNYK-DEBIAN10-OPENSSL-1569406","2024-03-27T21:44:18.91Z","high"
"0708d6a5-c79a-4f28-9fde-b7126a5c7252","140ad3e4-018f-43f3-a688-0c32f9b341ab","9b92da1e-be72-4f38-9ecc-03ffb624521a","SNYK-DEBIAN10-OPENLDAP-1074919","2024-03-27T21:44:18.91Z","high"
"0708d6a5-c79a-4f28-9fde-b7126a5c7252","140ad3e4-018f-43f3-a688-0c32f9b341ab","9b92da1e-be72-4f38-9ecc-03ffb624521a","SNYK-DEBIAN10-MARIADB103-2766414","2024-03-27T21:44:18.91Z","high"
"0708d6a5-c79a-4f28-9fde-b7126a5c7252","140ad3e4-018f-43f3-a688-0c32f9b341ab","9b92da1e-be72-4f38-9ecc-03ffb624521a","SNYK-DEBIAN10-NETTLE-1090205","2024-03-27T21:44:18.91Z","high"
"0708d6a5-c79a-4f28-9fde-b7126a5c7252","140ad3e4-018f-43f3-a688-0c32f9b341ab","9b92da1e-be72-4f38-9ecc-03ffb624521a","SNYK-DEBIAN10-PYTHON27-5423202","2024-03-27T21:44:18.91Z","high"
"0708d6a5-c79a-4f28-9fde-b7126a5c7252","140ad3e4-018f-43f3-a688-0c32f9b341ab","9b92da1e-be72-4f38-9ecc-03ffb624521a","SNYK-DEBIAN10-MARIADB103-2766360","2024-03-27T21:44:18.91Z","high"
"0708d6a5-c79a-4f28-9fde-b7126a5c7252","140ad3e4-018f-43f3-a688-0c32f9b341ab","9b92da1e-be72-4f38-9ecc-03ffb624521a","SNYK-DEBIAN10-MARIADB103-2766380","2024-03-27T21:44:18.91Z","high"
"0708d6a5-c79a-4f28-9fde-b7126a5c7252","140ad3e4-018f-43f3-a688-0c32f9b341ab","9b92da1e-be72-4f38-9ecc-03ffb624521a","SNYK-DEBIAN10-POSTGRESQL11-1292094","2024-03-27T21:44:18.91Z","high"
"0708d6a5-c79a-4f28-9fde-b7126a5c7252","140ad3e4-018f-43f3-a688-0c32f9b341ab","9b92da1e-be72-4f38-9ecc-03ffb624521a","SNYK-DEBIAN10-OPENLDAP-1064737","2024-03-27T21:44:18.91Z","high"
"0708d6a5-c79a-4f28-9fde-b7126a5c7252","140ad3e4-018f-43f3-a688-0c32f9b341ab","9b92da1e-be72-4f38-9ecc-03ffb624521a","SNYK-DEBIAN10-OPENLDAP-1039832","2024-03-27T21:44:18.91Z","high"
"0708d6a5-c79a-4f28-9fde-b7126a5c7252","140ad3e4-018f-43f3-a688-0c32f9b341ab","9b92da1e-be72-4f38-9ecc-03ffb624521a","SNYK-DEBIAN10-P11KIT-1050836","2024-03-27T21:44:18.91Z","high"
"0708d6a5-c79a-4f28-9fde-b7126a5c7252","140ad3e4-018f-43f3-a688-0c32f9b341ab","9b92da1e-be72-4f38-9ecc-03ffb624521a","SNYK-DEBIAN10-NCURSES-1655739","2024-03-27T21:44:18.91Z","high"
"0708d6a5-c79a-4f28-9fde-b7126a5c7252","140ad3e4-018f-43f3-a688-0c32f9b341ab","9b92da1e-be72-4f38-9ecc-03ffb624521a","SNYK-DEBIAN10-PYTHON37-3111114","2024-03-27T21:44:18.91Z","high"
"0708d6a5-c79a-4f28-9fde-b7126a5c7252","140ad3e4-018f-43f3-a688-0c32f9b341ab","9b92da1e-be72-4f38-9ecc-03ffb624521a","SNYK-DEBIAN10-OPENEXR-1318910","2024-03-27T21:44:18.91Z","high"
"0708d6a5-c79a-4f28-9fde-b7126a5c7252","140ad3e4-018f-43f3-a688-0c32f9b341ab","9b92da1e-be72-4f38-9ecc-03ffb624521a","SNYK-DEBIAN10-NGHTTP2-1584531","2024-03-27T21:44:18.91Z","high"
"0708d6a5-c79a-4f28-9fde-b7126a5c7252","140ad3e4-018f-43f3-a688-0c32f9b341ab","9b92da1e-be72-4f38-9ecc-03ffb624521a","SNYK-DEBIAN10-SQLITE3-540471","2024-03-27T21:44:18.91Z","high"
"0708d6a5-c79a-4f28-9fde-b7126a5c7252","140ad3e4-018f-43f3-a688-0c32f9b341ab","9b92da1e-be72-4f38-9ecc-03ffb624521a","SNYK-DEBIAN10-MARIADB103-2766402","2024-03-27T21:44:18.91Z","high"
"0708d6a5-c79a-4f28-9fde-b7126a5c7252","140ad3e4-018f-43f3-a688-0c32f9b341ab","9b92da1e-be72-4f38-9ecc-03ffb624521a","SNYK-DEBIAN10-MARIADB103-2766300","2024-03-27T21:44:18.91Z","high"
"0708d6a5-c79a-4f28-9fde-b7126a5c7252","140ad3e4-018f-43f3-a688-0c32f9b341ab","9b92da1e-be72-4f38-9ecc-03ffb624521a","SNYK-DEBIAN10-OPENLDAP-1064754","2024-03-27T21:44:18.91Z","high"
"0708d6a5-c79a-4f28-9fde-b7126a5c7252","140ad3e4-018f-43f3-a688-0c32f9b341ab","9b92da1e-be72-4f38-9ecc-03ffb624521a","SNYK-DEBIAN10-POSTGRESQL11-598395","2024-03-27T21:44:18.91Z","high"
"0708d6a5-c79a-4f28-9fde-b7126a5c7252","140ad3e4-018f-43f3-a688-0c32f9b341ab","9b92da1e-be72-4f38-9ecc-03ffb624521a","SNYK-DEBIAN10-SQLITE3-539773","2024-03-27T21:44:18.91Z","high"
"0708d6a5-c79a-4f28-9fde-b7126a5c7252","140ad3e4-018f-43f3-a688-0c32f9b341ab","9b92da1e-be72-4f38-9ecc-03ffb624521a","SNYK-DEBIAN10-PYTHON27-2764959","2024-03-27T21:44:18.91Z","high"
"0708d6a5-c79a-4f28-9fde-b7126a5c7252","140ad3e4-018f-43f3-a688-0c32f9b341ab","9b92da1e-be72-4f38-9ecc-03ffb624521a","SNYK-DEBIAN10-OPENSSL-2933515","2024-03-27T21:44:18.91Z","high"
"0708d6a5-c79a-4f28-9fde-b7126a5c7252","140ad3e4-018f-43f3-a688-0c32f9b341ab","9b92da1e-be72-4f38-9ecc-03ffb624521a","SNYK-DEBIAN10-PYTHON27-5853784","2024-03-27T21:44:18.91Z","high"
"0708d6a5-c79a-4f28-9fde-b7126a5c7252","140ad3e4-018f-43f3-a688-0c32f9b341ab","9b92da1e-be72-4f38-9ecc-03ffb624521a","SNYK-DEBIAN10-SQLITE3-3011631","2024-03-27T21:44:18.91Z","high"
"0708d6a5-c79a-4f28-9fde-b7126a5c7252","140ad3e4-018f-43f3-a688-0c32f9b341ab","9b92da1e-be72-4f38-9ecc-03ffb624521a","SNYK-DEBIAN10-PYTHON27-584372","2024-03-27T21:44:18.91Z","high"
"0708d6a5-c79a-4f28-9fde-b7126a5c7252","140ad3e4-018f-43f3-a688-0c32f9b341ab","9b92da1e-be72-4f38-9ecc-03ffb624521a","SNYK-DEBIAN10-OPENSSL-2426310","2024-03-27T21:44:18.91Z","high"
"0708d6a5-c79a-4f28-9fde-b7126a5c7252","140ad3e4-018f-43f3-a688-0c32f9b341ab","9b92da1e-be72-4f38-9ecc-03ffb624521a","SNYK-DEBIAN10-MARIADB103-2940568","2024-03-27T21:44:18.91Z","high"
"0708d6a5-c79a-4f28-9fde-b7126a5c7252","140ad3e4-018f-43f3-a688-0c32f9b341ab","9b92da1e-be72-4f38-9ecc-03ffb624521a","SNYK-DEBIAN10-OPENSSL-1075326","2024-03-27T21:44:18.91Z","high"
"0708d6a5-c79a-4f28-9fde-b7126a5c7252","140ad3e4-018f-43f3-a688-0c32f9b341ab","9b92da1e-be72-4f38-9ecc-03ffb624521a","SNYK-UPSTREAM-NODE-1534880","2024-03-27T21:44:18.911Z","high"
"0708d6a5-c79a-4f28-9fde-b7126a5c7252","140ad3e4-018f-43f3-a688-0c32f9b341ab","9b92da1e-be72-4f38-9ecc-03ffb624521a","SNYK-UPSTREAM-NODE-1315789","2024-03-27T21:44:18.911Z","high"
"0708d6a5-c79a-4f28-9fde-b7126a5c7252","140ad3e4-018f-43f3-a688-0c32f9b341ab","9b92da1e-be72-4f38-9ecc-03ffb624521a","SNYK-DEBIAN10-XZUTILS-2444279","2024-03-27T21:44:18.911Z","high"
"0708d6a5-c79a-4f28-9fde-b7126a5c7252","140ad3e4-018f-43f3-a688-0c32f9b341ab","9b92da1e-be72-4f38-9ecc-03ffb624521a","SNYK-UPSTREAM-NODE-1078517","2024-03-27T21:44:18.911Z","high"
"0708d6a5-c79a-4f28-9fde-b7126a5c7252","140ad3e4-018f-43f3-a688-0c32f9b341ab","9b92da1e-be72-4f38-9ecc-03ffb624521a","SNYK-UPSTREAM-NODE-1243765","2024-03-27T21:44:18.911Z","high"
"0708d6a5-c79a-4f28-9fde-b7126a5c7252","140ad3e4-018f-43f3-a688-0c32f9b341ab","9b92da1e-be72-4f38-9ecc-03ffb624521a","SNYK-DEBIAN10-UNBOUND-3028989","2024-03-27T21:44:18.911Z","high"
"0708d6a5-c79a-4f28-9fde-b7126a5c7252","140ad3e4-018f-43f3-a688-0c32f9b341ab","9b92da1e-be72-4f38-9ecc-03ffb624521a","SNYK-UPSTREAM-NODE-1040499","2024-03-27T21:44:18.911Z","high"
"0708d6a5-c79a-4f28-9fde-b7126a5c7252","140ad3e4-018f-43f3-a688-0c32f9b341ab","9b92da1e-be72-4f38-9ecc-03ffb624521a","SNYK-UPSTREAM-NODE-2332186","2024-03-27T21:44:18.911Z","high"
"0708d6a5-c79a-4f28-9fde-b7126a5c7252","140ad3e4-018f-43f3-a688-0c32f9b341ab","9b92da1e-be72-4f38-9ecc-03ffb624521a","SNYK-DEBIAN10-TIFF-5747604","2024-03-27T21:44:18.911Z","high"
"0708d6a5-c79a-4f28-9fde-b7126a5c7252","140ad3e4-018f-43f3-a688-0c32f9b341ab","9b92da1e-be72-4f38-9ecc-03ffb624521a","SNYK-DEBIAN10-TIFF-1078789","2024-03-27T21:44:18.911Z","high"
"0708d6a5-c79a-4f28-9fde-b7126a5c7252","140ad3e4-018f-43f3-a688-0c32f9b341ab","9b92da1e-be72-4f38-9ecc-03ffb624521a","SNYK-DEBIAN10-UNBOUND-6245698","2024-03-27T21:44:18.911Z","high"
"0708d6a5-c79a-4f28-9fde-b7126a5c7252","140ad3e4-018f-43f3-a688-0c32f9b341ab","9b92da1e-be72-4f38-9ecc-03ffb624521a","SNYK-DEBIAN10-UNBOUND-6245704","2024-03-27T21:44:18.911Z","high"
"0708d6a5-c79a-4f28-9fde-b7126a5c7252","140ad3e4-018f-43f3-a688-0c32f9b341ab","9b92da1e-be72-4f38-9ecc-03ffb624521a","SNYK-UPSTREAM-NODE-6252332","2024-03-27T21:44:18.911Z","high"
"0708d6a5-c79a-4f28-9fde-b7126a5c7252","140ad3e4-018f-43f3-a688-0c32f9b341ab","9b92da1e-be72-4f38-9ecc-03ffb624521a","SNYK-DEBIAN10-TIFF-1078788","2024-03-27T21:44:18.911Z","high"
"0708d6a5-c79a-4f28-9fde-b7126a5c7252","140ad3e4-018f-43f3-a688-0c32f9b341ab","9b92da1e-be72-4f38-9ecc-03ffb624521a","SNYK-UPSTREAM-NODE-1055465","2024-03-27T21:44:18.911Z","high"
"0708d6a5-c79a-4f28-9fde-b7126a5c7252","140ad3e4-018f-43f3-a688-0c32f9b341ab","9b92da1e-be72-4f38-9ecc-03ffb624521a","SNYK-DEBIAN10-TIFF-3113870","2024-03-27T21:44:18.911Z","high"
"0708d6a5-c79a-4f28-9fde-b7126a5c7252","140ad3e4-018f-43f3-a688-0c32f9b341ab","9b92da1e-be72-4f38-9ecc-03ffb624521a","SNYK-DEBIAN10-ZLIB-2433934","2024-03-27T21:44:18.911Z","high"
"0708d6a5-c79a-4f28-9fde-b7126a5c7252","140ad3e4-018f-43f3-a688-0c32f9b341ab","9b92da1e-be72-4f38-9ecc-03ffb624521a","SNYK-DEBIAN10-TIFF-2420604","2024-03-27T21:44:18.911Z","high"
"0708d6a5-c79a-4f28-9fde-b7126a5c7252","140ad3e4-018f-43f3-a688-0c32f9b341ab","9b92da1e-be72-4f38-9ecc-03ffb624521a","SNYK-UPSTREAM-NODE-6252328","2024-03-27T21:44:18.911Z","high"
"0708d6a5-c79a-4f28-9fde-b7126a5c7252","140ad3e4-018f-43f3-a688-0c32f9b341ab","9b92da1e-be72-4f38-9ecc-03ffb624521a","SNYK-UPSTREAM-NODE-5811867","2024-03-27T21:44:18.911Z","high"
"0708d6a5-c79a-4f28-9fde-b7126a5c7252","140ad3e4-018f-43f3-a688-0c32f9b341ab","9b92da1e-be72-4f38-9ecc-03ffb624521a","SNYK-UPSTREAM-NODE-1315790","2024-03-27T21:44:18.911Z","high"
"0708d6a5-c79a-4f28-9fde-b7126a5c7252","140ad3e4-018f-43f3-a688-0c32f9b341ab","9b92da1e-be72-4f38-9ecc-03ffb624521a","SNYK-UPSTREAM-NODE-1540540","2024-03-27T21:44:18.911Z","high"
"0708d6a5-c79a-4f28-9fde-b7126a5c7252","140ad3e4-018f-43f3-a688-0c32f9b341ab","9b92da1e-be72-4f38-9ecc-03ffb624521a","SNYK-DEBIAN10-TIFF-6190611","2024-03-27T21:44:18.911Z","high"
"0708d6a5-c79a-4f28-9fde-b7126a5c7252","140ad3e4-018f-43f3-a688-0c32f9b341ab","d0274fc4-1bde-4d86-b9c9-22272bbd9d58","0628f74e22542981365b8175ecf2efd475ca6e62c17ac22168521cfa1364809b35f3abb722dcca5bc98cac16f496c595c74165625dfc11de2bacc22037200c63","2024-03-27T21:44:27.163Z","high"
"0708d6a5-c79a-4f28-9fde-b7126a5c7252","140ad3e4-018f-43f3-a688-0c32f9b341ab","13b7c5bf-b436-4e6d-82bc-da63a4eb848c","f67b20b0e443555fcab40c719a6d874d99fc05d8d27fca73607f68e6a8f34a51e220b852e46820183310af43371c3d143a0b6d5dfd6f563c817908f8e464bf0a","2024-03-27T21:44:27.355Z","high"
"0708d6a5-c79a-4f28-9fde-b7126a5c7252","140ad3e4-018f-43f3-a688-0c32f9b341ab","755eb4c7-7074-4a57-9557-e22759c131bd","e0109f159e2823c5641a4d706d1a191b2b5e27868b5f44c1f535a9264e2bae6caf7c6c069fbf3bfdd03b8f6a3cdb6958bf12d4551c16a1d014f5d716876ff62d","2024-03-27T21:44:28.14Z","high"
"0708d6a5-c79a-4f28-9fde-b7126a5c7252","140ad3e4-018f-43f3-a688-0c32f9b341ab","755eb4c7-7074-4a57-9557-e22759c131bd","15c213f692641e9f739dc04733ad6e8c911414b821fcc6e058757d6c691024eb322e6d63923d72d6a231a098b4a9e73c3d825fdc8e18090b65e2edf608fc3210","2024-03-27T21:44:28.14Z","high"
"0708d6a5-c79a-4f28-9fde-b7126a5c7252","140ad3e4-018f-43f3-a688-0c32f9b341ab","755eb4c7-7074-4a57-9557-e22759c131bd","d787228c736495133771cb242a9127fc479ef4a681154b59fd7d0064965f2ba3860f19d8427b25860103286582ec7731bd0ca224ea1fbca3c07cd83389d4e45d","2024-03-27T21:44:28.14Z","high"
"0708d6a5-c79a-4f28-9fde-b7126a5c7252","140ad3e4-018f-43f3-a688-0c32f9b341ab","755eb4c7-7074-4a57-9557-e22759c131bd","eaeff658568c0c645bd574240681dc50a4d9ce2b6eb162b7165e07bab4f15be02ddbbb690276cfb5eb22cef0dea392aa2bb159d9fc94a82b573e7f6b4a2af2c1","2024-03-27T21:44:28.14Z","high"
"0708d6a5-c79a-4f28-9fde-b7126a5c7252","140ad3e4-018f-43f3-a688-0c32f9b341ab","755eb4c7-7074-4a57-9557-e22759c131bd","2e1e7b5ec97d59ae724a64f12880211ea6e42cd47e3508246eae0aaf94a2139a90cc1d4ebefa6412a97760c92f241bc0eec8ddbc8a581d0dc5ffffcf84a09241","2024-03-27T21:44:28.14Z","high"
"0708d6a5-c79a-4f28-9fde-b7126a5c7252","140ad3e4-018f-43f3-a688-0c32f9b341ab","4574f599-1167-4c44-b3e6-1f9cdbf025c3","8f079577-648c-49c8-b979-94fcd04670de","2024-03-27T21:45:38.877Z","high"
"0708d6a5-c79a-4f28-9fde-b7126a5c7252","140ad3e4-018f-43f3-a688-0c32f9b341ab","4574f599-1167-4c44-b3e6-1f9cdbf025c3","eceee75f-be72-4279-8ac0-6c4c3ed5818f","2024-03-27T21:45:38.877Z","high"
"0708d6a5-c79a-4f28-9fde-b7126a5c7252","140ad3e4-018f-43f3-a688-0c32f9b341ab","4574f599-1167-4c44-b3e6-1f9cdbf025c3","e2c72d41-2c44-4069-98a9-c06699dc9d8a","2024-03-27T21:45:38.877Z","high"
"0708d6a5-c79a-4f28-9fde-b7126a5c7252","140ad3e4-018f-43f3-a688-0c32f9b341ab","4574f599-1167-4c44-b3e6-1f9cdbf025c3","a747a372-ada8-4cf0-9f05-ccb8f5432049","2024-03-27T21:45:38.877Z","high"
"0708d6a5-c79a-4f28-9fde-b7126a5c7252","140ad3e4-018f-43f3-a688-0c32f9b341ab","4574f599-1167-4c44-b3e6-1f9cdbf025c3","7ec9d872-ed4a-4be7-b7f1-62a9d30a6a21","2024-03-27T21:45:38.877Z","high"
"0708d6a5-c79a-4f28-9fde-b7126a5c7252","140ad3e4-018f-43f3-a688-0c32f9b341ab","4574f599-1167-4c44-b3e6-1f9cdbf025c3","98845a58-1a87-446c-953a-32a4128895ee","2024-03-27T21:45:38.877Z","high"
"0708d6a5-c79a-4f28-9fde-b7126a5c7252","140ad3e4-018f-43f3-a688-0c32f9b341ab","4574f599-1167-4c44-b3e6-1f9cdbf025c3","c8c51d4d-dded-4d5e-bf0f-bec60ddb0aac","2024-03-27T21:45:38.877Z","high"
"0708d6a5-c79a-4f28-9fde-b7126a5c7252","140ad3e4-018f-43f3-a688-0c32f9b341ab","4574f599-1167-4c44-b3e6-1f9cdbf025c3","fa8185a4-9dea-4b8f-bdfa-241af784d073","2024-03-27T21:45:38.877Z","high"
"0708d6a5-c79a-4f28-9fde-b7126a5c7252","140ad3e4-018f-43f3-a688-0c32f9b341ab","4574f599-1167-4c44-b3e6-1f9cdbf025c3","971ec6de-81d2-4ad4-9f44-ce6b731390b7","2024-03-27T21:45:38.877Z","high"
"0708d6a5-c79a-4f28-9fde-b7126a5c7252","140ad3e4-018f-43f3-a688-0c32f9b341ab","4574f599-1167-4c44-b3e6-1f9cdbf025c3","6c5fe1f9-b14a-4539-981b-221f4075f6c4","2024-03-27T21:45:38.877Z","high"
"0708d6a5-c79a-4f28-9fde-b7126a5c7252","140ad3e4-018f-43f3-a688-0c32f9b341ab","4574f599-1167-4c44-b3e6-1f9cdbf025c3","46b7d38e-9e38-4fab-94d3-2fbcb43b1110","2024-03-27T21:45:38.877Z","high"
"0708d6a5-c79a-4f28-9fde-b7126a5c7252","140ad3e4-018f-43f3-a688-0c32f9b341ab","4574f599-1167-4c44-b3e6-1f9cdbf025c3","59d09a01-089b-4215-8198-1d2d8342b922","2024-03-27T21:45:38.877Z","high"
"0708d6a5-c79a-4f28-9fde-b7126a5c7252","140ad3e4-018f-43f3-a688-0c32f9b341ab","4574f599-1167-4c44-b3e6-1f9cdbf025c3","bb401961-67f1-4b7a-9d18-ce28c59641c3","2024-03-27T21:45:38.877Z","high"
"0708d6a5-c79a-4f28-9fde-b7126a5c7252","140ad3e4-018f-43f3-a688-0c32f9b341ab","4574f599-1167-4c44-b3e6-1f9cdbf025c3","de557f2b-04e1-4e91-8296-28445ffb957d","2024-03-27T21:45:38.877Z","high"
"0708d6a5-c79a-4f28-9fde-b7126a5c7252","140ad3e4-018f-43f3-a688-0c32f9b341ab","4574f599-1167-4c44-b3e6-1f9cdbf025c3","e17a7e74-17b7-4b47-b16f-191e6f080de4","2024-03-27T21:45:38.877Z","high"
"0708d6a5-c79a-4f28-9fde-b7126a5c7252","140ad3e4-018f-43f3-a688-0c32f9b341ab","4574f599-1167-4c44-b3e6-1f9cdbf025c3","5a88c252-a613-410c-9e43-ff4a6837c98b","2024-03-27T21:45:38.877Z","high"
"0708d6a5-c79a-4f28-9fde-b7126a5c7252","140ad3e4-018f-43f3-a688-0c32f9b341ab","4574f599-1167-4c44-b3e6-1f9cdbf025c3","3981b43d-8fc6-46d8-ada6-874b410ed471","2024-03-27T21:45:38.877Z","high"
"0708d6a5-c79a-4f28-9fde-b7126a5c7252","140ad3e4-018f-43f3-a688-0c32f9b341ab","4574f599-1167-4c44-b3e6-1f9cdbf025c3","76b67bb1-360a-4085-9d5d-fa88ccc02e9b","2024-03-27T21:45:38.877Z","high"
"0708d6a5-c79a-4f28-9fde-b7126a5c7252","140ad3e4-018f-43f3-a688-0c32f9b341ab","806c9b97-69a9-4124-96f3-91ea4b8067a0","SNYK-DEBIAN11-GNUTLS28-6159417","2024-03-27T22:31:31.359Z","high"
"0708d6a5-c79a-4f28-9fde-b7126a5c7252","140ad3e4-018f-43f3-a688-0c32f9b341ab","806c9b97-69a9-4124-96f3-91ea4b8067a0","SNYK-DEBIAN11-GNUTLS28-6159419","2024-03-27T22:31:31.359Z","high"
"0708d6a5-c79a-4f28-9fde-b7126a5c7252","140ad3e4-018f-43f3-a688-0c32f9b341ab","806c9b97-69a9-4124-96f3-91ea4b8067a0","SNYK-DEBIAN11-SYSTEMD-6277510","2024-03-27T22:31:31.359Z","high"
"0708d6a5-c79a-4f28-9fde-b7126a5c7252","140ad3e4-018f-43f3-a688-0c32f9b341ab","806c9b97-69a9-4124-96f3-91ea4b8067a0","SNYK-DEBIAN11-PERL-1925976","2024-03-27T22:31:31.359Z","high"
"0708d6a5-c79a-4f28-9fde-b7126a5c7252","140ad3e4-018f-43f3-a688-0c32f9b341ab","806c9b97-69a9-4124-96f3-91ea4b8067a0","SNYK-DEBIAN11-E2FSPROGS-2628459","2024-03-27T22:31:31.359Z","high"
"0708d6a5-c79a-4f28-9fde-b7126a5c7252","140ad3e4-018f-43f3-a688-0c32f9b341ab","806c9b97-69a9-4124-96f3-91ea4b8067a0","SNYK-DEBIAN11-SYSTEMD-6277512","2024-03-27T22:31:31.359Z","high"
"0708d6a5-c79a-4f28-9fde-b7126a5c7252","140ad3e4-018f-43f3-a688-0c32f9b341ab","806c9b97-69a9-4124-96f3-91ea4b8067a0","SNYK-DEBIAN11-PERL-6085272","2024-03-27T22:31:31.359Z","high"
"0708d6a5-c79a-4f28-9fde-b7126a5c7252","140ad3e4-018f-43f3-a688-0c32f9b341ab","806c9b97-69a9-4124-96f3-91ea4b8067a0","SNYK-DEBIAN11-CURL-3179181","2024-03-27T22:31:31.359Z","high"
"0708d6a5-c79a-4f28-9fde-b7126a5c7252","140ad3e4-018f-43f3-a688-0c32f9b341ab","806c9b97-69a9-4124-96f3-91ea4b8067a0","SNYK-DEBIAN11-CURL-3066040","2024-03-27T22:31:31.359Z","high"
"0708d6a5-c79a-4f28-9fde-b7126a5c7252","140ad3e4-018f-43f3-a688-0c32f9b341ab","806c9b97-69a9-4124-96f3-91ea4b8067a0","SNYK-DEBIAN11-PERL-5489191","2024-03-27T22:31:31.359Z","high"
"0708d6a5-c79a-4f28-9fde-b7126a5c7252","140ad3e4-018f-43f3-a688-0c32f9b341ab","806c9b97-69a9-4124-96f3-91ea4b8067a0","SNYK-DEBIAN11-LIBSSH2-5861756","2024-03-27T22:31:31.359Z","high"
"0708d6a5-c79a-4f28-9fde-b7126a5c7252","140ad3e4-018f-43f3-a688-0c32f9b341ab","48571bba-a84a-4472-9dae-3eff40b803b4","SNYK-DEBIAN11-GNUTLS28-6159417","2024-03-27T22:31:37.098Z","high"
"0708d6a5-c79a-4f28-9fde-b7126a5c7252","140ad3e4-018f-43f3-a688-0c32f9b341ab","48571bba-a84a-4472-9dae-3eff40b803b4","SNYK-DEBIAN11-E2FSPROGS-2628459","2024-03-27T22:31:37.098Z","high"
"0708d6a5-c79a-4f28-9fde-b7126a5c7252","140ad3e4-018f-43f3-a688-0c32f9b341ab","48571bba-a84a-4472-9dae-3eff40b803b4","SNYK-DEBIAN11-SYSTEMD-6277510","2024-03-27T22:31:37.098Z","high"
"0708d6a5-c79a-4f28-9fde-b7126a5c7252","140ad3e4-018f-43f3-a688-0c32f9b341ab","48571bba-a84a-4472-9dae-3eff40b803b4","SNYK-DEBIAN11-PERL-1925976","2024-03-27T22:31:37.098Z","high"
"0708d6a5-c79a-4f28-9fde-b7126a5c7252","140ad3e4-018f-43f3-a688-0c32f9b341ab","48571bba-a84a-4472-9dae-3eff40b803b4","SNYK-DEBIAN11-GNUTLS28-6159419","2024-03-27T22:31:37.098Z","high"
"0708d6a5-c79a-4f28-9fde-b7126a5c7252","140ad3e4-018f-43f3-a688-0c32f9b341ab","48571bba-a84a-4472-9dae-3eff40b803b4","SNYK-DEBIAN11-PERL-5489191","2024-03-27T22:31:37.098Z","high"
"0708d6a5-c79a-4f28-9fde-b7126a5c7252","140ad3e4-018f-43f3-a688-0c32f9b341ab","48571bba-a84a-4472-9dae-3eff40b803b4","SNYK-DEBIAN11-SYSTEMD-6277512","2024-03-27T22:31:37.098Z","high"
"0708d6a5-c79a-4f28-9fde-b7126a5c7252","140ad3e4-018f-43f3-a688-0c32f9b341ab","48571bba-a84a-4472-9dae-3eff40b803b4","SNYK-DEBIAN11-PERL-6085272","2024-03-27T22:31:37.098Z","high"
"0708d6a5-c79a-4f28-9fde-b7126a5c7252","140ad3e4-018f-43f3-a688-0c32f9b341ab","794893ec-0b41-4931-b54f-0b4517c9d663","SNYK-DEBIAN11-PERL-1925976","2024-03-27T22:31:56.103Z","high"
"0708d6a5-c79a-4f28-9fde-b7126a5c7252","140ad3e4-018f-43f3-a688-0c32f9b341ab","794893ec-0b41-4931-b54f-0b4517c9d663","SNYK-DEBIAN11-CURL-3179181","2024-03-27T22:31:56.103Z","high"
"0708d6a5-c79a-4f28-9fde-b7126a5c7252","140ad3e4-018f-43f3-a688-0c32f9b341ab","794893ec-0b41-4931-b54f-0b4517c9d663","SNYK-DEBIAN11-GNUTLS28-6159417","2024-03-27T22:31:56.103Z","high"
"0708d6a5-c79a-4f28-9fde-b7126a5c7252","140ad3e4-018f-43f3-a688-0c32f9b341ab","794893ec-0b41-4931-b54f-0b4517c9d663","SNYK-DEBIAN11-GNUTLS28-6159419","2024-03-27T22:31:56.103Z","high"
"0708d6a5-c79a-4f28-9fde-b7126a5c7252","140ad3e4-018f-43f3-a688-0c32f9b341ab","794893ec-0b41-4931-b54f-0b4517c9d663","SNYK-DEBIAN11-CURL-3366772","2024-03-27T22:31:56.103Z","high"
"0708d6a5-c79a-4f28-9fde-b7126a5c7252","140ad3e4-018f-43f3-a688-0c32f9b341ab","794893ec-0b41-4931-b54f-0b4517c9d663","SNYK-DEBIAN11-GLIBC-5927133","2024-03-27T22:31:56.103Z","high"
"0708d6a5-c79a-4f28-9fde-b7126a5c7252","140ad3e4-018f-43f3-a688-0c32f9b341ab","794893ec-0b41-4931-b54f-0b4517c9d663","SNYK-DEBIAN11-NCURSES-5421197","2024-03-27T22:31:56.103Z","high"
"0708d6a5-c79a-4f28-9fde-b7126a5c7252","140ad3e4-018f-43f3-a688-0c32f9b341ab","794893ec-0b41-4931-b54f-0b4517c9d663","SNYK-DEBIAN11-SYSTEMD-6277512","2024-03-27T22:31:56.103Z","high"
"0708d6a5-c79a-4f28-9fde-b7126a5c7252","140ad3e4-018f-43f3-a688-0c32f9b341ab","794893ec-0b41-4931-b54f-0b4517c9d663","SNYK-DEBIAN11-NGHTTP2-5953384","2024-03-27T22:31:56.103Z","high"
"0708d6a5-c79a-4f28-9fde-b7126a5c7252","140ad3e4-018f-43f3-a688-0c32f9b341ab","794893ec-0b41-4931-b54f-0b4517c9d663","SNYK-DEBIAN11-CURL-3366762","2024-03-27T22:31:56.103Z","high"
"0708d6a5-c79a-4f28-9fde-b7126a5c7252","140ad3e4-018f-43f3-a688-0c32f9b341ab","794893ec-0b41-4931-b54f-0b4517c9d663","SNYK-DEBIAN11-CURL-3066040","2024-03-27T22:31:56.103Z","high"
"0708d6a5-c79a-4f28-9fde-b7126a5c7252","140ad3e4-018f-43f3-a688-0c32f9b341ab","794893ec-0b41-4931-b54f-0b4517c9d663","SNYK-DEBIAN11-PERL-5489191","2024-03-27T22:31:56.103Z","high"
"0708d6a5-c79a-4f28-9fde-b7126a5c7252","140ad3e4-018f-43f3-a688-0c32f9b341ab","794893ec-0b41-4931-b54f-0b4517c9d663","SNYK-DEBIAN11-SYSTEMD-6277510","2024-03-27T22:31:56.103Z","high"
"0708d6a5-c79a-4f28-9fde-b7126a5c7252","140ad3e4-018f-43f3-a688-0c32f9b341ab","794893ec-0b41-4931-b54f-0b4517c9d663","SNYK-DEBIAN11-E2FSPROGS-2628459","2024-03-27T22:31:56.103Z","high"
"0708d6a5-c79a-4f28-9fde-b7126a5c7252","140ad3e4-018f-43f3-a688-0c32f9b341ab","794893ec-0b41-4931-b54f-0b4517c9d663","SNYK-DEBIAN11-LIBSSH2-5861756","2024-03-27T22:31:56.103Z","high"
"0708d6a5-c79a-4f28-9fde-b7126a5c7252","140ad3e4-018f-43f3-a688-0c32f9b341ab","794893ec-0b41-4931-b54f-0b4517c9d663","SNYK-DEBIAN11-PERL-6085272","2024-03-27T22:31:56.103Z","high"
"0708d6a5-c79a-4f28-9fde-b7126a5c7252","140ad3e4-018f-43f3-a688-0c32f9b341ab","9b92da1e-be72-4f38-9ecc-03ffb624521a","SNYK-UPSTREAM-NODE-6564548","2024-04-05T23:01:12.247Z","high"
"0708d6a5-c79a-4f28-9fde-b7126a5c7252","140ad3e4-018f-43f3-a688-0c32f9b341ab","e63ef815-f29a-4f25-a42d-acdf3b736058","SNYK-JS-LODASH-6139239","2024-04-15T22:01:59.191Z","high"
"0708d6a5-c79a-4f28-9fde-b7126a5c7252","140ad3e4-018f-43f3-a688-0c32f9b341ab","e63ef815-f29a-4f25-a42d-acdf3b736058","SNYK-JS-LIBXMLJS2-6808816","2024-05-06T01:34:32.919Z","high"
"0708d6a5-c79a-4f28-9fde-b7126a5c7252","140ad3e4-018f-43f3-a688-0c32f9b341ab","e63ef815-f29a-4f25-a42d-acdf3b736058","SNYK-JS-LIBXMLJS2-6808810","2024-05-06T01:34:32.919Z","high"
"0708d6a5-c79a-4f28-9fde-b7126a5c7252","140ad3e4-018f-43f3-a688-0c32f9b341ab","9b92da1e-be72-4f38-9ecc-03ffb624521a","SNYK-UPSTREAM-NODE-6615824","2024-05-09T20:05:09.873Z","high"
"0708d6a5-c79a-4f28-9fde-b7126a5c7252","140ad3e4-018f-43f3-a688-0c32f9b341ab","e63ef815-f29a-4f25-a42d-acdf3b736058","SNYK-JS-BRACES-6838727","2024-05-13T19:50:26.22Z","high"
"0708d6a5-c79a-4f28-9fde-b7126a5c7252","140ad3e4-018f-43f3-a688-0c32f9b341ab","d04b70dc-c890-41ca-aa2e-4c338c58631e","SNYK-JS-BRACES-6838727","2024-05-14T00:20:53.117Z","high"
"0708d6a5-c79a-4f28-9fde-b7126a5c7252","140ad3e4-018f-43f3-a688-0c32f9b341ab","9b92da1e-be72-4f38-9ecc-03ffb624521a","SNYK-DEBIAN10-GIT-6846206","2024-05-16T05:30:08.941Z","high"
"0708d6a5-c79a-4f28-9fde-b7126a5c7252","140ad3e4-018f-43f3-a688-0c32f9b341ab","9b92da1e-be72-4f38-9ecc-03ffb624521a","SNYK-DEBIAN10-GIT-6846196","2024-05-16T05:30:08.941Z","high"
"0708d6a5-c79a-4f28-9fde-b7126a5c7252","140ad3e4-018f-43f3-a688-0c32f9b341ab","9b92da1e-be72-4f38-9ecc-03ffb624521a","SNYK-DEBIAN10-GIT-6846199","2024-05-16T05:30:08.941Z","high"
"0708d6a5-c79a-4f28-9fde-b7126a5c7252","140ad3e4-018f-43f3-a688-0c32f9b341ab","e63ef815-f29a-4f25-a42d-acdf3b736058","SNYK-JS-PUGCODEGEN-7086056","2024-05-24T19:25:12.744Z","high"
"0708d6a5-c79a-4f28-9fde-b7126a5c7252","140ad3e4-018f-43f3-a688-0c32f9b341ab","d04b70dc-c890-41ca-aa2e-4c338c58631e","SNYK-JS-WS-7266574","2024-06-17T22:11:59.797Z","high"
"0708d6a5-c79a-4f28-9fde-b7126a5c7252","140ad3e4-018f-43f3-a688-0c32f9b341ab","e63ef815-f29a-4f25-a42d-acdf3b736058","SNYK-JS-WS-7266574","2024-06-17T22:35:23.619Z","high"
"0708d6a5-c79a-4f28-9fde-b7126a5c7252","140ad3e4-018f-43f3-a688-0c32f9b341ab","e63ef815-f29a-4f25-a42d-acdf3b736058","SNYK-JS-SOCKETIO-7278048","2024-06-20T19:45:46.322Z","high"
"0708d6a5-c79a-4f28-9fde-b7126a5c7252","140ad3e4-018f-43f3-a688-0c32f9b341ab","9b92da1e-be72-4f38-9ecc-03ffb624521a","SNYK-DEBIAN10-GIT-537149","2024-06-27T06:58:24.689Z","high"
"0708d6a5-c79a-4f28-9fde-b7126a5c7252","140ad3e4-018f-43f3-a688-0c32f9b341ab","48571bba-a84a-4472-9dae-3eff40b803b4","SNYK-DEBIAN11-KRB5-7411320","2024-06-28T06:05:05.522Z","high"
"0708d6a5-c79a-4f28-9fde-b7126a5c7252","140ad3e4-018f-43f3-a688-0c32f9b341ab","9b92da1e-be72-4f38-9ecc-03ffb624521a","SNYK-DEBIAN10-KRB5-7411318","2024-06-28T06:14:33.966Z","high"
"0708d6a5-c79a-4f28-9fde-b7126a5c7252","140ad3e4-018f-43f3-a688-0c32f9b341ab","806c9b97-69a9-4124-96f3-91ea4b8067a0","SNYK-DEBIAN11-KRB5-7411320","2024-06-28T06:16:39.496Z","high"
"0708d6a5-c79a-4f28-9fde-b7126a5c7252","140ad3e4-018f-43f3-a688-0c32f9b341ab","794893ec-0b41-4931-b54f-0b4517c9d663","SNYK-DEBIAN11-KRB5-7411320","2024-06-28T06:17:37.941Z","high"
"0708d6a5-c79a-4f28-9fde-b7126a5c7252","140ad3e4-018f-43f3-a688-0c32f9b341ab","8e01c2e7-d50f-4835-bd87-4f19f95729ca","npm:negotiator:20160616","2024-08-12T21:03:33.191Z","high"
"0708d6a5-c79a-4f28-9fde-b7126a5c7252","140ad3e4-018f-43f3-a688-0c32f9b341ab","8e01c2e7-d50f-4835-bd87-4f19f95729ca","SNYK-JS-Y18N-1021887","2024-08-12T21:03:33.191Z","high"
"0708d6a5-c79a-4f28-9fde-b7126a5c7252","140ad3e4-018f-43f3-a688-0c32f9b341ab","8e01c2e7-d50f-4835-bd87-4f19f95729ca","npm:marked:20150520","2024-08-12T21:03:33.191Z","high"
"0708d6a5-c79a-4f28-9fde-b7126a5c7252","140ad3e4-018f-43f3-a688-0c32f9b341ab","8e01c2e7-d50f-4835-bd87-4f19f95729ca","SNYK-JS-SETVALUE-450213","2024-08-12T21:03:33.191Z","high"
"0708d6a5-c79a-4f28-9fde-b7126a5c7252","140ad3e4-018f-43f3-a688-0c32f9b341ab","8e01c2e7-d50f-4835-bd87-4f19f95729ca","SNYK-JS-HANDLEBARS-1056767","2024-08-12T21:03:33.191Z","high"
"0708d6a5-c79a-4f28-9fde-b7126a5c7252","140ad3e4-018f-43f3-a688-0c32f9b341ab","8e01c2e7-d50f-4835-bd87-4f19f95729ca","SNYK-JS-LODASH-73638","2024-08-12T21:03:33.191Z","high"
"0708d6a5-c79a-4f28-9fde-b7126a5c7252","140ad3e4-018f-43f3-a688-0c32f9b341ab","8e01c2e7-d50f-4835-bd87-4f19f95729ca","SNYK-JS-EXPRESSFILEUPLOAD-473997","2024-08-12T21:03:33.191Z","high"
"0708d6a5-c79a-4f28-9fde-b7126a5c7252","140ad3e4-018f-43f3-a688-0c32f9b341ab","8e01c2e7-d50f-4835-bd87-4f19f95729ca","SNYK-JS-HANDLEBARS-174183","2024-08-12T21:03:33.191Z","high"
"0708d6a5-c79a-4f28-9fde-b7126a5c7252","140ad3e4-018f-43f3-a688-0c32f9b341ab","8e01c2e7-d50f-4835-bd87-4f19f95729ca","npm:ejs:20161128","2024-08-12T21:03:33.191Z","high"
"0708d6a5-c79a-4f28-9fde-b7126a5c7252","140ad3e4-018f-43f3-a688-0c32f9b341ab","8e01c2e7-d50f-4835-bd87-4f19f95729ca","SNYK-JS-LODASH-567746","2024-08-12T21:03:33.191Z","high"
"0708d6a5-c79a-4f28-9fde-b7126a5c7252","140ad3e4-018f-43f3-a688-0c32f9b341ab","8e01c2e7-d50f-4835-bd87-4f19f95729ca","SNYK-JS-BRACES-6838727","2024-08-12T21:03:33.191Z","high"
"0708d6a5-c79a-4f28-9fde-b7126a5c7252","140ad3e4-018f-43f3-a688-0c32f9b341ab","8e01c2e7-d50f-4835-bd87-4f19f95729ca","SNYK-JS-MQUERY-1089718","2024-08-12T21:03:33.191Z","high"
"0708d6a5-c79a-4f28-9fde-b7126a5c7252","140ad3e4-018f-43f3-a688-0c32f9b341ab","8e01c2e7-d50f-4835-bd87-4f19f95729ca","SNYK-JS-MQUERY-1050858","2024-08-12T21:03:33.191Z","high"
"0708d6a5-c79a-4f28-9fde-b7126a5c7252","140ad3e4-018f-43f3-a688-0c32f9b341ab","8e01c2e7-d50f-4835-bd87-4f19f95729ca","SNYK-JS-EJS-2803307","2024-08-12T21:03:33.191Z","high"
"0708d6a5-c79a-4f28-9fde-b7126a5c7252","140ad3e4-018f-43f3-a688-0c32f9b341ab","8e01c2e7-d50f-4835-bd87-4f19f95729ca","npm:marked:20170112","2024-08-12T21:03:33.191Z","high"
"0708d6a5-c79a-4f28-9fde-b7126a5c7252","140ad3e4-018f-43f3-a688-0c32f9b341ab","8e01c2e7-d50f-4835-bd87-4f19f95729ca","npm:qs:20170213","2024-08-12T21:03:33.191Z","high"
"0708d6a5-c79a-4f28-9fde-b7126a5c7252","140ad3e4-018f-43f3-a688-0c32f9b341ab","8e01c2e7-d50f-4835-bd87-4f19f95729ca","npm:marked:20170815","2024-08-12T21:03:33.191Z","high"
"0708d6a5-c79a-4f28-9fde-b7126a5c7252","140ad3e4-018f-43f3-a688-0c32f9b341ab","8e01c2e7-d50f-4835-bd87-4f19f95729ca","npm:dustjs-linkedin:20160819","2024-08-12T21:03:33.191Z","high"
"0708d6a5-c79a-4f28-9fde-b7126a5c7252","140ad3e4-018f-43f3-a688-0c32f9b341ab","8e01c2e7-d50f-4835-bd87-4f19f95729ca","SNYK-JS-MOMENT-2440688","2024-08-12T21:03:33.191Z","high"
"0708d6a5-c79a-4f28-9fde-b7126a5c7252","140ad3e4-018f-43f3-a688-0c32f9b341ab","8e01c2e7-d50f-4835-bd87-4f19f95729ca","SNYK-JS-ADMZIP-1065796","2024-08-12T21:03:33.191Z","high"
"0708d6a5-c79a-4f28-9fde-b7126a5c7252","140ad3e4-018f-43f3-a688-0c32f9b341ab","8e01c2e7-d50f-4835-bd87-4f19f95729ca","SNYK-JS-LODASH-6139239","2024-08-12T21:03:33.191Z","high"
"0708d6a5-c79a-4f28-9fde-b7126a5c7252","140ad3e4-018f-43f3-a688-0c32f9b341ab","8e01c2e7-d50f-4835-bd87-4f19f95729ca","SNYK-JS-AJV-584908","2024-08-12T21:03:33.191Z","high"
"0708d6a5-c79a-4f28-9fde-b7126a5c7252","140ad3e4-018f-43f3-a688-0c32f9b341ab","8e01c2e7-d50f-4835-bd87-4f19f95729ca","SNYK-JS-KERBEROS-568900","2024-08-12T21:03:33.191Z","high"
"0708d6a5-c79a-4f28-9fde-b7126a5c7252","140ad3e4-018f-43f3-a688-0c32f9b341ab","8e01c2e7-d50f-4835-bd87-4f19f95729ca","SNYK-JS-INI-1048974","2024-08-12T21:03:33.191Z","high"
"0708d6a5-c79a-4f28-9fde-b7126a5c7252","140ad3e4-018f-43f3-a688-0c32f9b341ab","8e01c2e7-d50f-4835-bd87-4f19f95729ca","SNYK-JS-JSONSCHEMA-1920922","2024-08-12T21:03:33.191Z","high"
"0708d6a5-c79a-4f28-9fde-b7126a5c7252","140ad3e4-018f-43f3-a688-0c32f9b341ab","8e01c2e7-d50f-4835-bd87-4f19f95729ca","SNYK-JS-ASYNC-2441827","2024-08-12T21:03:33.191Z","high"
"0708d6a5-c79a-4f28-9fde-b7126a5c7252","140ad3e4-018f-43f3-a688-0c32f9b341ab","8e01c2e7-d50f-4835-bd87-4f19f95729ca","SNYK-JS-DICER-2311764","2024-08-12T21:03:33.191Z","high"
"0708d6a5-c79a-4f28-9fde-b7126a5c7252","140ad3e4-018f-43f3-a688-0c32f9b341ab","8e01c2e7-d50f-4835-bd87-4f19f95729ca","SNYK-JS-LODASH-1040724","2024-08-12T21:03:33.191Z","high"
"0708d6a5-c79a-4f28-9fde-b7126a5c7252","140ad3e4-018f-43f3-a688-0c32f9b341ab","8e01c2e7-d50f-4835-bd87-4f19f95729ca","SNYK-JS-MIXINDEEP-450212","2024-08-12T21:03:33.191Z","high"
"0708d6a5-c79a-4f28-9fde-b7126a5c7252","140ad3e4-018f-43f3-a688-0c32f9b341ab","8e01c2e7-d50f-4835-bd87-4f19f95729ca","SNYK-JS-SETVALUE-1540541","2024-08-12T21:03:33.191Z","high"
"0708d6a5-c79a-4f28-9fde-b7126a5c7252","140ad3e4-018f-43f3-a688-0c32f9b341ab","8e01c2e7-d50f-4835-bd87-4f19f95729ca","npm:npmconf:20180512","2024-08-12T21:03:33.191Z","high"
"0708d6a5-c79a-4f28-9fde-b7126a5c7252","140ad3e4-018f-43f3-a688-0c32f9b341ab","8e01c2e7-d50f-4835-bd87-4f19f95729ca","SNYK-JS-HANDLEBARS-534478","2024-08-12T21:03:33.191Z","high"
"0708d6a5-c79a-4f28-9fde-b7126a5c7252","140ad3e4-018f-43f3-a688-0c32f9b341ab","8e01c2e7-d50f-4835-bd87-4f19f95729ca","npm:marked:20170907","2024-08-12T21:03:33.191Z","high"
"0708d6a5-c79a-4f28-9fde-b7126a5c7252","140ad3e4-018f-43f3-a688-0c32f9b341ab","8e01c2e7-d50f-4835-bd87-4f19f95729ca","SNYK-JS-HANDLEBARS-469063","2024-08-12T21:03:33.191Z","high"
"0708d6a5-c79a-4f28-9fde-b7126a5c7252","140ad3e4-018f-43f3-a688-0c32f9b341ab","8e01c2e7-d50f-4835-bd87-4f19f95729ca","SNYK-JS-EXPRESSFILEUPLOAD-595969","2024-08-12T21:03:33.191Z","high"
"0708d6a5-c79a-4f28-9fde-b7126a5c7252","140ad3e4-018f-43f3-a688-0c32f9b341ab","8e01c2e7-d50f-4835-bd87-4f19f95729ca","npm:marked:20180225","2024-08-12T21:03:33.191Z","high"
"0708d6a5-c79a-4f28-9fde-b7126a5c7252","140ad3e4-018f-43f3-a688-0c32f9b341ab","8e01c2e7-d50f-4835-bd87-4f19f95729ca","SNYK-JS-BL-608877","2024-08-12T21:03:33.191Z","high"
"0708d6a5-c79a-4f28-9fde-b7126a5c7252","140ad3e4-018f-43f3-a688-0c32f9b341ab","8e01c2e7-d50f-4835-bd87-4f19f95729ca","SNYK-JS-UNSETVALUE-2400660","2024-08-12T21:03:33.191Z","high"
"0708d6a5-c79a-4f28-9fde-b7126a5c7252","140ad3e4-018f-43f3-a688-0c32f9b341ab","8e01c2e7-d50f-4835-bd87-4f19f95729ca","SNYK-JS-TYPEORM-590152","2024-08-12T21:03:33.191Z","high"
"0708d6a5-c79a-4f28-9fde-b7126a5c7252","140ad3e4-018f-43f3-a688-0c32f9b341ab","8e01c2e7-d50f-4835-bd87-4f19f95729ca","npm:fresh:20170908","2024-08-12T21:03:33.191Z","high"
"0708d6a5-c79a-4f28-9fde-b7126a5c7252","140ad3e4-018f-43f3-a688-0c32f9b341ab","8e01c2e7-d50f-4835-bd87-4f19f95729ca","SNYK-JS-MONGOOSE-2961688","2024-08-12T21:03:33.191Z","high"
"0708d6a5-c79a-4f28-9fde-b7126a5c7252","140ad3e4-018f-43f3-a688-0c32f9b341ab","8e01c2e7-d50f-4835-bd87-4f19f95729ca","SNYK-JS-DUSTJSLINKEDIN-1089257","2024-08-12T21:03:33.191Z","high"
"0708d6a5-c79a-4f28-9fde-b7126a5c7252","140ad3e4-018f-43f3-a688-0c32f9b341ab","8e01c2e7-d50f-4835-bd87-4f19f95729ca","SNYK-JS-HANDLEBARS-173692","2024-08-12T21:03:33.191Z","high"
"0708d6a5-c79a-4f28-9fde-b7126a5c7252","140ad3e4-018f-43f3-a688-0c32f9b341ab","8e01c2e7-d50f-4835-bd87-4f19f95729ca","SNYK-JS-MONGOOSE-5777721","2024-08-12T21:03:33.191Z","high"
"0708d6a5-c79a-4f28-9fde-b7126a5c7252","140ad3e4-018f-43f3-a688-0c32f9b341ab","8e01c2e7-d50f-4835-bd87-4f19f95729ca","SNYK-JS-LODASH-450202","2024-08-12T21:03:33.191Z","high"
"0708d6a5-c79a-4f28-9fde-b7126a5c7252","140ad3e4-018f-43f3-a688-0c32f9b341ab","8e01c2e7-d50f-4835-bd87-4f19f95729ca","SNYK-JS-QS-3153490","2024-08-12T21:03:33.191Z","high"
"0708d6a5-c79a-4f28-9fde-b7126a5c7252","140ad3e4-018f-43f3-a688-0c32f9b341ab","8e01c2e7-d50f-4835-bd87-4f19f95729ca","SNYK-JS-SEMVER-3247795","2024-08-12T21:03:33.191Z","high"
"0708d6a5-c79a-4f28-9fde-b7126a5c7252","140ad3e4-018f-43f3-a688-0c32f9b341ab","8e01c2e7-d50f-4835-bd87-4f19f95729ca","SNYK-JS-ANSIREGEX-1583908","2024-08-12T21:03:33.191Z","high"
"0708d6a5-c79a-4f28-9fde-b7126a5c7252","140ad3e4-018f-43f3-a688-0c32f9b341ab","8e01c2e7-d50f-4835-bd87-4f19f95729ca","SNYK-JS-HANDLEBARS-480388","2024-08-12T21:03:33.191Z","high"
"0708d6a5-c79a-4f28-9fde-b7126a5c7252","140ad3e4-018f-43f3-a688-0c32f9b341ab","8e01c2e7-d50f-4835-bd87-4f19f95729ca","SNYK-JS-MONGODB-473855","2024-08-12T21:03:33.191Z","high"
"0708d6a5-c79a-4f28-9fde-b7126a5c7252","140ad3e4-018f-43f3-a688-0c32f9b341ab","8e01c2e7-d50f-4835-bd87-4f19f95729ca","SNYK-JS-DECODEURICOMPONENT-3149970","2024-08-12T21:03:33.191Z","high"
"0708d6a5-c79a-4f28-9fde-b7126a5c7252","140ad3e4-018f-43f3-a688-0c32f9b341ab","8e01c2e7-d50f-4835-bd87-4f19f95729ca","SNYK-JS-LODASH-608086","2024-08-12T21:03:33.191Z","high"
"0708d6a5-c79a-4f28-9fde-b7126a5c7252","140ad3e4-018f-43f3-a688-0c32f9b341ab","4574f599-1167-4c44-b3e6-1f9cdbf025c3","cf97b643-afc3-4b05-ae9e-3b0264b16f5b","2024-08-23T02:47:10.033Z","high"
"0708d6a5-c79a-4f28-9fde-b7126a5c7252","140ad3e4-018f-43f3-a688-0c32f9b341ab","4574f599-1167-4c44-b3e6-1f9cdbf025c3","e9dc980e-432f-4eec-ad25-e0c696837ef1","2024-08-23T02:47:10.033Z","high"
"0708d6a5-c79a-4f28-9fde-b7126a5c7252","140ad3e4-018f-43f3-a688-0c32f9b341ab","8e01c2e7-d50f-4835-bd87-4f19f95729ca","SNYK-JS-MOMENT-2944238","2024-09-05T19:57:57.767Z","high"
"0708d6a5-c79a-4f28-9fde-b7126a5c7252","140ad3e4-018f-43f3-a688-0c32f9b341ab","e63ef815-f29a-4f25-a42d-acdf3b736058","SNYK-JS-BODYPARSER-7926860","2024-09-12T07:28:43.892Z","high"
"0708d6a5-c79a-4f28-9fde-b7126a5c7252","140ad3e4-018f-43f3-a688-0c32f9b341ab","d04b70dc-c890-41ca-aa2e-4c338c58631e","SNYK-JS-BODYPARSER-7926860","2024-09-12T07:31:37.823Z","high"
"0708d6a5-c79a-4f28-9fde-b7126a5c7252","140ad3e4-018f-43f3-a688-0c32f9b341ab","8e01c2e7-d50f-4835-bd87-4f19f95729ca","SNYK-JS-BODYPARSER-7926860","2024-09-12T07:48:24.714Z","high"
"0708d6a5-c79a-4f28-9fde-b7126a5c7252","140ad3e4-018f-43f3-a688-0c32f9b341ab","d800a837-6283-4f6a-a02d-e4fd71f4fb11","SNYK-JS-ES5EXT-6095076","2024-10-02T22:13:09.728Z","high"
"0708d6a5-c79a-4f28-9fde-b7126a5c7252","140ad3e4-018f-43f3-a688-0c32f9b341ab","d800a837-6283-4f6a-a02d-e4fd71f4fb11","SNYK-JS-WS-7266574","2024-10-02T22:13:09.728Z","high"
"0708d6a5-c79a-4f28-9fde-b7126a5c7252","140ad3e4-018f-43f3-a688-0c32f9b341ab","d800a837-6283-4f6a-a02d-e4fd71f4fb11","SNYK-JS-ENGINEIO-3136336","2024-10-02T22:13:09.728Z","high"
"0708d6a5-c79a-4f28-9fde-b7126a5c7252","140ad3e4-018f-43f3-a688-0c32f9b341ab","d800a837-6283-4f6a-a02d-e4fd71f4fb11","SNYK-JS-MOUT-2342654","2024-10-02T22:13:09.728Z","high"
"0708d6a5-c79a-4f28-9fde-b7126a5c7252","140ad3e4-018f-43f3-a688-0c32f9b341ab","d800a837-6283-4f6a-a02d-e4fd71f4fb11","SNYK-JS-SIMPLEGET-2361683","2024-10-02T22:13:09.728Z","high"
"0708d6a5-c79a-4f28-9fde-b7126a5c7252","140ad3e4-018f-43f3-a688-0c32f9b341ab","d800a837-6283-4f6a-a02d-e4fd71f4fb11","SNYK-JS-ASYNC-2441827","2024-10-02T22:13:09.728Z","high"
"0708d6a5-c79a-4f28-9fde-b7126a5c7252","140ad3e4-018f-43f3-a688-0c32f9b341ab","d800a837-6283-4f6a-a02d-e4fd71f4fb11","npm:jsonwebtoken:20150331","2024-10-02T22:13:09.728Z","high"
"0708d6a5-c79a-4f28-9fde-b7126a5c7252","140ad3e4-018f-43f3-a688-0c32f9b341ab","d800a837-6283-4f6a-a02d-e4fd71f4fb11","SNYK-JS-LODASH-450202","2024-10-02T22:13:09.728Z","high"
"0708d6a5-c79a-4f28-9fde-b7126a5c7252","140ad3e4-018f-43f3-a688-0c32f9b341ab","d800a837-6283-4f6a-a02d-e4fd71f4fb11","SNYK-JS-SEMVER-3247795","2024-10-02T22:13:09.728Z","high"
"0708d6a5-c79a-4f28-9fde-b7126a5c7252","140ad3e4-018f-43f3-a688-0c32f9b341ab","d800a837-6283-4f6a-a02d-e4fd71f4fb11","SNYK-JS-TAR-1579147","2024-10-02T22:13:09.728Z","high"
"0708d6a5-c79a-4f28-9fde-b7126a5c7252","140ad3e4-018f-43f3-a688-0c32f9b341ab","d800a837-6283-4f6a-a02d-e4fd71f4fb11","SNYK-JS-LIBXMLJS2-6808810","2024-10-02T22:13:09.728Z","high"
"0708d6a5-c79a-4f28-9fde-b7126a5c7252","140ad3e4-018f-43f3-a688-0c32f9b341ab","d800a837-6283-4f6a-a02d-e4fd71f4fb11","SNYK-JS-LIBXMLJS2-6808816","2024-10-02T22:13:09.728Z","high"
"0708d6a5-c79a-4f28-9fde-b7126a5c7252","140ad3e4-018f-43f3-a688-0c32f9b341ab","d800a837-6283-4f6a-a02d-e4fd71f4fb11","SNYK-JS-BRACES-6838727","2024-10-02T22:13:09.728Z","high"
"0708d6a5-c79a-4f28-9fde-b7126a5c7252","140ad3e4-018f-43f3-a688-0c32f9b341ab","d800a837-6283-4f6a-a02d-e4fd71f4fb11","SNYK-JS-PUGCODEGEN-7086056","2024-10-02T22:13:09.728Z","high"
"0708d6a5-c79a-4f28-9fde-b7126a5c7252","140ad3e4-018f-43f3-a688-0c32f9b341ab","d800a837-6283-4f6a-a02d-e4fd71f4fb11","npm:jws:20160726","2024-10-02T22:13:09.728Z","high"
"0708d6a5-c79a-4f28-9fde-b7126a5c7252","140ad3e4-018f-43f3-a688-0c32f9b341ab","d800a837-6283-4f6a-a02d-e4fd71f4fb11","SNYK-JS-ANSIREGEX-1583908","2024-10-02T22:13:09.728Z","high"
"0708d6a5-c79a-4f28-9fde-b7126a5c7252","140ad3e4-018f-43f3-a688-0c32f9b341ab","d800a837-6283-4f6a-a02d-e4fd71f4fb11","SNYK-JS-BODYPARSER-7926860","2024-10-02T22:13:09.728Z","high"
"0708d6a5-c79a-4f28-9fde-b7126a5c7252","140ad3e4-018f-43f3-a688-0c32f9b341ab","d800a837-6283-4f6a-a02d-e4fd71f4fb11","SNYK-JS-TAR-1536531","2024-10-02T22:13:09.728Z","high"
"0708d6a5-c79a-4f28-9fde-b7126a5c7252","140ad3e4-018f-43f3-a688-0c32f9b341ab","d800a837-6283-4f6a-a02d-e4fd71f4fb11","SNYK-JS-SOCKETIOPARSER-5596892","2024-10-02T22:13:09.728Z","high"
"0708d6a5-c79a-4f28-9fde-b7126a5c7252","140ad3e4-018f-43f3-a688-0c32f9b341ab","d800a837-6283-4f6a-a02d-e4fd71f4fb11","SNYK-JS-DICER-2311764","2024-10-02T22:13:09.728Z","high"
"0708d6a5-c79a-4f28-9fde-b7126a5c7252","140ad3e4-018f-43f3-a688-0c32f9b341ab","d800a837-6283-4f6a-a02d-e4fd71f4fb11","SNYK-JS-MOMENT-2440688","2024-10-02T22:13:09.728Z","high"
"0708d6a5-c79a-4f28-9fde-b7126a5c7252","140ad3e4-018f-43f3-a688-0c32f9b341ab","d800a837-6283-4f6a-a02d-e4fd71f4fb11","SNYK-JS-DECODEURICOMPONENT-3149970","2024-10-02T22:13:09.728Z","high"
"0708d6a5-c79a-4f28-9fde-b7126a5c7252","140ad3e4-018f-43f3-a688-0c32f9b341ab","d800a837-6283-4f6a-a02d-e4fd71f4fb11","SNYK-JS-LODASHSET-1320032","2024-10-02T22:13:09.728Z","high"
"0708d6a5-c79a-4f28-9fde-b7126a5c7252","140ad3e4-018f-43f3-a688-0c32f9b341ab","d800a837-6283-4f6a-a02d-e4fd71f4fb11","SNYK-JS-CRYPTOJS-6028119","2024-10-02T22:13:09.728Z","high"
"0708d6a5-c79a-4f28-9fde-b7126a5c7252","140ad3e4-018f-43f3-a688-0c32f9b341ab","d800a837-6283-4f6a-a02d-e4fd71f4fb11","SNYK-JS-TAR-1579155","2024-10-02T22:13:09.728Z","high"
"0708d6a5-c79a-4f28-9fde-b7126a5c7252","140ad3e4-018f-43f3-a688-0c32f9b341ab","d800a837-6283-4f6a-a02d-e4fd71f4fb11","SNYK-JS-LODASH-1040724","2024-10-02T22:13:09.728Z","high"
"0708d6a5-c79a-4f28-9fde-b7126a5c7252","140ad3e4-018f-43f3-a688-0c32f9b341ab","d800a837-6283-4f6a-a02d-e4fd71f4fb11","SNYK-JS-SOCKETIO-7278048","2024-10-02T22:13:09.728Z","high"
"0708d6a5-c79a-4f28-9fde-b7126a5c7252","140ad3e4-018f-43f3-a688-0c32f9b341ab","d800a837-6283-4f6a-a02d-e4fd71f4fb11","npm:base64url:20180511","2024-10-02T22:13:09.728Z","high"
"0708d6a5-c79a-4f28-9fde-b7126a5c7252","140ad3e4-018f-43f3-a688-0c32f9b341ab","d800a837-6283-4f6a-a02d-e4fd71f4fb11","SNYK-JS-UNSETVALUE-2400660","2024-10-02T22:13:09.728Z","high"
"0708d6a5-c79a-4f28-9fde-b7126a5c7252","140ad3e4-018f-43f3-a688-0c32f9b341ab","d800a837-6283-4f6a-a02d-e4fd71f4fb11","npm:underscore.string:20170908","2024-10-02T22:13:09.728Z","high"
"0708d6a5-c79a-4f28-9fde-b7126a5c7252","140ad3e4-018f-43f3-a688-0c32f9b341ab","d800a837-6283-4f6a-a02d-e4fd71f4fb11","SNYK-JS-TAR-1536528","2024-10-02T22:13:09.728Z","high"
"0708d6a5-c79a-4f28-9fde-b7126a5c7252","140ad3e4-018f-43f3-a688-0c32f9b341ab","d800a837-6283-4f6a-a02d-e4fd71f4fb11","SNYK-JS-MOMENT-2944238","2024-10-02T22:13:09.728Z","high"
"0708d6a5-c79a-4f28-9fde-b7126a5c7252","140ad3e4-018f-43f3-a688-0c32f9b341ab","d800a837-6283-4f6a-a02d-e4fd71f4fb11","SNYK-JS-LODASH-73638","2024-10-02T22:13:09.728Z","high"
"0708d6a5-c79a-4f28-9fde-b7126a5c7252","140ad3e4-018f-43f3-a688-0c32f9b341ab","d800a837-6283-4f6a-a02d-e4fd71f4fb11","SNYK-JS-SEQUELIZE-2959225","2024-10-02T22:13:09.728Z","high"
"0708d6a5-c79a-4f28-9fde-b7126a5c7252","140ad3e4-018f-43f3-a688-0c32f9b341ab","d800a837-6283-4f6a-a02d-e4fd71f4fb11","SNYK-JS-SQLITE3-2388645","2024-10-02T22:13:09.728Z","high"
"0708d6a5-c79a-4f28-9fde-b7126a5c7252","140ad3e4-018f-43f3-a688-0c32f9b341ab","d800a837-6283-4f6a-a02d-e4fd71f4fb11","snyk:lic:npm:fuzzball:GPL-2.0","2024-10-02T22:13:09.728Z","high"
"0708d6a5-c79a-4f28-9fde-b7126a5c7252","140ad3e4-018f-43f3-a688-0c32f9b341ab","d800a837-6283-4f6a-a02d-e4fd71f4fb11","SNYK-JS-LODASH-608086","2024-10-02T22:13:09.728Z","high"
"0708d6a5-c79a-4f28-9fde-b7126a5c7252","140ad3e4-018f-43f3-a688-0c32f9b341ab","d800a837-6283-4f6a-a02d-e4fd71f4fb11","SNYK-JS-SQLITE3-3358947","2024-10-02T22:13:09.728Z","high"
"0708d6a5-c79a-4f28-9fde-b7126a5c7252","140ad3e4-018f-43f3-a688-0c32f9b341ab","d800a837-6283-4f6a-a02d-e4fd71f4fb11","SNYK-JS-ENGINEIO-1056749","2024-10-02T22:13:09.728Z","high"
"0708d6a5-c79a-4f28-9fde-b7126a5c7252","140ad3e4-018f-43f3-a688-0c32f9b341ab","d800a837-6283-4f6a-a02d-e4fd71f4fb11","SNYK-JS-TAR-1579152","2024-10-02T22:13:09.728Z","high"
"0708d6a5-c79a-4f28-9fde-b7126a5c7252","140ad3e4-018f-43f3-a688-0c32f9b341ab","d800a837-6283-4f6a-a02d-e4fd71f4fb11","SNYK-JS-SEQUELIZE-3324088","2024-10-02T22:13:09.728Z","high"
"0708d6a5-c79a-4f28-9fde-b7126a5c7252","140ad3e4-018f-43f3-a688-0c32f9b341ab","d800a837-6283-4f6a-a02d-e4fd71f4fb11","SNYK-JS-EXPRESSJWT-575022","2024-10-02T22:13:09.728Z","high"
"0708d6a5-c79a-4f28-9fde-b7126a5c7252","140ad3e4-018f-43f3-a688-0c32f9b341ab","d800a837-6283-4f6a-a02d-e4fd71f4fb11","SNYK-JS-QS-3153490","2024-10-02T22:13:09.728Z","high"
"0708d6a5-c79a-4f28-9fde-b7126a5c7252","140ad3e4-018f-43f3-a688-0c32f9b341ab","d800a837-6283-4f6a-a02d-e4fd71f4fb11","SNYK-JS-DOTTIE-3332763","2024-10-02T22:13:09.728Z","high"
"0708d6a5-c79a-4f28-9fde-b7126a5c7252","140ad3e4-018f-43f3-a688-0c32f9b341ab","d800a837-6283-4f6a-a02d-e4fd71f4fb11","SNYK-JS-LODASH-6139239","2024-10-02T22:13:09.728Z","high"
"0708d6a5-c79a-4f28-9fde-b7126a5c7252","140ad3e4-018f-43f3-a688-0c32f9b341ab","f7836ea6-062b-493c-ab6f-542d07a82003","SNYK-JS-MOUT-2342654","2024-10-02T22:39:47.174Z","high"
"0708d6a5-c79a-4f28-9fde-b7126a5c7252","140ad3e4-018f-43f3-a688-0c32f9b341ab","f7836ea6-062b-493c-ab6f-542d07a82003","SNYK-JS-TAR-1536531","2024-10-02T22:39:47.174Z","high"
"0708d6a5-c79a-4f28-9fde-b7126a5c7252","140ad3e4-018f-43f3-a688-0c32f9b341ab","f7836ea6-062b-493c-ab6f-542d07a82003","SNYK-JS-LODASH-450202","2024-10-02T22:39:47.174Z","high"
"0708d6a5-c79a-4f28-9fde-b7126a5c7252","140ad3e4-018f-43f3-a688-0c32f9b341ab","f7836ea6-062b-493c-ab6f-542d07a82003","SNYK-JS-SEMVER-3247795","2024-10-02T22:39:47.174Z","high"
"0708d6a5-c79a-4f28-9fde-b7126a5c7252","140ad3e4-018f-43f3-a688-0c32f9b341ab","f7836ea6-062b-493c-ab6f-542d07a82003","SNYK-JS-TAR-1579152","2024-10-02T22:39:47.174Z","high"
"0708d6a5-c79a-4f28-9fde-b7126a5c7252","140ad3e4-018f-43f3-a688-0c32f9b341ab","f7836ea6-062b-493c-ab6f-542d07a82003","SNYK-JS-TAR-1536528","2024-10-02T22:39:47.174Z","high"
"0708d6a5-c79a-4f28-9fde-b7126a5c7252","140ad3e4-018f-43f3-a688-0c32f9b341ab","f7836ea6-062b-493c-ab6f-542d07a82003","SNYK-JS-SQLITE3-2388645","2024-10-02T22:39:47.174Z","high"
"0708d6a5-c79a-4f28-9fde-b7126a5c7252","140ad3e4-018f-43f3-a688-0c32f9b341ab","f7836ea6-062b-493c-ab6f-542d07a82003","SNYK-JS-LODASH-608086","2024-10-02T22:39:47.174Z","high"
"0708d6a5-c79a-4f28-9fde-b7126a5c7252","140ad3e4-018f-43f3-a688-0c32f9b341ab","f7836ea6-062b-493c-ab6f-542d07a82003","SNYK-JS-LODASH-73638","2024-10-02T22:39:47.174Z","high"
"0708d6a5-c79a-4f28-9fde-b7126a5c7252","140ad3e4-018f-43f3-a688-0c32f9b341ab","f7836ea6-062b-493c-ab6f-542d07a82003","SNYK-JS-SEQUELIZE-2959225","2024-10-02T22:39:47.174Z","high"
"0708d6a5-c79a-4f28-9fde-b7126a5c7252","140ad3e4-018f-43f3-a688-0c32f9b341ab","f7836ea6-062b-493c-ab6f-542d07a82003","SNYK-JS-MOMENT-2944238","2024-10-02T22:39:47.174Z","high"
"0708d6a5-c79a-4f28-9fde-b7126a5c7252","140ad3e4-018f-43f3-a688-0c32f9b341ab","f7836ea6-062b-493c-ab6f-542d07a82003","SNYK-JS-TAR-1579147","2024-10-02T22:39:47.174Z","high"
"0708d6a5-c79a-4f28-9fde-b7126a5c7252","140ad3e4-018f-43f3-a688-0c32f9b341ab","f7836ea6-062b-493c-ab6f-542d07a82003","SNYK-JS-MICROMATCH-6838728","2024-10-02T22:39:47.174Z","high"
"0708d6a5-c79a-4f28-9fde-b7126a5c7252","140ad3e4-018f-43f3-a688-0c32f9b341ab","f7836ea6-062b-493c-ab6f-542d07a82003","SNYK-JS-LIBXMLJS2-6808810","2024-10-02T22:39:47.174Z","high"
"0708d6a5-c79a-4f28-9fde-b7126a5c7252","140ad3e4-018f-43f3-a688-0c32f9b341ab","f7836ea6-062b-493c-ab6f-542d07a82003","SNYK-JS-UNSETVALUE-2400660","2024-10-02T22:39:47.174Z","high"
"0708d6a5-c79a-4f28-9fde-b7126a5c7252","140ad3e4-018f-43f3-a688-0c32f9b341ab","f7836ea6-062b-493c-ab6f-542d07a82003","SNYK-JS-DECODEURICOMPONENT-3149970","2024-10-02T22:39:47.174Z","high"
"0708d6a5-c79a-4f28-9fde-b7126a5c7252","140ad3e4-018f-43f3-a688-0c32f9b341ab","f7836ea6-062b-493c-ab6f-542d07a82003","SNYK-JS-ENGINEIO-3136336","2024-10-02T22:39:47.174Z","high"
"0708d6a5-c79a-4f28-9fde-b7126a5c7252","140ad3e4-018f-43f3-a688-0c32f9b341ab","f7836ea6-062b-493c-ab6f-542d07a82003","SNYK-JS-ANSIREGEX-1583908","2024-10-02T22:39:47.174Z","high"
"0708d6a5-c79a-4f28-9fde-b7126a5c7252","140ad3e4-018f-43f3-a688-0c32f9b341ab","f7836ea6-062b-493c-ab6f-542d07a82003","SNYK-JS-QS-3153490","2024-10-02T22:39:47.174Z","high"
"0708d6a5-c79a-4f28-9fde-b7126a5c7252","140ad3e4-018f-43f3-a688-0c32f9b341ab","f7836ea6-062b-493c-ab6f-542d07a82003","SNYK-JS-DOTTIE-3332763","2024-10-02T22:39:47.174Z","high"
"0708d6a5-c79a-4f28-9fde-b7126a5c7252","140ad3e4-018f-43f3-a688-0c32f9b341ab","f7836ea6-062b-493c-ab6f-542d07a82003","SNYK-JS-ASYNC-2441827","2024-10-02T22:39:47.174Z","high"
"0708d6a5-c79a-4f28-9fde-b7126a5c7252","140ad3e4-018f-43f3-a688-0c32f9b341ab","f7836ea6-062b-493c-ab6f-542d07a82003","SNYK-JS-PUGCODEGEN-7086056","2024-10-02T22:39:47.174Z","high"
"0708d6a5-c79a-4f28-9fde-b7126a5c7252","140ad3e4-018f-43f3-a688-0c32f9b341ab","f7836ea6-062b-493c-ab6f-542d07a82003","SNYK-JS-TAR-1579155","2024-10-02T22:39:47.174Z","high"
"0708d6a5-c79a-4f28-9fde-b7126a5c7252","140ad3e4-018f-43f3-a688-0c32f9b341ab","f7836ea6-062b-493c-ab6f-542d07a82003","SNYK-JS-WS-7266574","2024-10-02T22:39:47.174Z","high"
"0708d6a5-c79a-4f28-9fde-b7126a5c7252","140ad3e4-018f-43f3-a688-0c32f9b341ab","f7836ea6-062b-493c-ab6f-542d07a82003","npm:base64url:20180511","2024-10-02T22:39:47.174Z","high"
"0708d6a5-c79a-4f28-9fde-b7126a5c7252","140ad3e4-018f-43f3-a688-0c32f9b341ab","f7836ea6-062b-493c-ab6f-542d07a82003","npm:jws:20160726","2024-10-02T22:39:47.174Z","high"
"0708d6a5-c79a-4f28-9fde-b7126a5c7252","140ad3e4-018f-43f3-a688-0c32f9b341ab","f7836ea6-062b-493c-ab6f-542d07a82003","SNYK-JS-DICER-2311764","2024-10-02T22:39:47.174Z","high"
"0708d6a5-c79a-4f28-9fde-b7126a5c7252","140ad3e4-018f-43f3-a688-0c32f9b341ab","f7836ea6-062b-493c-ab6f-542d07a82003","npm:jsonwebtoken:20150331","2024-10-02T22:39:47.174Z","high"
"0708d6a5-c79a-4f28-9fde-b7126a5c7252","140ad3e4-018f-43f3-a688-0c32f9b341ab","f7836ea6-062b-493c-ab6f-542d07a82003","SNYK-JS-SOCKETIOPARSER-5596892","2024-10-02T22:39:47.174Z","high"
"0708d6a5-c79a-4f28-9fde-b7126a5c7252","140ad3e4-018f-43f3-a688-0c32f9b341ab","f7836ea6-062b-493c-ab6f-542d07a82003","snyk:lic:npm:fuzzball:GPL-2.0","2024-10-02T22:39:47.174Z","high"
"0708d6a5-c79a-4f28-9fde-b7126a5c7252","140ad3e4-018f-43f3-a688-0c32f9b341ab","f7836ea6-062b-493c-ab6f-542d07a82003","SNYK-JS-LIBXMLJS2-6808816","2024-10-02T22:39:47.174Z","high"
"0708d6a5-c79a-4f28-9fde-b7126a5c7252","140ad3e4-018f-43f3-a688-0c32f9b341ab","f7836ea6-062b-493c-ab6f-542d07a82003","SNYK-JS-BODYPARSER-7926860","2024-10-02T22:39:47.174Z","high"
"0708d6a5-c79a-4f28-9fde-b7126a5c7252","140ad3e4-018f-43f3-a688-0c32f9b341ab","f7836ea6-062b-493c-ab6f-542d07a82003","SNYK-JS-ES5EXT-6095076","2024-10-02T22:39:47.174Z","high"
"0708d6a5-c79a-4f28-9fde-b7126a5c7252","140ad3e4-018f-43f3-a688-0c32f9b341ab","f7836ea6-062b-493c-ab6f-542d07a82003","SNYK-JS-SOCKETIO-7278048","2024-10-02T22:39:47.174Z","high"
"0708d6a5-c79a-4f28-9fde-b7126a5c7252","140ad3e4-018f-43f3-a688-0c32f9b341ab","f7836ea6-062b-493c-ab6f-542d07a82003","SNYK-JS-EXPRESSJWT-575022","2024-10-02T22:39:47.174Z","high"
"0708d6a5-c79a-4f28-9fde-b7126a5c7252","140ad3e4-018f-43f3-a688-0c32f9b341ab","f7836ea6-062b-493c-ab6f-542d07a82003","SNYK-JS-CRYPTOJS-6028119","2024-10-02T22:39:47.174Z","high"
"0708d6a5-c79a-4f28-9fde-b7126a5c7252","140ad3e4-018f-43f3-a688-0c32f9b341ab","f7836ea6-062b-493c-ab6f-542d07a82003","SNYK-JS-BRACES-6838727","2024-10-02T22:39:47.174Z","high"
"0708d6a5-c79a-4f28-9fde-b7126a5c7252","140ad3e4-018f-43f3-a688-0c32f9b341ab","f7836ea6-062b-493c-ab6f-542d07a82003","SNYK-JS-SQLITE3-3358947","2024-10-02T22:39:47.174Z","high"
"0708d6a5-c79a-4f28-9fde-b7126a5c7252","140ad3e4-018f-43f3-a688-0c32f9b341ab","f7836ea6-062b-493c-ab6f-542d07a82003","SNYK-JS-SIMPLEGET-2361683","2024-10-02T22:39:47.174Z","high"
"0708d6a5-c79a-4f28-9fde-b7126a5c7252","140ad3e4-018f-43f3-a688-0c32f9b341ab","f7836ea6-062b-493c-ab6f-542d07a82003","SNYK-JS-ENGINEIO-1056749","2024-10-02T22:39:47.174Z","high"
"0708d6a5-c79a-4f28-9fde-b7126a5c7252","140ad3e4-018f-43f3-a688-0c32f9b341ab","f7836ea6-062b-493c-ab6f-542d07a82003","SNYK-JS-LODASHSET-1320032","2024-10-02T22:39:47.174Z","high"
"0708d6a5-c79a-4f28-9fde-b7126a5c7252","140ad3e4-018f-43f3-a688-0c32f9b341ab","f7836ea6-062b-493c-ab6f-542d07a82003","SNYK-JS-LODASH-1040724","2024-10-02T22:39:47.174Z","high"
"0708d6a5-c79a-4f28-9fde-b7126a5c7252","140ad3e4-018f-43f3-a688-0c32f9b341ab","f7836ea6-062b-493c-ab6f-542d07a82003","npm:underscore.string:20170908","2024-10-02T22:39:47.174Z","high"
"0708d6a5-c79a-4f28-9fde-b7126a5c7252","140ad3e4-018f-43f3-a688-0c32f9b341ab","f7836ea6-062b-493c-ab6f-542d07a82003","SNYK-JS-LODASH-6139239","2024-10-02T22:39:47.174Z","high"
"0708d6a5-c79a-4f28-9fde-b7126a5c7252","140ad3e4-018f-43f3-a688-0c32f9b341ab","f7836ea6-062b-493c-ab6f-542d07a82003","SNYK-JS-SEQUELIZE-3324088","2024-10-02T22:39:47.174Z","high"
"0708d6a5-c79a-4f28-9fde-b7126a5c7252","140ad3e4-018f-43f3-a688-0c32f9b341ab","f7836ea6-062b-493c-ab6f-542d07a82003","SNYK-JS-MOMENT-2440688","2024-10-02T22:39:47.174Z","high"
"0708d6a5-c79a-4f28-9fde-b7126a5c7252","140ad3e4-018f-43f3-a688-0c32f9b341ab","bb0fde2e-8269-437e-b570-a36c0911429e","SNYK-JS-NODESASS-535500","2024-10-02T22:39:47.833Z","high"
"0708d6a5-c79a-4f28-9fde-b7126a5c7252","140ad3e4-018f-43f3-a688-0c32f9b341ab","bb0fde2e-8269-437e-b570-a36c0911429e","SNYK-JS-FOLLOWREDIRECTS-6141137","2024-10-02T22:39:47.833Z","high"
"0708d6a5-c79a-4f28-9fde-b7126a5c7252","140ad3e4-018f-43f3-a688-0c32f9b341ab","bb0fde2e-8269-437e-b570-a36c0911429e","SNYK-JS-NODEFORGE-2430339","2024-10-02T22:39:47.833Z","high"
"0708d6a5-c79a-4f28-9fde-b7126a5c7252","140ad3e4-018f-43f3-a688-0c32f9b341ab","bb0fde2e-8269-437e-b570-a36c0911429e","SNYK-JS-NTHCHECK-1586032","2024-10-02T22:39:47.833Z","high"
"0708d6a5-c79a-4f28-9fde-b7126a5c7252","140ad3e4-018f-43f3-a688-0c32f9b341ab","bb0fde2e-8269-437e-b570-a36c0911429e","SNYK-JS-ANSIHTML-1296849","2024-10-02T22:39:47.833Z","high"
"0708d6a5-c79a-4f28-9fde-b7126a5c7252","140ad3e4-018f-43f3-a688-0c32f9b341ab","bb0fde2e-8269-437e-b570-a36c0911429e","SNYK-JS-WEBPACKDEVMIDDLEWARE-6476555","2024-10-02T22:39:47.833Z","high"
"0708d6a5-c79a-4f28-9fde-b7126a5c7252","140ad3e4-018f-43f3-a688-0c32f9b341ab","bb0fde2e-8269-437e-b570-a36c0911429e","SNYK-JS-IP-6240864","2024-10-02T22:39:47.833Z","high"
"0708d6a5-c79a-4f28-9fde-b7126a5c7252","140ad3e4-018f-43f3-a688-0c32f9b341ab","bb0fde2e-8269-437e-b570-a36c0911429e","SNYK-JS-BODYPARSER-7926860","2024-10-02T22:39:47.833Z","high"
"0708d6a5-c79a-4f28-9fde-b7126a5c7252","140ad3e4-018f-43f3-a688-0c32f9b341ab","bb0fde2e-8269-437e-b570-a36c0911429e","SNYK-JS-TAR-1536531","2024-10-02T22:39:47.833Z","high"
"0708d6a5-c79a-4f28-9fde-b7126a5c7252","140ad3e4-018f-43f3-a688-0c32f9b341ab","bb0fde2e-8269-437e-b570-a36c0911429e","SNYK-JS-ANSIREGEX-1583908","2024-10-02T22:39:47.833Z","high"
"0708d6a5-c79a-4f28-9fde-b7126a5c7252","140ad3e4-018f-43f3-a688-0c32f9b341ab","bb0fde2e-8269-437e-b570-a36c0911429e","SNYK-JS-UNSETVALUE-2400660","2024-10-02T22:39:47.833Z","high"
"0708d6a5-c79a-4f28-9fde-b7126a5c7252","140ad3e4-018f-43f3-a688-0c32f9b341ab","bb0fde2e-8269-437e-b570-a36c0911429e","SNYK-JS-TAR-1579152","2024-10-02T22:39:47.833Z","high"
"0708d6a5-c79a-4f28-9fde-b7126a5c7252","140ad3e4-018f-43f3-a688-0c32f9b341ab","bb0fde2e-8269-437e-b570-a36c0911429e","SNYK-JS-OBJECTPATH-1585658","2024-10-02T22:39:47.833Z","high"
"0708d6a5-c79a-4f28-9fde-b7126a5c7252","140ad3e4-018f-43f3-a688-0c32f9b341ab","bb0fde2e-8269-437e-b570-a36c0911429e","SNYK-JS-BRACES-6838727","2024-10-02T22:39:47.833Z","high"
"0708d6a5-c79a-4f28-9fde-b7126a5c7252","140ad3e4-018f-43f3-a688-0c32f9b341ab","bb0fde2e-8269-437e-b570-a36c0911429e","SNYK-JS-SEMVER-3247795","2024-10-02T22:39:47.833Z","high"
"0708d6a5-c79a-4f28-9fde-b7126a5c7252","140ad3e4-018f-43f3-a688-0c32f9b341ab","bb0fde2e-8269-437e-b570-a36c0911429e","SNYK-JS-DECODEURICOMPONENT-3149970","2024-10-02T22:39:47.833Z","high"
"0708d6a5-c79a-4f28-9fde-b7126a5c7252","140ad3e4-018f-43f3-a688-0c32f9b341ab","bb0fde2e-8269-437e-b570-a36c0911429e","snyk:lic:npm:qrious:GPL-3.0","2024-10-02T22:39:47.833Z","high"
"0708d6a5-c79a-4f28-9fde-b7126a5c7252","140ad3e4-018f-43f3-a688-0c32f9b341ab","bb0fde2e-8269-437e-b570-a36c0911429e","SNYK-JS-TAR-1579147","2024-10-02T22:39:47.833Z","high"
"0708d6a5-c79a-4f28-9fde-b7126a5c7252","140ad3e4-018f-43f3-a688-0c32f9b341ab","bb0fde2e-8269-437e-b570-a36c0911429e","SNYK-JS-TRIMNEWLINES-1298042","2024-10-02T22:39:47.833Z","high"
"0708d6a5-c79a-4f28-9fde-b7126a5c7252","140ad3e4-018f-43f3-a688-0c32f9b341ab","bb0fde2e-8269-437e-b570-a36c0911429e","SNYK-JS-ES5EXT-6095076","2024-10-02T22:39:47.833Z","high"
"0708d6a5-c79a-4f28-9fde-b7126a5c7252","140ad3e4-018f-43f3-a688-0c32f9b341ab","bb0fde2e-8269-437e-b570-a36c0911429e","SNYK-JS-MICROMATCH-6838728","2024-10-02T22:39:47.833Z","high"
"0708d6a5-c79a-4f28-9fde-b7126a5c7252","140ad3e4-018f-43f3-a688-0c32f9b341ab","bb0fde2e-8269-437e-b570-a36c0911429e","SNYK-JS-TAR-1579155","2024-10-02T22:39:47.833Z","high"
"0708d6a5-c79a-4f28-9fde-b7126a5c7252","140ad3e4-018f-43f3-a688-0c32f9b341ab","bb0fde2e-8269-437e-b570-a36c0911429e","SNYK-JS-WS-7266574","2024-10-02T22:39:47.833Z","high"
"0708d6a5-c79a-4f28-9fde-b7126a5c7252","140ad3e4-018f-43f3-a688-0c32f9b341ab","bb0fde2e-8269-437e-b570-a36c0911429e","SNYK-JS-NODESASS-541000","2024-10-02T22:39:47.833Z","high"
"0708d6a5-c79a-4f28-9fde-b7126a5c7252","140ad3e4-018f-43f3-a688-0c32f9b341ab","bb0fde2e-8269-437e-b570-a36c0911429e","SNYK-JS-BROWSERIFYSIGN-6037026","2024-10-02T22:39:47.833Z","high"
"0708d6a5-c79a-4f28-9fde-b7126a5c7252","140ad3e4-018f-43f3-a688-0c32f9b341ab","bb0fde2e-8269-437e-b570-a36c0911429e","SNYK-JS-TAR-1536528","2024-10-02T22:39:47.833Z","high"
"0708d6a5-c79a-4f28-9fde-b7126a5c7252","140ad3e4-018f-43f3-a688-0c32f9b341ab","bb0fde2e-8269-437e-b570-a36c0911429e","SNYK-JS-OBJECTPATH-1017036","2024-10-02T22:39:47.833Z","high"
"0708d6a5-c79a-4f28-9fde-b7126a5c7252","140ad3e4-018f-43f3-a688-0c32f9b341ab","bb0fde2e-8269-437e-b570-a36c0911429e","SNYK-JS-LOADERUTILS-3043105","2024-10-02T22:39:47.833Z","high"
"0708d6a5-c79a-4f28-9fde-b7126a5c7252","140ad3e4-018f-43f3-a688-0c32f9b341ab","d31bc4ee-705d-464d-8e6d-67baf5ca3e77","SNYK-DEBIAN10-OPENSSL-3368736","2024-10-02T22:39:48.125Z","high"
"0708d6a5-c79a-4f28-9fde-b7126a5c7252","140ad3e4-018f-43f3-a688-0c32f9b341ab","d31bc4ee-705d-464d-8e6d-67baf5ca3e77","SNYK-UPSTREAM-NODE-5811867","2024-10-02T22:39:48.125Z","high"
"0708d6a5-c79a-4f28-9fde-b7126a5c7252","140ad3e4-018f-43f3-a688-0c32f9b341ab","d31bc4ee-705d-464d-8e6d-67baf5ca3e77","SNYK-DEBIAN10-IMAGEMAGICK-5858554","2024-10-02T22:39:48.125Z","high"
"0708d6a5-c79a-4f28-9fde-b7126a5c7252","140ad3e4-018f-43f3-a688-0c32f9b341ab","d31bc4ee-705d-464d-8e6d-67baf5ca3e77","SNYK-DEBIAN10-DJVULIBRE-1290633","2024-10-02T22:39:48.125Z","high"
"0708d6a5-c79a-4f28-9fde-b7126a5c7252","140ad3e4-018f-43f3-a688-0c32f9b341ab","d31bc4ee-705d-464d-8e6d-67baf5ca3e77","SNYK-DEBIAN10-OPENJPEG2-1049515","2024-10-02T22:39:48.125Z","high"
"0708d6a5-c79a-4f28-9fde-b7126a5c7252","140ad3e4-018f-43f3-a688-0c32f9b341ab","d31bc4ee-705d-464d-8e6d-67baf5ca3e77","SNYK-UPSTREAM-NODE-1315790","2024-10-02T22:39:48.125Z","high"
"0708d6a5-c79a-4f28-9fde-b7126a5c7252","140ad3e4-018f-43f3-a688-0c32f9b341ab","d31bc4ee-705d-464d-8e6d-67baf5ca3e77","SNYK-DEBIAN10-OPENLDAP-1039835","2024-10-02T22:39:48.125Z","high"
"0708d6a5-c79a-4f28-9fde-b7126a5c7252","140ad3e4-018f-43f3-a688-0c32f9b341ab","d31bc4ee-705d-464d-8e6d-67baf5ca3e77","SNYK-DEBIAN10-LIBXML2-1277346","2024-10-02T22:39:48.125Z","high"
"0708d6a5-c79a-4f28-9fde-b7126a5c7252","140ad3e4-018f-43f3-a688-0c32f9b341ab","d31bc4ee-705d-464d-8e6d-67baf5ca3e77","SNYK-DEBIAN10-EXPAT-3061092","2024-10-02T22:39:48.125Z","high"
"0708d6a5-c79a-4f28-9fde-b7126a5c7252","140ad3e4-018f-43f3-a688-0c32f9b341ab","d31bc4ee-705d-464d-8e6d-67baf5ca3e77","SNYK-DEBIAN10-TIFF-1078789","2024-10-02T22:39:48.125Z","high"
"0708d6a5-c79a-4f28-9fde-b7126a5c7252","140ad3e4-018f-43f3-a688-0c32f9b341ab","d31bc4ee-705d-464d-8e6d-67baf5ca3e77","SNYK-DEBIAN10-POSTGRESQL11-5519355","2024-10-02T22:39:48.125Z","high"
"0708d6a5-c79a-4f28-9fde-b7126a5c7252","140ad3e4-018f-43f3-a688-0c32f9b341ab","d31bc4ee-705d-464d-8e6d-67baf5ca3e77","SNYK-DEBIAN10-FREETYPE-2774652","2024-10-02T22:39:48.125Z","high"
"0708d6a5-c79a-4f28-9fde-b7126a5c7252","140ad3e4-018f-43f3-a688-0c32f9b341ab","d31bc4ee-705d-464d-8e6d-67baf5ca3e77","SNYK-DEBIAN10-MARIADB103-2940586","2024-10-02T22:39:48.125Z","high"
"0708d6a5-c79a-4f28-9fde-b7126a5c7252","140ad3e4-018f-43f3-a688-0c32f9b341ab","d31bc4ee-705d-464d-8e6d-67baf5ca3e77","SNYK-DEBIAN10-PYTHON37-3017604","2024-10-02T22:39:48.125Z","high"
"0708d6a5-c79a-4f28-9fde-b7126a5c7252","140ad3e4-018f-43f3-a688-0c32f9b341ab","d31bc4ee-705d-464d-8e6d-67baf5ca3e77","SNYK-DEBIAN10-NCURSES-1655739","2024-10-02T22:39:48.125Z","high"
"0708d6a5-c79a-4f28-9fde-b7126a5c7252","140ad3e4-018f-43f3-a688-0c32f9b341ab","d31bc4ee-705d-464d-8e6d-67baf5ca3e77","SNYK-DEBIAN10-CYRUSSASL2-2412041","2024-10-02T22:39:48.125Z","high"
"0708d6a5-c79a-4f28-9fde-b7126a5c7252","140ad3e4-018f-43f3-a688-0c32f9b341ab","d31bc4ee-705d-464d-8e6d-67baf5ca3e77","SNYK-DEBIAN10-TIFF-5747604","2024-10-02T22:39:48.125Z","high"
"0708d6a5-c79a-4f28-9fde-b7126a5c7252","140ad3e4-018f-43f3-a688-0c32f9b341ab","d31bc4ee-705d-464d-8e6d-67baf5ca3e77","SNYK-DEBIAN10-SQLITE3-570494","2024-10-02T22:39:48.125Z","high"
"0708d6a5-c79a-4f28-9fde-b7126a5c7252","140ad3e4-018f-43f3-a688-0c32f9b341ab","d31bc4ee-705d-464d-8e6d-67baf5ca3e77","SNYK-DEBIAN10-POSTGRESQL11-5838230","2024-10-02T22:39:48.125Z","high"
"0708d6a5-c79a-4f28-9fde-b7126a5c7252","140ad3e4-018f-43f3-a688-0c32f9b341ab","d31bc4ee-705d-464d-8e6d-67baf5ca3e77","SNYK-DEBIAN10-GZIP-2444259","2024-10-02T22:39:48.125Z","high"
"0708d6a5-c79a-4f28-9fde-b7126a5c7252","140ad3e4-018f-43f3-a688-0c32f9b341ab","d31bc4ee-705d-464d-8e6d-67baf5ca3e77","SNYK-DEBIAN10-LIBXML2-429565","2024-10-02T22:39:48.125Z","high"
"0708d6a5-c79a-4f28-9fde-b7126a5c7252","140ad3e4-018f-43f3-a688-0c32f9b341ab","d31bc4ee-705d-464d-8e6d-67baf5ca3e77","SNYK-UPSTREAM-NODE-1078517","2024-10-02T22:39:48.125Z","high"
"0708d6a5-c79a-4f28-9fde-b7126a5c7252","140ad3e4-018f-43f3-a688-0c32f9b341ab","d31bc4ee-705d-464d-8e6d-67baf5ca3e77","SNYK-DEBIAN10-OPENJPEG2-541531","2024-10-02T22:39:48.125Z","high"
"0708d6a5-c79a-4f28-9fde-b7126a5c7252","140ad3e4-018f-43f3-a688-0c32f9b341ab","d31bc4ee-705d-464d-8e6d-67baf5ca3e77","SNYK-DEBIAN10-GLIB20-5670985","2024-10-02T22:39:48.125Z","high"
"0708d6a5-c79a-4f28-9fde-b7126a5c7252","140ad3e4-018f-43f3-a688-0c32f9b341ab","d31bc4ee-705d-464d-8e6d-67baf5ca3e77","SNYK-DEBIAN10-POSTGRESQL11-1040145","2024-10-02T22:39:48.125Z","high"
"0708d6a5-c79a-4f28-9fde-b7126a5c7252","140ad3e4-018f-43f3-a688-0c32f9b341ab","d31bc4ee-705d-464d-8e6d-67baf5ca3e77","SNYK-DEBIAN10-OPENSSL-3314585","2024-10-02T22:39:48.125Z","high"
"0708d6a5-c79a-4f28-9fde-b7126a5c7252","140ad3e4-018f-43f3-a688-0c32f9b341ab","d31bc4ee-705d-464d-8e6d-67baf5ca3e77","SNYK-DEBIAN10-GNUTLS28-2964217","2024-10-02T22:39:48.125Z","high"
"0708d6a5-c79a-4f28-9fde-b7126a5c7252","140ad3e4-018f-43f3-a688-0c32f9b341ab","d31bc4ee-705d-464d-8e6d-67baf5ca3e77","SNYK-DEBIAN10-MARIADB103-2766367","2024-10-02T22:39:48.125Z","high"
"0708d6a5-c79a-4f28-9fde-b7126a5c7252","140ad3e4-018f-43f3-a688-0c32f9b341ab","d31bc4ee-705d-464d-8e6d-67baf5ca3e77","SNYK-DEBIAN10-IMAGEMAGICK-1042774","2024-10-02T22:39:48.125Z","high"
"0708d6a5-c79a-4f28-9fde-b7126a5c7252","140ad3e4-018f-43f3-a688-0c32f9b341ab","d31bc4ee-705d-464d-8e6d-67baf5ca3e77","SNYK-DEBIAN10-LIBXML2-2413976","2024-10-02T22:39:48.125Z","high"
"0708d6a5-c79a-4f28-9fde-b7126a5c7252","140ad3e4-018f-43f3-a688-0c32f9b341ab","d31bc4ee-705d-464d-8e6d-67baf5ca3e77","SNYK-DEBIAN10-MARIADB103-2766360","2024-10-02T22:39:48.125Z","high"
"0708d6a5-c79a-4f28-9fde-b7126a5c7252","140ad3e4-018f-43f3-a688-0c32f9b341ab","d31bc4ee-705d-464d-8e6d-67baf5ca3e77","SNYK-DEBIAN10-OPENLDAP-1064724","2024-10-02T22:39:48.125Z","high"
"0708d6a5-c79a-4f28-9fde-b7126a5c7252","140ad3e4-018f-43f3-a688-0c32f9b341ab","d31bc4ee-705d-464d-8e6d-67baf5ca3e77","SNYK-DEBIAN10-TIFF-6190611","2024-10-02T22:39:48.125Z","high"
"0708d6a5-c79a-4f28-9fde-b7126a5c7252","140ad3e4-018f-43f3-a688-0c32f9b341ab","d31bc4ee-705d-464d-8e6d-67baf5ca3e77","SNYK-DEBIAN10-MARIADB103-2766380","2024-10-02T22:39:48.125Z","high"
"0708d6a5-c79a-4f28-9fde-b7126a5c7252","140ad3e4-018f-43f3-a688-0c32f9b341ab","d31bc4ee-705d-464d-8e6d-67baf5ca3e77","SNYK-DEBIAN10-MARIADB103-2766279","2024-10-02T22:39:48.125Z","high"
"0708d6a5-c79a-4f28-9fde-b7126a5c7252","140ad3e4-018f-43f3-a688-0c32f9b341ab","d31bc4ee-705d-464d-8e6d-67baf5ca3e77","SNYK-DEBIAN10-LIBDE265-3227415","2024-10-02T22:39:48.125Z","high"
"0708d6a5-c79a-4f28-9fde-b7126a5c7252","140ad3e4-018f-43f3-a688-0c32f9b341ab","d31bc4ee-705d-464d-8e6d-67baf5ca3e77","SNYK-DEBIAN10-CURL-1049502","2024-10-02T22:39:48.125Z","high"
"0708d6a5-c79a-4f28-9fde-b7126a5c7252","140ad3e4-018f-43f3-a688-0c32f9b341ab","d31bc4ee-705d-464d-8e6d-67baf5ca3e77","SNYK-DEBIAN10-P11KIT-1050836","2024-10-02T22:39:48.125Z","high"
"0708d6a5-c79a-4f28-9fde-b7126a5c7252","140ad3e4-018f-43f3-a688-0c32f9b341ab","d31bc4ee-705d-464d-8e6d-67baf5ca3e77","SNYK-DEBIAN10-LIBXML2-3059802","2024-10-02T22:39:48.125Z","high"
"0708d6a5-c79a-4f28-9fde-b7126a5c7252","140ad3e4-018f-43f3-a688-0c32f9b341ab","d31bc4ee-705d-464d-8e6d-67baf5ca3e77","SNYK-DEBIAN10-FREETYPE-2774657","2024-10-02T22:39:48.125Z","high"
"0708d6a5-c79a-4f28-9fde-b7126a5c7252","140ad3e4-018f-43f3-a688-0c32f9b341ab","d31bc4ee-705d-464d-8e6d-67baf5ca3e77","SNYK-DEBIAN10-LIBXSLT-2964226","2024-10-02T22:39:48.125Z","high"
"0708d6a5-c79a-4f28-9fde-b7126a5c7252","140ad3e4-018f-43f3-a688-0c32f9b341ab","d31bc4ee-705d-464d-8e6d-67baf5ca3e77","SNYK-DEBIAN10-LIBDE265-3361566","2024-10-02T22:39:48.125Z","high"
"0708d6a5-c79a-4f28-9fde-b7126a5c7252","140ad3e4-018f-43f3-a688-0c32f9b341ab","d31bc4ee-705d-464d-8e6d-67baf5ca3e77","SNYK-DEBIAN10-LIBXML2-542929","2024-10-02T22:39:48.125Z","high"
"0708d6a5-c79a-4f28-9fde-b7126a5c7252","140ad3e4-018f-43f3-a688-0c32f9b341ab","d31bc4ee-705d-464d-8e6d-67baf5ca3e77","SNYK-DEBIAN10-LIBXML2-3059798","2024-10-02T22:39:48.125Z","high"
"0708d6a5-c79a-4f28-9fde-b7126a5c7252","140ad3e4-018f-43f3-a688-0c32f9b341ab","d31bc4ee-705d-464d-8e6d-67baf5ca3e77","SNYK-DEBIAN10-OPENJPEG2-1047355","2024-10-02T22:39:48.125Z","high"
"0708d6a5-c79a-4f28-9fde-b7126a5c7252","140ad3e4-018f-43f3-a688-0c32f9b341ab","d31bc4ee-705d-464d-8e6d-67baf5ca3e77","SNYK-DEBIAN10-PYTHON27-5853784","2024-10-02T22:39:48.125Z","high"
"0708d6a5-c79a-4f28-9fde-b7126a5c7252","140ad3e4-018f-43f3-a688-0c32f9b341ab","d31bc4ee-705d-464d-8e6d-67baf5ca3e77","SNYK-DEBIAN10-PYTHON27-5423193","2024-10-02T22:39:48.125Z","high"
"0708d6a5-c79a-4f28-9fde-b7126a5c7252","140ad3e4-018f-43f3-a688-0c32f9b341ab","d31bc4ee-705d-464d-8e6d-67baf5ca3e77","SNYK-DEBIAN10-OPENEXR-1318910","2024-10-02T22:39:48.125Z","high"
"0708d6a5-c79a-4f28-9fde-b7126a5c7252","140ad3e4-018f-43f3-a688-0c32f9b341ab","d31bc4ee-705d-464d-8e6d-67baf5ca3e77","SNYK-DEBIAN10-OPENSSL-1075326","2024-10-02T22:39:48.125Z","high"
"0708d6a5-c79a-4f28-9fde-b7126a5c7252","140ad3e4-018f-43f3-a688-0c32f9b341ab","d31bc4ee-705d-464d-8e6d-67baf5ca3e77","SNYK-DEBIAN10-MARIADB103-2766301","2024-10-02T22:39:48.125Z","high"
"0708d6a5-c79a-4f28-9fde-b7126a5c7252","140ad3e4-018f-43f3-a688-0c32f9b341ab","d31bc4ee-705d-464d-8e6d-67baf5ca3e77","SNYK-DEBIAN10-CURL-3366771","2024-10-02T22:39:48.125Z","high"
"0708d6a5-c79a-4f28-9fde-b7126a5c7252","140ad3e4-018f-43f3-a688-0c32f9b341ab","d31bc4ee-705d-464d-8e6d-67baf5ca3e77","SNYK-DEBIAN10-CURL-2805484","2024-10-02T22:39:48.125Z","high"
"0708d6a5-c79a-4f28-9fde-b7126a5c7252","140ad3e4-018f-43f3-a688-0c32f9b341ab","d31bc4ee-705d-464d-8e6d-67baf5ca3e77","SNYK-DEBIAN10-PYTHON27-2764959","2024-10-02T22:39:48.125Z","high"
"0708d6a5-c79a-4f28-9fde-b7126a5c7252","140ad3e4-018f-43f3-a688-0c32f9b341ab","d31bc4ee-705d-464d-8e6d-67baf5ca3e77","SNYK-DEBIAN10-GIT-5461946","2024-10-02T22:39:48.125Z","high"
"0708d6a5-c79a-4f28-9fde-b7126a5c7252","140ad3e4-018f-43f3-a688-0c32f9b341ab","d31bc4ee-705d-464d-8e6d-67baf5ca3e77","SNYK-DEBIAN10-MARIADB103-2766314","2024-10-02T22:39:48.125Z","high"
"0708d6a5-c79a-4f28-9fde-b7126a5c7252","140ad3e4-018f-43f3-a688-0c32f9b341ab","d31bc4ee-705d-464d-8e6d-67baf5ca3e77","SNYK-DEBIAN10-CURL-608200","2024-10-02T22:39:48.125Z","high"
"0708d6a5-c79a-4f28-9fde-b7126a5c7252","140ad3e4-018f-43f3-a688-0c32f9b341ab","d31bc4ee-705d-464d-8e6d-67baf5ca3e77","SNYK-DEBIAN10-EXPAT-2331820","2024-10-02T22:39:48.125Z","high"
"0708d6a5-c79a-4f28-9fde-b7126a5c7252","140ad3e4-018f-43f3-a688-0c32f9b341ab","d31bc4ee-705d-464d-8e6d-67baf5ca3e77","SNYK-DEBIAN10-CURL-1585139","2024-10-02T22:39:48.125Z","high"
"0708d6a5-c79a-4f28-9fde-b7126a5c7252","140ad3e4-018f-43f3-a688-0c32f9b341ab","d31bc4ee-705d-464d-8e6d-67baf5ca3e77","SNYK-DEBIAN10-GCC8-347558","2024-10-02T22:39:48.125Z","high"
"0708d6a5-c79a-4f28-9fde-b7126a5c7252","140ad3e4-018f-43f3-a688-0c32f9b341ab","d31bc4ee-705d-464d-8e6d-67baf5ca3e77","SNYK-DEBIAN10-MARIADB103-2396505","2024-10-02T22:39:48.125Z","high"
"0708d6a5-c79a-4f28-9fde-b7126a5c7252","140ad3e4-018f-43f3-a688-0c32f9b341ab","d31bc4ee-705d-464d-8e6d-67baf5ca3e77","SNYK-DEBIAN10-LIBDE265-2359233","2024-10-02T22:39:48.125Z","high"
"0708d6a5-c79a-4f28-9fde-b7126a5c7252","140ad3e4-018f-43f3-a688-0c32f9b341ab","d31bc4ee-705d-464d-8e6d-67baf5ca3e77","SNYK-DEBIAN10-IMAGEMAGICK-1048022","2024-10-02T22:39:48.125Z","high"
"0708d6a5-c79a-4f28-9fde-b7126a5c7252","140ad3e4-018f-43f3-a688-0c32f9b341ab","d31bc4ee-705d-464d-8e6d-67baf5ca3e77","SNYK-DEBIAN10-LIBDE265-6070697","2024-10-02T22:39:48.125Z","high"
"0708d6a5-c79a-4f28-9fde-b7126a5c7252","140ad3e4-018f-43f3-a688-0c32f9b341ab","d31bc4ee-705d-464d-8e6d-67baf5ca3e77","SNYK-DEBIAN10-OPENSSL-1569406","2024-10-02T22:39:48.125Z","high"
"0708d6a5-c79a-4f28-9fde-b7126a5c7252","140ad3e4-018f-43f3-a688-0c32f9b341ab","d31bc4ee-705d-464d-8e6d-67baf5ca3e77","SNYK-DEBIAN10-GIT-1577271","2024-10-02T22:39:48.125Z","high"
"0708d6a5-c79a-4f28-9fde-b7126a5c7252","140ad3e4-018f-43f3-a688-0c32f9b341ab","d31bc4ee-705d-464d-8e6d-67baf5ca3e77","SNYK-DEBIAN10-MARIADB103-2766369","2024-10-02T22:39:48.125Z","high"
"0708d6a5-c79a-4f28-9fde-b7126a5c7252","140ad3e4-018f-43f3-a688-0c32f9b341ab","d31bc4ee-705d-464d-8e6d-67baf5ca3e77","SNYK-DEBIAN10-PYTHON37-1013422","2024-10-02T22:39:48.125Z","high"
"0708d6a5-c79a-4f28-9fde-b7126a5c7252","140ad3e4-018f-43f3-a688-0c32f9b341ab","d31bc4ee-705d-464d-8e6d-67baf5ca3e77","SNYK-DEBIAN10-OPENSSL-3314606","2024-10-02T22:39:48.125Z","high"
"0708d6a5-c79a-4f28-9fde-b7126a5c7252","140ad3e4-018f-43f3-a688-0c32f9b341ab","d31bc4ee-705d-464d-8e6d-67baf5ca3e77","SNYK-DEBIAN10-OPENLDAP-1064744","2024-10-02T22:39:48.125Z","high"
"0708d6a5-c79a-4f28-9fde-b7126a5c7252","140ad3e4-018f-43f3-a688-0c32f9b341ab","d31bc4ee-705d-464d-8e6d-67baf5ca3e77","SNYK-DEBIAN10-GNUTLS28-609778","2024-10-02T22:39:48.125Z","high"
"0708d6a5-c79a-4f28-9fde-b7126a5c7252","140ad3e4-018f-43f3-a688-0c32f9b341ab","d31bc4ee-705d-464d-8e6d-67baf5ca3e77","SNYK-DEBIAN10-LIBSSH2-452460","2024-10-02T22:39:48.125Z","high"
"0708d6a5-c79a-4f28-9fde-b7126a5c7252","140ad3e4-018f-43f3-a688-0c32f9b341ab","d31bc4ee-705d-464d-8e6d-67baf5ca3e77","SNYK-DEBIAN10-PYTHON37-1570178","2024-10-02T22:39:48.125Z","high"
"0708d6a5-c79a-4f28-9fde-b7126a5c7252","140ad3e4-018f-43f3-a688-0c32f9b341ab","d31bc4ee-705d-464d-8e6d-67baf5ca3e77","SNYK-DEBIAN10-IMAGEMAGICK-1244105","2024-10-02T22:39:48.125Z","high"
"0708d6a5-c79a-4f28-9fde-b7126a5c7252","140ad3e4-018f-43f3-a688-0c32f9b341ab","d31bc4ee-705d-464d-8e6d-67baf5ca3e77","SNYK-DEBIAN10-LIBDE265-3342950","2024-10-02T22:39:48.125Z","high"
"0708d6a5-c79a-4f28-9fde-b7126a5c7252","140ad3e4-018f-43f3-a688-0c32f9b341ab","d31bc4ee-705d-464d-8e6d-67baf5ca3e77","SNYK-DEBIAN10-LIBDE265-3336915","2024-10-02T22:39:48.125Z","high"
"0708d6a5-c79a-4f28-9fde-b7126a5c7252","140ad3e4-018f-43f3-a688-0c32f9b341ab","d31bc4ee-705d-464d-8e6d-67baf5ca3e77","SNYK-DEBIAN10-PYTHON27-5423210","2024-10-02T22:39:48.125Z","high"
"0708d6a5-c79a-4f28-9fde-b7126a5c7252","140ad3e4-018f-43f3-a688-0c32f9b341ab","d31bc4ee-705d-464d-8e6d-67baf5ca3e77","SNYK-UPSTREAM-NODE-6564548","2024-10-02T22:39:48.125Z","high"
"0708d6a5-c79a-4f28-9fde-b7126a5c7252","140ad3e4-018f-43f3-a688-0c32f9b341ab","d31bc4ee-705d-464d-8e6d-67baf5ca3e77","SNYK-DEBIAN10-LIBWEBP-5893093","2024-10-02T22:39:48.125Z","high"
"0708d6a5-c79a-4f28-9fde-b7126a5c7252","140ad3e4-018f-43f3-a688-0c32f9b341ab","d31bc4ee-705d-464d-8e6d-67baf5ca3e77","SNYK-DEBIAN10-EXPAT-2331795","2024-10-02T22:39:48.125Z","high"
"0708d6a5-c79a-4f28-9fde-b7126a5c7252","140ad3e4-018f-43f3-a688-0c32f9b341ab","d31bc4ee-705d-464d-8e6d-67baf5ca3e77","SNYK-DEBIAN10-KRB5-3120879","2024-10-02T22:39:48.125Z","high"
"0708d6a5-c79a-4f28-9fde-b7126a5c7252","140ad3e4-018f-43f3-a688-0c32f9b341ab","d31bc4ee-705d-464d-8e6d-67baf5ca3e77","SNYK-DEBIAN10-CURL-2813757","2024-10-02T22:39:48.125Z","high"
"0708d6a5-c79a-4f28-9fde-b7126a5c7252","140ad3e4-018f-43f3-a688-0c32f9b341ab","d31bc4ee-705d-464d-8e6d-67baf5ca3e77","SNYK-DEBIAN10-MARIADB103-2766287","2024-10-02T22:39:48.125Z","high"
"0708d6a5-c79a-4f28-9fde-b7126a5c7252","140ad3e4-018f-43f3-a688-0c32f9b341ab","d31bc4ee-705d-464d-8e6d-67baf5ca3e77","SNYK-DEBIAN10-SQLITE3-539773","2024-10-02T22:39:48.125Z","high"
"0708d6a5-c79a-4f28-9fde-b7126a5c7252","140ad3e4-018f-43f3-a688-0c32f9b341ab","d31bc4ee-705d-464d-8e6d-67baf5ca3e77","SNYK-DEBIAN10-SUBVERSION-2635642","2024-10-02T22:39:48.125Z","high"
"0708d6a5-c79a-4f28-9fde-b7126a5c7252","140ad3e4-018f-43f3-a688-0c32f9b341ab","d31bc4ee-705d-464d-8e6d-67baf5ca3e77","SNYK-DEBIAN10-PYTHON27-584372","2024-10-02T22:39:48.125Z","high"
"0708d6a5-c79a-4f28-9fde-b7126a5c7252","140ad3e4-018f-43f3-a688-0c32f9b341ab","d31bc4ee-705d-464d-8e6d-67baf5ca3e77","SNYK-UPSTREAM-NODE-1243765","2024-10-02T22:39:48.125Z","high"
"0708d6a5-c79a-4f28-9fde-b7126a5c7252","140ad3e4-018f-43f3-a688-0c32f9b341ab","d31bc4ee-705d-464d-8e6d-67baf5ca3e77","SNYK-DEBIAN10-LIBXML2-542927","2024-10-02T22:39:48.125Z","high"
"0708d6a5-c79a-4f28-9fde-b7126a5c7252","140ad3e4-018f-43f3-a688-0c32f9b341ab","d31bc4ee-705d-464d-8e6d-67baf5ca3e77","SNYK-UPSTREAM-NODE-2332186","2024-10-02T22:39:48.125Z","high"
"0708d6a5-c79a-4f28-9fde-b7126a5c7252","140ad3e4-018f-43f3-a688-0c32f9b341ab","d31bc4ee-705d-464d-8e6d-67baf5ca3e77","SNYK-DEBIAN10-DJVULIBRE-1290629","2024-10-02T22:39:48.125Z","high"
"0708d6a5-c79a-4f28-9fde-b7126a5c7252","140ad3e4-018f-43f3-a688-0c32f9b341ab","d31bc4ee-705d-464d-8e6d-67baf5ca3e77","SNYK-DEBIAN10-MARIADB103-2766402","2024-10-02T22:39:48.125Z","high"
"0708d6a5-c79a-4f28-9fde-b7126a5c7252","140ad3e4-018f-43f3-a688-0c32f9b341ab","d31bc4ee-705d-464d-8e6d-67baf5ca3e77","SNYK-DEBIAN10-DJVULIBRE-481572","2024-10-02T22:39:48.125Z","high"
"0708d6a5-c79a-4f28-9fde-b7126a5c7252","140ad3e4-018f-43f3-a688-0c32f9b341ab","d31bc4ee-705d-464d-8e6d-67baf5ca3e77","SNYK-DEBIAN10-SUBVERSION-1071814","2024-10-02T22:39:48.125Z","high"
"0708d6a5-c79a-4f28-9fde-b7126a5c7252","140ad3e4-018f-43f3-a688-0c32f9b341ab","d31bc4ee-705d-464d-8e6d-67baf5ca3e77","SNYK-DEBIAN10-POSTGRESQL11-2980115","2024-10-02T22:39:48.125Z","high"
"0708d6a5-c79a-4f28-9fde-b7126a5c7252","140ad3e4-018f-43f3-a688-0c32f9b341ab","d31bc4ee-705d-464d-8e6d-67baf5ca3e77","SNYK-DEBIAN10-OPENEXR-1320028","2024-10-02T22:39:48.125Z","high"
"0708d6a5-c79a-4f28-9fde-b7126a5c7252","140ad3e4-018f-43f3-a688-0c32f9b341ab","d31bc4ee-705d-464d-8e6d-67baf5ca3e77","SNYK-DEBIAN10-OPENLDAP-1039832","2024-10-02T22:39:48.125Z","high"
"0708d6a5-c79a-4f28-9fde-b7126a5c7252","140ad3e4-018f-43f3-a688-0c32f9b341ab","d31bc4ee-705d-464d-8e6d-67baf5ca3e77","SNYK-DEBIAN10-ZLIB-2433934","2024-10-02T22:39:48.125Z","high"
"0708d6a5-c79a-4f28-9fde-b7126a5c7252","140ad3e4-018f-43f3-a688-0c32f9b341ab","d31bc4ee-705d-464d-8e6d-67baf5ca3e77","SNYK-DEBIAN10-XZUTILS-2444279","2024-10-02T22:39:48.125Z","high"
"0708d6a5-c79a-4f28-9fde-b7126a5c7252","140ad3e4-018f-43f3-a688-0c32f9b341ab","d31bc4ee-705d-464d-8e6d-67baf5ca3e77","SNYK-DEBIAN10-OPENLDAP-1064737","2024-10-02T22:39:48.125Z","high"
"0708d6a5-c79a-4f28-9fde-b7126a5c7252","140ad3e4-018f-43f3-a688-0c32f9b341ab","d31bc4ee-705d-464d-8e6d-67baf5ca3e77","SNYK-DEBIAN10-GIT-2635966","2024-10-02T22:39:48.125Z","high"
"0708d6a5-c79a-4f28-9fde-b7126a5c7252","140ad3e4-018f-43f3-a688-0c32f9b341ab","d31bc4ee-705d-464d-8e6d-67baf5ca3e77","SNYK-DEBIAN10-POSTGRESQL11-1920111","2024-10-02T22:39:48.125Z","high"
"0708d6a5-c79a-4f28-9fde-b7126a5c7252","140ad3e4-018f-43f3-a688-0c32f9b341ab","d31bc4ee-705d-464d-8e6d-67baf5ca3e77","SNYK-DEBIAN10-PYTHON27-5423202","2024-10-02T22:39:48.125Z","high"
"0708d6a5-c79a-4f28-9fde-b7126a5c7252","140ad3e4-018f-43f3-a688-0c32f9b341ab","d31bc4ee-705d-464d-8e6d-67baf5ca3e77","SNYK-DEBIAN10-MARIADB103-1087462","2024-10-02T22:39:48.125Z","high"
"0708d6a5-c79a-4f28-9fde-b7126a5c7252","140ad3e4-018f-43f3-a688-0c32f9b341ab","d31bc4ee-705d-464d-8e6d-67baf5ca3e77","SNYK-DEBIAN10-GIT-3319755","2024-10-02T22:39:48.125Z","high"
"0708d6a5-c79a-4f28-9fde-b7126a5c7252","140ad3e4-018f-43f3-a688-0c32f9b341ab","d31bc4ee-705d-464d-8e6d-67baf5ca3e77","SNYK-DEBIAN10-P11KIT-1050833","2024-10-02T22:39:48.125Z","high"
"0708d6a5-c79a-4f28-9fde-b7126a5c7252","140ad3e4-018f-43f3-a688-0c32f9b341ab","d31bc4ee-705d-464d-8e6d-67baf5ca3e77","SNYK-DEBIAN10-SYSTEMD-6277513","2024-10-02T22:39:48.125Z","high"
"0708d6a5-c79a-4f28-9fde-b7126a5c7252","140ad3e4-018f-43f3-a688-0c32f9b341ab","d31bc4ee-705d-464d-8e6d-67baf5ca3e77","SNYK-DEBIAN10-TIFF-3113870","2024-10-02T22:39:48.125Z","high"
"0708d6a5-c79a-4f28-9fde-b7126a5c7252","140ad3e4-018f-43f3-a688-0c32f9b341ab","d31bc4ee-705d-464d-8e6d-67baf5ca3e77","SNYK-DEBIAN10-LIBJPEGTURBO-571504","2024-10-02T22:39:48.125Z","high"
"0708d6a5-c79a-4f28-9fde-b7126a5c7252","140ad3e4-018f-43f3-a688-0c32f9b341ab","d31bc4ee-705d-464d-8e6d-67baf5ca3e77","SNYK-DEBIAN10-TIFF-2420604","2024-10-02T22:39:48.125Z","high"
"0708d6a5-c79a-4f28-9fde-b7126a5c7252","140ad3e4-018f-43f3-a688-0c32f9b341ab","d31bc4ee-705d-464d-8e6d-67baf5ca3e77","SNYK-DEBIAN10-NCURSES-2767192","2024-10-02T22:39:48.125Z","high"
"0708d6a5-c79a-4f28-9fde-b7126a5c7252","140ad3e4-018f-43f3-a688-0c32f9b341ab","d31bc4ee-705d-464d-8e6d-67baf5ca3e77","SNYK-UPSTREAM-NODE-1055465","2024-10-02T22:39:48.125Z","high"
"0708d6a5-c79a-4f28-9fde-b7126a5c7252","140ad3e4-018f-43f3-a688-0c32f9b341ab","d31bc4ee-705d-464d-8e6d-67baf5ca3e77","SNYK-DEBIAN10-GIT-2949147","2024-10-02T22:39:48.125Z","high"
"0708d6a5-c79a-4f28-9fde-b7126a5c7252","140ad3e4-018f-43f3-a688-0c32f9b341ab","d31bc4ee-705d-464d-8e6d-67baf5ca3e77","SNYK-DEBIAN10-LIBX11-608548","2024-10-02T22:39:48.125Z","high"
"0708d6a5-c79a-4f28-9fde-b7126a5c7252","140ad3e4-018f-43f3-a688-0c32f9b341ab","d31bc4ee-705d-464d-8e6d-67baf5ca3e77","SNYK-DEBIAN10-CURL-573153","2024-10-02T22:39:48.125Z","high"
"0708d6a5-c79a-4f28-9fde-b7126a5c7252","140ad3e4-018f-43f3-a688-0c32f9b341ab","d31bc4ee-705d-464d-8e6d-67baf5ca3e77","SNYK-DEBIAN10-PYTHON37-3325305","2024-10-02T22:39:48.125Z","high"
"0708d6a5-c79a-4f28-9fde-b7126a5c7252","140ad3e4-018f-43f3-a688-0c32f9b341ab","d31bc4ee-705d-464d-8e6d-67baf5ca3e77","SNYK-DEBIAN10-CURL-573151","2024-10-02T22:39:48.125Z","high"
"0708d6a5-c79a-4f28-9fde-b7126a5c7252","140ad3e4-018f-43f3-a688-0c32f9b341ab","d31bc4ee-705d-464d-8e6d-67baf5ca3e77","SNYK-DEBIAN10-GLIBC-559488","2024-10-02T22:39:48.125Z","high"
"0708d6a5-c79a-4f28-9fde-b7126a5c7252","140ad3e4-018f-43f3-a688-0c32f9b341ab","d31bc4ee-705d-464d-8e6d-67baf5ca3e77","SNYK-DEBIAN10-CURL-1049506","2024-10-02T22:39:48.125Z","high"
"0708d6a5-c79a-4f28-9fde-b7126a5c7252","140ad3e4-018f-43f3-a688-0c32f9b341ab","d31bc4ee-705d-464d-8e6d-67baf5ca3e77","SNYK-DEBIAN10-IMAGEMAGICK-2928992","2024-10-02T22:39:48.125Z","high"
"0708d6a5-c79a-4f28-9fde-b7126a5c7252","140ad3e4-018f-43f3-a688-0c32f9b341ab","d31bc4ee-705d-464d-8e6d-67baf5ca3e77","SNYK-DEBIAN10-OPENLDAP-1064754","2024-10-02T22:39:48.125Z","high"
"0708d6a5-c79a-4f28-9fde-b7126a5c7252","140ad3e4-018f-43f3-a688-0c32f9b341ab","d31bc4ee-705d-464d-8e6d-67baf5ca3e77","SNYK-DEBIAN10-OPENLDAP-1064742","2024-10-02T22:39:48.125Z","high"
"0708d6a5-c79a-4f28-9fde-b7126a5c7252","140ad3e4-018f-43f3-a688-0c32f9b341ab","d31bc4ee-705d-464d-8e6d-67baf5ca3e77","SNYK-DEBIAN10-LIBDE265-1585971","2024-10-02T22:39:48.125Z","high"
"0708d6a5-c79a-4f28-9fde-b7126a5c7252","140ad3e4-018f-43f3-a688-0c32f9b341ab","d31bc4ee-705d-464d-8e6d-67baf5ca3e77","SNYK-DEBIAN10-EXPAT-2330888","2024-10-02T22:39:48.125Z","high"
"0708d6a5-c79a-4f28-9fde-b7126a5c7252","140ad3e4-018f-43f3-a688-0c32f9b341ab","d31bc4ee-705d-464d-8e6d-67baf5ca3e77","SNYK-DEBIAN10-NETTLE-1090205","2024-10-02T22:39:48.125Z","high"
"0708d6a5-c79a-4f28-9fde-b7126a5c7252","140ad3e4-018f-43f3-a688-0c32f9b341ab","d31bc4ee-705d-464d-8e6d-67baf5ca3e77","SNYK-DEBIAN10-GMP-1920939","2024-10-02T22:39:48.125Z","high"
"0708d6a5-c79a-4f28-9fde-b7126a5c7252","140ad3e4-018f-43f3-a688-0c32f9b341ab","d31bc4ee-705d-464d-8e6d-67baf5ca3e77","SNYK-DEBIAN10-LIBSSH2-5861759","2024-10-02T22:39:48.125Z","high"
"0708d6a5-c79a-4f28-9fde-b7126a5c7252","140ad3e4-018f-43f3-a688-0c32f9b341ab","d31bc4ee-705d-464d-8e6d-67baf5ca3e77","SNYK-DEBIAN10-LIBXSLT-2964221","2024-10-02T22:39:48.125Z","high"
"0708d6a5-c79a-4f28-9fde-b7126a5c7252","140ad3e4-018f-43f3-a688-0c32f9b341ab","d31bc4ee-705d-464d-8e6d-67baf5ca3e77","SNYK-DEBIAN10-POSTGRESQL11-1292094","2024-10-02T22:39:48.125Z","high"
"0708d6a5-c79a-4f28-9fde-b7126a5c7252","140ad3e4-018f-43f3-a688-0c32f9b341ab","d31bc4ee-705d-464d-8e6d-67baf5ca3e77","SNYK-DEBIAN10-CURL-2813772","2024-10-02T22:39:48.125Z","high"
"0708d6a5-c79a-4f28-9fde-b7126a5c7252","140ad3e4-018f-43f3-a688-0c32f9b341ab","d31bc4ee-705d-464d-8e6d-67baf5ca3e77","SNYK-DEBIAN10-PYTHON27-5423207","2024-10-02T22:39:48.125Z","high"
"0708d6a5-c79a-4f28-9fde-b7126a5c7252","140ad3e4-018f-43f3-a688-0c32f9b341ab","d31bc4ee-705d-464d-8e6d-67baf5ca3e77","SNYK-DEBIAN10-POSTGRESQL11-1040144","2024-10-02T22:39:48.125Z","high"
"0708d6a5-c79a-4f28-9fde-b7126a5c7252","140ad3e4-018f-43f3-a688-0c32f9b341ab","d31bc4ee-705d-464d-8e6d-67baf5ca3e77","SNYK-DEBIAN10-KRB5-1037638","2024-10-02T22:39:48.125Z","high"
"0708d6a5-c79a-4f28-9fde-b7126a5c7252","140ad3e4-018f-43f3-a688-0c32f9b341ab","d31bc4ee-705d-464d-8e6d-67baf5ca3e77","SNYK-DEBIAN10-IMAGEMAGICK-1246512","2024-10-02T22:39:48.125Z","high"
"0708d6a5-c79a-4f28-9fde-b7126a5c7252","140ad3e4-018f-43f3-a688-0c32f9b341ab","d31bc4ee-705d-464d-8e6d-67baf5ca3e77","SNYK-DEBIAN10-MARIADB103-2940573","2024-10-02T22:39:48.125Z","high"
"0708d6a5-c79a-4f28-9fde-b7126a5c7252","140ad3e4-018f-43f3-a688-0c32f9b341ab","d31bc4ee-705d-464d-8e6d-67baf5ca3e77","SNYK-DEBIAN10-MARIADB103-2940558","2024-10-02T22:39:48.125Z","high"
"0708d6a5-c79a-4f28-9fde-b7126a5c7252","140ad3e4-018f-43f3-a688-0c32f9b341ab","d31bc4ee-705d-464d-8e6d-67baf5ca3e77","SNYK-DEBIAN10-GLIBC-564233","2024-10-02T22:39:48.125Z","high"
"0708d6a5-c79a-4f28-9fde-b7126a5c7252","140ad3e4-018f-43f3-a688-0c32f9b341ab","d31bc4ee-705d-464d-8e6d-67baf5ca3e77","SNYK-DEBIAN10-KRB5-7411318","2024-10-02T22:39:48.125Z","high"
"0708d6a5-c79a-4f28-9fde-b7126a5c7252","140ad3e4-018f-43f3-a688-0c32f9b341ab","d31bc4ee-705d-464d-8e6d-67baf5ca3e77","SNYK-DEBIAN10-NCURSES-5421196","2024-10-02T22:39:48.125Z","high"
"0708d6a5-c79a-4f28-9fde-b7126a5c7252","140ad3e4-018f-43f3-a688-0c32f9b341ab","d31bc4ee-705d-464d-8e6d-67baf5ca3e77","SNYK-DEBIAN10-UNBOUND-6245704","2024-10-02T22:39:48.125Z","high"
"0708d6a5-c79a-4f28-9fde-b7126a5c7252","140ad3e4-018f-43f3-a688-0c32f9b341ab","d31bc4ee-705d-464d-8e6d-67baf5ca3e77","SNYK-DEBIAN10-LIBXML2-539775","2024-10-02T22:39:48.125Z","high"
"0708d6a5-c79a-4f28-9fde-b7126a5c7252","140ad3e4-018f-43f3-a688-0c32f9b341ab","d31bc4ee-705d-464d-8e6d-67baf5ca3e77","SNYK-UPSTREAM-NODE-6615824","2024-10-02T22:39:48.125Z","high"
"0708d6a5-c79a-4f28-9fde-b7126a5c7252","140ad3e4-018f-43f3-a688-0c32f9b341ab","d31bc4ee-705d-464d-8e6d-67baf5ca3e77","SNYK-DEBIAN10-POSTGRESQL11-2824083","2024-10-02T22:39:48.125Z","high"
"0708d6a5-c79a-4f28-9fde-b7126a5c7252","140ad3e4-018f-43f3-a688-0c32f9b341ab","d31bc4ee-705d-464d-8e6d-67baf5ca3e77","SNYK-DEBIAN10-EXPAT-2384929","2024-10-02T22:39:48.125Z","high"
"0708d6a5-c79a-4f28-9fde-b7126a5c7252","140ad3e4-018f-43f3-a688-0c32f9b341ab","d31bc4ee-705d-464d-8e6d-67baf5ca3e77","SNYK-DEBIAN10-MARIADB103-2766378","2024-10-02T22:39:48.125Z","high"
"0708d6a5-c79a-4f28-9fde-b7126a5c7252","140ad3e4-018f-43f3-a688-0c32f9b341ab","d31bc4ee-705d-464d-8e6d-67baf5ca3e77","SNYK-DEBIAN10-GNUTLS28-6159414","2024-10-02T22:39:48.125Z","high"
"0708d6a5-c79a-4f28-9fde-b7126a5c7252","140ad3e4-018f-43f3-a688-0c32f9b341ab","d31bc4ee-705d-464d-8e6d-67baf5ca3e77","SNYK-DEBIAN10-LIBX11-5927157","2024-10-02T22:39:48.125Z","high"
"0708d6a5-c79a-4f28-9fde-b7126a5c7252","140ad3e4-018f-43f3-a688-0c32f9b341ab","d31bc4ee-705d-464d-8e6d-67baf5ca3e77","SNYK-DEBIAN10-SQLITE3-540568","2024-10-02T22:39:48.125Z","high"
"0708d6a5-c79a-4f28-9fde-b7126a5c7252","140ad3e4-018f-43f3-a688-0c32f9b341ab","d31bc4ee-705d-464d-8e6d-67baf5ca3e77","SNYK-DEBIAN10-TIFF-1078788","2024-10-02T22:39:48.125Z","high"
"0708d6a5-c79a-4f28-9fde-b7126a5c7252","140ad3e4-018f-43f3-a688-0c32f9b341ab","d31bc4ee-705d-464d-8e6d-67baf5ca3e77","SNYK-DEBIAN10-MARIADB103-2396511","2024-10-02T22:39:48.125Z","high"
"0708d6a5-c79a-4f28-9fde-b7126a5c7252","140ad3e4-018f-43f3-a688-0c32f9b341ab","d31bc4ee-705d-464d-8e6d-67baf5ca3e77","SNYK-DEBIAN10-LIBX11-5710890","2024-10-02T22:39:48.125Z","high"
"0708d6a5-c79a-4f28-9fde-b7126a5c7252","140ad3e4-018f-43f3-a688-0c32f9b341ab","d31bc4ee-705d-464d-8e6d-67baf5ca3e77","SNYK-DEBIAN10-LIBXML2-1277350","2024-10-02T22:39:48.125Z","high"
"0708d6a5-c79a-4f28-9fde-b7126a5c7252","140ad3e4-018f-43f3-a688-0c32f9b341ab","d31bc4ee-705d-464d-8e6d-67baf5ca3e77","SNYK-DEBIAN10-PYTHON27-5423201","2024-10-02T22:39:48.125Z","high"
"0708d6a5-c79a-4f28-9fde-b7126a5c7252","140ad3e4-018f-43f3-a688-0c32f9b341ab","d31bc4ee-705d-464d-8e6d-67baf5ca3e77","SNYK-DEBIAN10-LIBJPEGTURBO-480829","2024-10-02T22:39:48.125Z","high"
"0708d6a5-c79a-4f28-9fde-b7126a5c7252","140ad3e4-018f-43f3-a688-0c32f9b341ab","d31bc4ee-705d-464d-8e6d-67baf5ca3e77","SNYK-DEBIAN10-GLIBC-1065768","2024-10-02T22:39:48.125Z","high"
"0708d6a5-c79a-4f28-9fde-b7126a5c7252","140ad3e4-018f-43f3-a688-0c32f9b341ab","d31bc4ee-705d-464d-8e6d-67baf5ca3e77","SNYK-DEBIAN10-GLIB20-1075023","2024-10-02T22:39:48.125Z","high"
"0708d6a5-c79a-4f28-9fde-b7126a5c7252","140ad3e4-018f-43f3-a688-0c32f9b341ab","d31bc4ee-705d-464d-8e6d-67baf5ca3e77","SNYK-DEBIAN10-SQLITE3-539763","2024-10-02T22:39:48.125Z","high"
"0708d6a5-c79a-4f28-9fde-b7126a5c7252","140ad3e4-018f-43f3-a688-0c32f9b341ab","d31bc4ee-705d-464d-8e6d-67baf5ca3e77","SNYK-DEBIAN10-LIBDE265-6105350","2024-10-02T22:39:48.125Z","high"
"0708d6a5-c79a-4f28-9fde-b7126a5c7252","140ad3e4-018f-43f3-a688-0c32f9b341ab","d31bc4ee-705d-464d-8e6d-67baf5ca3e77","SNYK-DEBIAN10-PIXMAN-3099046","2024-10-02T22:39:48.125Z","high"
"0708d6a5-c79a-4f28-9fde-b7126a5c7252","140ad3e4-018f-43f3-a688-0c32f9b341ab","d31bc4ee-705d-464d-8e6d-67baf5ca3e77","SNYK-DEBIAN10-DJVULIBRE-1290638","2024-10-02T22:39:48.125Z","high"
"0708d6a5-c79a-4f28-9fde-b7126a5c7252","140ad3e4-018f-43f3-a688-0c32f9b341ab","d31bc4ee-705d-464d-8e6d-67baf5ca3e77","SNYK-DEBIAN10-OPENLDAP-1074919","2024-10-02T22:39:48.125Z","high"
"0708d6a5-c79a-4f28-9fde-b7126a5c7252","140ad3e4-018f-43f3-a688-0c32f9b341ab","d31bc4ee-705d-464d-8e6d-67baf5ca3e77","SNYK-DEBIAN10-LIBDE265-3342947","2024-10-02T22:39:48.125Z","high"
"0708d6a5-c79a-4f28-9fde-b7126a5c7252","140ad3e4-018f-43f3-a688-0c32f9b341ab","d31bc4ee-705d-464d-8e6d-67baf5ca3e77","SNYK-UPSTREAM-NODE-1040499","2024-10-02T22:39:48.125Z","high"
"0708d6a5-c79a-4f28-9fde-b7126a5c7252","140ad3e4-018f-43f3-a688-0c32f9b341ab","d31bc4ee-705d-464d-8e6d-67baf5ca3e77","SNYK-UPSTREAM-NODE-6252332","2024-10-02T22:39:48.125Z","high"
"0708d6a5-c79a-4f28-9fde-b7126a5c7252","140ad3e4-018f-43f3-a688-0c32f9b341ab","d31bc4ee-705d-464d-8e6d-67baf5ca3e77","SNYK-DEBIAN10-OPENSSH-1660419","2024-10-02T22:39:48.125Z","high"
"0708d6a5-c79a-4f28-9fde-b7126a5c7252","140ad3e4-018f-43f3-a688-0c32f9b341ab","d31bc4ee-705d-464d-8e6d-67baf5ca3e77","SNYK-DEBIAN10-LIBDE265-6105345","2024-10-02T22:39:48.125Z","high"
"0708d6a5-c79a-4f28-9fde-b7126a5c7252","140ad3e4-018f-43f3-a688-0c32f9b341ab","d31bc4ee-705d-464d-8e6d-67baf5ca3e77","SNYK-DEBIAN10-OPENLDAP-1064752","2024-10-02T22:39:48.125Z","high"
"0708d6a5-c79a-4f28-9fde-b7126a5c7252","140ad3e4-018f-43f3-a688-0c32f9b341ab","d31bc4ee-705d-464d-8e6d-67baf5ca3e77","SNYK-DEBIAN10-LIBDE265-6105363","2024-10-02T22:39:48.125Z","high"
"0708d6a5-c79a-4f28-9fde-b7126a5c7252","140ad3e4-018f-43f3-a688-0c32f9b341ab","d31bc4ee-705d-464d-8e6d-67baf5ca3e77","SNYK-DEBIAN10-OPENJPEG2-543666","2024-10-02T22:39:48.125Z","high"
"0708d6a5-c79a-4f28-9fde-b7126a5c7252","140ad3e4-018f-43f3-a688-0c32f9b341ab","d31bc4ee-705d-464d-8e6d-67baf5ca3e77","SNYK-DEBIAN10-EXPAT-2329087","2024-10-02T22:39:48.125Z","high"
"0708d6a5-c79a-4f28-9fde-b7126a5c7252","140ad3e4-018f-43f3-a688-0c32f9b341ab","d31bc4ee-705d-464d-8e6d-67baf5ca3e77","SNYK-DEBIAN10-PYTHON37-2764966","2024-10-02T22:39:48.125Z","high"
"0708d6a5-c79a-4f28-9fde-b7126a5c7252","140ad3e4-018f-43f3-a688-0c32f9b341ab","d31bc4ee-705d-464d-8e6d-67baf5ca3e77","SNYK-DEBIAN10-IMAGEMAGICK-2928990","2024-10-02T22:39:48.125Z","high"
"0708d6a5-c79a-4f28-9fde-b7126a5c7252","140ad3e4-018f-43f3-a688-0c32f9b341ab","d31bc4ee-705d-464d-8e6d-67baf5ca3e77","SNYK-DEBIAN10-OPENLDAP-1064746","2024-10-02T22:39:48.125Z","high"
"0708d6a5-c79a-4f28-9fde-b7126a5c7252","140ad3e4-018f-43f3-a688-0c32f9b341ab","d31bc4ee-705d-464d-8e6d-67baf5ca3e77","SNYK-DEBIAN10-NETTLE-1301269","2024-10-02T22:39:48.125Z","high"
"0708d6a5-c79a-4f28-9fde-b7126a5c7252","140ad3e4-018f-43f3-a688-0c32f9b341ab","d31bc4ee-705d-464d-8e6d-67baf5ca3e77","SNYK-DEBIAN10-MARIADB103-2766361","2024-10-02T22:39:48.125Z","high"
"0708d6a5-c79a-4f28-9fde-b7126a5c7252","140ad3e4-018f-43f3-a688-0c32f9b341ab","d31bc4ee-705d-464d-8e6d-67baf5ca3e77","SNYK-DEBIAN10-LIBWEBP-1289557","2024-10-02T22:39:48.125Z","high"
"0708d6a5-c79a-4f28-9fde-b7126a5c7252","140ad3e4-018f-43f3-a688-0c32f9b341ab","d31bc4ee-705d-464d-8e6d-67baf5ca3e77","SNYK-UPSTREAM-NODE-6252328","2024-10-02T22:39:48.125Z","high"
"0708d6a5-c79a-4f28-9fde-b7126a5c7252","140ad3e4-018f-43f3-a688-0c32f9b341ab","d31bc4ee-705d-464d-8e6d-67baf5ca3e77","SNYK-DEBIAN10-POSTGRESQL11-6239518","2024-10-02T22:39:48.125Z","high"
"0708d6a5-c79a-4f28-9fde-b7126a5c7252","140ad3e4-018f-43f3-a688-0c32f9b341ab","d31bc4ee-705d-464d-8e6d-67baf5ca3e77","SNYK-DEBIAN10-CURL-3366768","2024-10-02T22:39:48.125Z","high"
"0708d6a5-c79a-4f28-9fde-b7126a5c7252","140ad3e4-018f-43f3-a688-0c32f9b341ab","d31bc4ee-705d-464d-8e6d-67baf5ca3e77","SNYK-DEBIAN10-MARIADB103-2396513","2024-10-02T22:39:48.125Z","high"
"0708d6a5-c79a-4f28-9fde-b7126a5c7252","140ad3e4-018f-43f3-a688-0c32f9b341ab","d31bc4ee-705d-464d-8e6d-67baf5ca3e77","SNYK-DEBIAN10-IMAGEMAGICK-1049976","2024-10-02T22:39:48.125Z","high"
"0708d6a5-c79a-4f28-9fde-b7126a5c7252","140ad3e4-018f-43f3-a688-0c32f9b341ab","d31bc4ee-705d-464d-8e6d-67baf5ca3e77","SNYK-DEBIAN10-MARIADB103-2766403","2024-10-02T22:39:48.125Z","high"
"0708d6a5-c79a-4f28-9fde-b7126a5c7252","140ad3e4-018f-43f3-a688-0c32f9b341ab","d31bc4ee-705d-464d-8e6d-67baf5ca3e77","SNYK-DEBIAN10-FRIBIDI-2433113","2024-10-02T22:39:48.125Z","high"
"0708d6a5-c79a-4f28-9fde-b7126a5c7252","140ad3e4-018f-43f3-a688-0c32f9b341ab","d31bc4ee-705d-464d-8e6d-67baf5ca3e77","SNYK-DEBIAN10-POSTGRESQL11-6055646","2024-10-02T22:39:48.125Z","high"
"0708d6a5-c79a-4f28-9fde-b7126a5c7252","140ad3e4-018f-43f3-a688-0c32f9b341ab","d31bc4ee-705d-464d-8e6d-67baf5ca3e77","SNYK-DEBIAN10-GIT-5461944","2024-10-02T22:39:48.125Z","high"
"0708d6a5-c79a-4f28-9fde-b7126a5c7252","140ad3e4-018f-43f3-a688-0c32f9b341ab","d31bc4ee-705d-464d-8e6d-67baf5ca3e77","SNYK-DEBIAN10-POSTGRESQL11-1040143","2024-10-02T22:39:48.125Z","high"
"0708d6a5-c79a-4f28-9fde-b7126a5c7252","140ad3e4-018f-43f3-a688-0c32f9b341ab","d31bc4ee-705d-464d-8e6d-67baf5ca3e77","SNYK-DEBIAN10-EXPAT-3023032","2024-10-02T22:39:48.125Z","high"
"0708d6a5-c79a-4f28-9fde-b7126a5c7252","140ad3e4-018f-43f3-a688-0c32f9b341ab","d31bc4ee-705d-464d-8e6d-67baf5ca3e77","SNYK-DEBIAN10-SQLITE3-3011631","2024-10-02T22:39:48.125Z","high"
"0708d6a5-c79a-4f28-9fde-b7126a5c7252","140ad3e4-018f-43f3-a688-0c32f9b341ab","d31bc4ee-705d-464d-8e6d-67baf5ca3e77","SNYK-DEBIAN10-MARIADB103-2940560","2024-10-02T22:39:48.125Z","high"
"0708d6a5-c79a-4f28-9fde-b7126a5c7252","140ad3e4-018f-43f3-a688-0c32f9b341ab","d31bc4ee-705d-464d-8e6d-67baf5ca3e77","SNYK-DEBIAN10-LIBXML2-1277349","2024-10-02T22:39:48.125Z","high"
"0708d6a5-c79a-4f28-9fde-b7126a5c7252","140ad3e4-018f-43f3-a688-0c32f9b341ab","d31bc4ee-705d-464d-8e6d-67baf5ca3e77","SNYK-DEBIAN10-PYTHON37-5851338","2024-10-02T22:39:48.125Z","high"
"0708d6a5-c79a-4f28-9fde-b7126a5c7252","140ad3e4-018f-43f3-a688-0c32f9b341ab","d31bc4ee-705d-464d-8e6d-67baf5ca3e77","SNYK-DEBIAN10-GLIB20-1075027","2024-10-02T22:39:48.125Z","high"
"0708d6a5-c79a-4f28-9fde-b7126a5c7252","140ad3e4-018f-43f3-a688-0c32f9b341ab","d31bc4ee-705d-464d-8e6d-67baf5ca3e77","SNYK-DEBIAN10-GLIBC-2340921","2024-10-02T22:39:48.125Z","high"
"0708d6a5-c79a-4f28-9fde-b7126a5c7252","140ad3e4-018f-43f3-a688-0c32f9b341ab","d31bc4ee-705d-464d-8e6d-67baf5ca3e77","SNYK-DEBIAN10-UNBOUND-3028989","2024-10-02T22:39:48.125Z","high"
"0708d6a5-c79a-4f28-9fde-b7126a5c7252","140ad3e4-018f-43f3-a688-0c32f9b341ab","d31bc4ee-705d-464d-8e6d-67baf5ca3e77","SNYK-DEBIAN10-KRB5-1320094","2024-10-02T22:39:48.125Z","high"
"0708d6a5-c79a-4f28-9fde-b7126a5c7252","140ad3e4-018f-43f3-a688-0c32f9b341ab","d31bc4ee-705d-464d-8e6d-67baf5ca3e77","SNYK-DEBIAN10-LIBWEBP-5489178","2024-10-02T22:39:48.125Z","high"
"0708d6a5-c79a-4f28-9fde-b7126a5c7252","140ad3e4-018f-43f3-a688-0c32f9b341ab","d31bc4ee-705d-464d-8e6d-67baf5ca3e77","SNYK-DEBIAN10-MARIADB103-2940568","2024-10-02T22:39:48.125Z","high"
"0708d6a5-c79a-4f28-9fde-b7126a5c7252","140ad3e4-018f-43f3-a688-0c32f9b341ab","d31bc4ee-705d-464d-8e6d-67baf5ca3e77","SNYK-DEBIAN10-OPENLDAP-1064721","2024-10-02T22:39:48.125Z","high"
"0708d6a5-c79a-4f28-9fde-b7126a5c7252","140ad3e4-018f-43f3-a688-0c32f9b341ab","d31bc4ee-705d-464d-8e6d-67baf5ca3e77","SNYK-DEBIAN10-MARIADB103-2766401","2024-10-02T22:39:48.125Z","high"
"0708d6a5-c79a-4f28-9fde-b7126a5c7252","140ad3e4-018f-43f3-a688-0c32f9b341ab","d31bc4ee-705d-464d-8e6d-67baf5ca3e77","SNYK-DEBIAN10-OPENSSL-2426310","2024-10-02T22:39:48.125Z","high"
"0708d6a5-c79a-4f28-9fde-b7126a5c7252","140ad3e4-018f-43f3-a688-0c32f9b341ab","d31bc4ee-705d-464d-8e6d-67baf5ca3e77","SNYK-DEBIAN10-MARIADB103-2766414","2024-10-02T22:39:48.125Z","high"
"0708d6a5-c79a-4f28-9fde-b7126a5c7252","140ad3e4-018f-43f3-a688-0c32f9b341ab","d31bc4ee-705d-464d-8e6d-67baf5ca3e77","SNYK-DEBIAN10-PYTHON37-3111114","2024-10-02T22:39:48.125Z","high"
"0708d6a5-c79a-4f28-9fde-b7126a5c7252","140ad3e4-018f-43f3-a688-0c32f9b341ab","d31bc4ee-705d-464d-8e6d-67baf5ca3e77","SNYK-DEBIAN10-GNUTLS28-3318300","2024-10-02T22:39:48.125Z","high"
"0708d6a5-c79a-4f28-9fde-b7126a5c7252","140ad3e4-018f-43f3-a688-0c32f9b341ab","d31bc4ee-705d-464d-8e6d-67baf5ca3e77","SNYK-DEBIAN10-EXPAT-6227596","2024-10-02T22:39:48.125Z","high"
"0708d6a5-c79a-4f28-9fde-b7126a5c7252","140ad3e4-018f-43f3-a688-0c32f9b341ab","d31bc4ee-705d-464d-8e6d-67baf5ca3e77","SNYK-UPSTREAM-NODE-1534880","2024-10-02T22:39:48.125Z","high"
"0708d6a5-c79a-4f28-9fde-b7126a5c7252","140ad3e4-018f-43f3-a688-0c32f9b341ab","d31bc4ee-705d-464d-8e6d-67baf5ca3e77","SNYK-DEBIAN10-IMAGEMAGICK-2812516","2024-10-02T22:39:48.125Z","high"
"0708d6a5-c79a-4f28-9fde-b7126a5c7252","140ad3e4-018f-43f3-a688-0c32f9b341ab","d31bc4ee-705d-464d-8e6d-67baf5ca3e77","SNYK-UPSTREAM-NODE-1540540","2024-10-02T22:39:48.125Z","high"
"0708d6a5-c79a-4f28-9fde-b7126a5c7252","140ad3e4-018f-43f3-a688-0c32f9b341ab","d31bc4ee-705d-464d-8e6d-67baf5ca3e77","SNYK-UPSTREAM-NODE-1315789","2024-10-02T22:39:48.125Z","high"
"0708d6a5-c79a-4f28-9fde-b7126a5c7252","140ad3e4-018f-43f3-a688-0c32f9b341ab","d31bc4ee-705d-464d-8e6d-67baf5ca3e77","SNYK-DEBIAN10-OPENLDAP-1035359","2024-10-02T22:39:48.125Z","high"
"0708d6a5-c79a-4f28-9fde-b7126a5c7252","140ad3e4-018f-43f3-a688-0c32f9b341ab","d31bc4ee-705d-464d-8e6d-67baf5ca3e77","SNYK-DEBIAN10-SYSTEMD-3339153","2024-10-02T22:39:48.125Z","high"
"0708d6a5-c79a-4f28-9fde-b7126a5c7252","140ad3e4-018f-43f3-a688-0c32f9b341ab","d31bc4ee-705d-464d-8e6d-67baf5ca3e77","SNYK-DEBIAN10-MARIADB103-2389282","2024-10-02T22:39:48.125Z","high"
"0708d6a5-c79a-4f28-9fde-b7126a5c7252","140ad3e4-018f-43f3-a688-0c32f9b341ab","d31bc4ee-705d-464d-8e6d-67baf5ca3e77","SNYK-DEBIAN10-EXPAT-2331796","2024-10-02T22:39:48.125Z","high"
"0708d6a5-c79a-4f28-9fde-b7126a5c7252","140ad3e4-018f-43f3-a688-0c32f9b341ab","d31bc4ee-705d-464d-8e6d-67baf5ca3e77","SNYK-DEBIAN10-OPENLDAP-1064726","2024-10-02T22:39:48.125Z","high"
"0708d6a5-c79a-4f28-9fde-b7126a5c7252","140ad3e4-018f-43f3-a688-0c32f9b341ab","d31bc4ee-705d-464d-8e6d-67baf5ca3e77","SNYK-DEBIAN10-MARIADB103-2396512","2024-10-02T22:39:48.125Z","high"
"0708d6a5-c79a-4f28-9fde-b7126a5c7252","140ad3e4-018f-43f3-a688-0c32f9b341ab","d31bc4ee-705d-464d-8e6d-67baf5ca3e77","SNYK-DEBIAN10-CAIRO-1054852","2024-10-02T22:39:48.125Z","high"
"0708d6a5-c79a-4f28-9fde-b7126a5c7252","140ad3e4-018f-43f3-a688-0c32f9b341ab","d31bc4ee-705d-464d-8e6d-67baf5ca3e77","SNYK-DEBIAN10-DJVULIBRE-1278421","2024-10-02T22:39:48.125Z","high"
"0708d6a5-c79a-4f28-9fde-b7126a5c7252","140ad3e4-018f-43f3-a688-0c32f9b341ab","d31bc4ee-705d-464d-8e6d-67baf5ca3e77","SNYK-DEBIAN10-GLIBC-559493","2024-10-02T22:39:48.125Z","high"
"0708d6a5-c79a-4f28-9fde-b7126a5c7252","140ad3e4-018f-43f3-a688-0c32f9b341ab","d31bc4ee-705d-464d-8e6d-67baf5ca3e77","SNYK-DEBIAN10-IMAGEMAGICK-2928986","2024-10-02T22:39:48.125Z","high"
"0708d6a5-c79a-4f28-9fde-b7126a5c7252","140ad3e4-018f-43f3-a688-0c32f9b341ab","d31bc4ee-705d-464d-8e6d-67baf5ca3e77","SNYK-DEBIAN10-MARIADB103-2766430","2024-10-02T22:39:48.125Z","high"
"0708d6a5-c79a-4f28-9fde-b7126a5c7252","140ad3e4-018f-43f3-a688-0c32f9b341ab","d31bc4ee-705d-464d-8e6d-67baf5ca3e77","SNYK-DEBIAN10-POSTGRESQL11-598393","2024-10-02T22:39:48.125Z","high"
"0708d6a5-c79a-4f28-9fde-b7126a5c7252","140ad3e4-018f-43f3-a688-0c32f9b341ab","d31bc4ee-705d-464d-8e6d-67baf5ca3e77","SNYK-DEBIAN10-LIBSSH2-474372","2024-10-02T22:39:48.125Z","high"
"0708d6a5-c79a-4f28-9fde-b7126a5c7252","140ad3e4-018f-43f3-a688-0c32f9b341ab","d31bc4ee-705d-464d-8e6d-67baf5ca3e77","SNYK-DEBIAN10-MARIADB103-2766300","2024-10-02T22:39:48.125Z","high"
"0708d6a5-c79a-4f28-9fde-b7126a5c7252","140ad3e4-018f-43f3-a688-0c32f9b341ab","d31bc4ee-705d-464d-8e6d-67baf5ca3e77","SNYK-DEBIAN10-OPENLDAP-1064733","2024-10-02T22:39:48.125Z","high"
"0708d6a5-c79a-4f28-9fde-b7126a5c7252","140ad3e4-018f-43f3-a688-0c32f9b341ab","d31bc4ee-705d-464d-8e6d-67baf5ca3e77","SNYK-DEBIAN10-EXPAT-2406126","2024-10-02T22:39:48.125Z","high"
"0708d6a5-c79a-4f28-9fde-b7126a5c7252","140ad3e4-018f-43f3-a688-0c32f9b341ab","d31bc4ee-705d-464d-8e6d-67baf5ca3e77","SNYK-DEBIAN10-SQLITE3-540471","2024-10-02T22:39:48.125Z","high"
"0708d6a5-c79a-4f28-9fde-b7126a5c7252","140ad3e4-018f-43f3-a688-0c32f9b341ab","d31bc4ee-705d-464d-8e6d-67baf5ca3e77","SNYK-DEBIAN10-GIT-537149","2024-10-02T22:39:48.125Z","high"
"0708d6a5-c79a-4f28-9fde-b7126a5c7252","140ad3e4-018f-43f3-a688-0c32f9b341ab","d31bc4ee-705d-464d-8e6d-67baf5ca3e77","SNYK-DEBIAN10-MARIADB103-2940554","2024-10-02T22:39:48.125Z","high"
"0708d6a5-c79a-4f28-9fde-b7126a5c7252","140ad3e4-018f-43f3-a688-0c32f9b341ab","d31bc4ee-705d-464d-8e6d-67baf5ca3e77","SNYK-DEBIAN10-OPENSSL-3314607","2024-10-02T22:39:48.125Z","high"
"0708d6a5-c79a-4f28-9fde-b7126a5c7252","140ad3e4-018f-43f3-a688-0c32f9b341ab","d31bc4ee-705d-464d-8e6d-67baf5ca3e77","SNYK-DEBIAN10-NGHTTP2-1584531","2024-10-02T22:39:48.125Z","high"
"0708d6a5-c79a-4f28-9fde-b7126a5c7252","140ad3e4-018f-43f3-a688-0c32f9b341ab","d31bc4ee-705d-464d-8e6d-67baf5ca3e77","SNYK-DEBIAN10-IMAGEMAGICK-5850024","2024-10-02T22:39:48.125Z","high"
"0708d6a5-c79a-4f28-9fde-b7126a5c7252","140ad3e4-018f-43f3-a688-0c32f9b341ab","d31bc4ee-705d-464d-8e6d-67baf5ca3e77","SNYK-DEBIAN10-NGHTTP2-5953390","2024-10-02T22:39:48.125Z","high"
"0708d6a5-c79a-4f28-9fde-b7126a5c7252","140ad3e4-018f-43f3-a688-0c32f9b341ab","d31bc4ee-705d-464d-8e6d-67baf5ca3e77","SNYK-DEBIAN10-IMAGEMAGICK-1246263","2024-10-02T22:39:48.125Z","high"
"0708d6a5-c79a-4f28-9fde-b7126a5c7252","140ad3e4-018f-43f3-a688-0c32f9b341ab","d31bc4ee-705d-464d-8e6d-67baf5ca3e77","SNYK-DEBIAN10-PCRE2-548863","2024-10-02T22:39:48.125Z","high"
"0708d6a5-c79a-4f28-9fde-b7126a5c7252","140ad3e4-018f-43f3-a688-0c32f9b341ab","d31bc4ee-705d-464d-8e6d-67baf5ca3e77","SNYK-DEBIAN10-GIT-3051708","2024-10-02T22:39:48.125Z","high"
"0708d6a5-c79a-4f28-9fde-b7126a5c7252","140ad3e4-018f-43f3-a688-0c32f9b341ab","d31bc4ee-705d-464d-8e6d-67baf5ca3e77","SNYK-DEBIAN10-GIT-1083853","2024-10-02T22:39:48.125Z","high"
"0708d6a5-c79a-4f28-9fde-b7126a5c7252","140ad3e4-018f-43f3-a688-0c32f9b341ab","d31bc4ee-705d-464d-8e6d-67baf5ca3e77","SNYK-DEBIAN10-DJVULIBRE-1290628","2024-10-02T22:39:48.125Z","high"
"0708d6a5-c79a-4f28-9fde-b7126a5c7252","140ad3e4-018f-43f3-a688-0c32f9b341ab","d31bc4ee-705d-464d-8e6d-67baf5ca3e77","SNYK-DEBIAN10-POSTGRESQL11-598395","2024-10-02T22:39:48.125Z","high"
"0708d6a5-c79a-4f28-9fde-b7126a5c7252","140ad3e4-018f-43f3-a688-0c32f9b341ab","4b6f69f9-0d57-404d-a8b0-1c7b6e39b297","0628f74e22542981365b8175ecf2efd475ca6e62c17ac22168521cfa1364809b35f3abb722dcca5bc98cac16f496c595c74165625dfc11de2bacc22037200c63","2024-10-02T22:39:56.523Z","high"
"0708d6a5-c79a-4f28-9fde-b7126a5c7252","140ad3e4-018f-43f3-a688-0c32f9b341ab","1a9355d6-a445-49e2-842a-8c667108ef8e","f67b20b0e443555fcab40c719a6d874d99fc05d8d27fca73607f68e6a8f34a51e220b852e46820183310af43371c3d143a0b6d5dfd6f563c817908f8e464bf0a","2024-10-02T22:39:57.675Z","high"
"0708d6a5-c79a-4f28-9fde-b7126a5c7252","140ad3e4-018f-43f3-a688-0c32f9b341ab","0f54afc0-c2db-47c5-ac76-69a8e2b4543d","15c213f692641e9f739dc04733ad6e8c911414b821fcc6e058757d6c691024eb322e6d63923d72d6a231a098b4a9e73c3d825fdc8e18090b65e2edf608fc3210","2024-10-02T22:39:57.761Z","high"
"0708d6a5-c79a-4f28-9fde-b7126a5c7252","140ad3e4-018f-43f3-a688-0c32f9b341ab","0f54afc0-c2db-47c5-ac76-69a8e2b4543d","2e1e7b5ec97d59ae724a64f12880211ea6e42cd47e3508246eae0aaf94a2139a90cc1d4ebefa6412a97760c92f241bc0eec8ddbc8a581d0dc5ffffcf84a09241","2024-10-02T22:39:57.761Z","high"
"0708d6a5-c79a-4f28-9fde-b7126a5c7252","140ad3e4-018f-43f3-a688-0c32f9b341ab","0f54afc0-c2db-47c5-ac76-69a8e2b4543d","e0109f159e2823c5641a4d706d1a191b2b5e27868b5f44c1f535a9264e2bae6caf7c6c069fbf3bfdd03b8f6a3cdb6958bf12d4551c16a1d014f5d716876ff62d","2024-10-02T22:39:57.761Z","high"
"0708d6a5-c79a-4f28-9fde-b7126a5c7252","140ad3e4-018f-43f3-a688-0c32f9b341ab","0f54afc0-c2db-47c5-ac76-69a8e2b4543d","eaeff658568c0c645bd574240681dc50a4d9ce2b6eb162b7165e07bab4f15be02ddbbb690276cfb5eb22cef0dea392aa2bb159d9fc94a82b573e7f6b4a2af2c1","2024-10-02T22:39:57.761Z","high"
"0708d6a5-c79a-4f28-9fde-b7126a5c7252","140ad3e4-018f-43f3-a688-0c32f9b341ab","0f54afc0-c2db-47c5-ac76-69a8e2b4543d","d787228c736495133771cb242a9127fc479ef4a681154b59fd7d0064965f2ba3860f19d8427b25860103286582ec7731bd0ca224ea1fbca3c07cd83389d4e45d","2024-10-02T22:39:57.761Z","high"
"0708d6a5-c79a-4f28-9fde-b7126a5c7252","140ad3e4-018f-43f3-a688-0c32f9b341ab","11f3709c-2fc6-4c17-86d6-894629fdc71d","7c016256-ed68-4360-8d41-e6a1b7a5ed2c","2024-10-02T22:40:55.535Z","high"
"0708d6a5-c79a-4f28-9fde-b7126a5c7252","140ad3e4-018f-43f3-a688-0c32f9b341ab","11f3709c-2fc6-4c17-86d6-894629fdc71d","a1c76ce1-bffe-4d27-b777-b7b09db32bad","2024-10-02T22:40:55.535Z","high"
"0708d6a5-c79a-4f28-9fde-b7126a5c7252","140ad3e4-018f-43f3-a688-0c32f9b341ab","11f3709c-2fc6-4c17-86d6-894629fdc71d","4df06320-fa13-4870-aa5f-064a815c3366","2024-10-02T22:40:55.535Z","high"
"0708d6a5-c79a-4f28-9fde-b7126a5c7252","140ad3e4-018f-43f3-a688-0c32f9b341ab","11f3709c-2fc6-4c17-86d6-894629fdc71d","9114535b-c345-49ea-a5b2-9efbddf83be5","2024-10-02T22:40:55.535Z","high"
"0708d6a5-c79a-4f28-9fde-b7126a5c7252","140ad3e4-018f-43f3-a688-0c32f9b341ab","11f3709c-2fc6-4c17-86d6-894629fdc71d","e5a25e47-d7ad-4159-896b-db364db7f65b","2024-10-02T22:40:55.535Z","high"
"0708d6a5-c79a-4f28-9fde-b7126a5c7252","140ad3e4-018f-43f3-a688-0c32f9b341ab","11f3709c-2fc6-4c17-86d6-894629fdc71d","bae38143-3407-402c-b191-5fc6e5b77995","2024-10-02T22:40:55.535Z","high"
"0708d6a5-c79a-4f28-9fde-b7126a5c7252","140ad3e4-018f-43f3-a688-0c32f9b341ab","11f3709c-2fc6-4c17-86d6-894629fdc71d","b2b59231-856e-4136-b78c-1ff676ccdc7e","2024-10-02T22:40:55.535Z","high"
"0708d6a5-c79a-4f28-9fde-b7126a5c7252","140ad3e4-018f-43f3-a688-0c32f9b341ab","11f3709c-2fc6-4c17-86d6-894629fdc71d","0e352dad-f585-484d-acfb-27e23362e668","2024-10-02T22:40:55.535Z","high"
"0708d6a5-c79a-4f28-9fde-b7126a5c7252","140ad3e4-018f-43f3-a688-0c32f9b341ab","11f3709c-2fc6-4c17-86d6-894629fdc71d","3f7bab2d-e200-40e0-8405-67f42095f78e","2024-10-02T22:40:55.535Z","high"
"0708d6a5-c79a-4f28-9fde-b7126a5c7252","140ad3e4-018f-43f3-a688-0c32f9b341ab","11f3709c-2fc6-4c17-86d6-894629fdc71d","347db709-54b1-4c26-90fc-7fbf6caa74ce","2024-10-02T22:40:55.535Z","high"
"0708d6a5-c79a-4f28-9fde-b7126a5c7252","140ad3e4-018f-43f3-a688-0c32f9b341ab","11f3709c-2fc6-4c17-86d6-894629fdc71d","628345ba-b563-410f-8fbb-4a1417ee10f7","2024-10-02T22:40:55.535Z","high"
"0708d6a5-c79a-4f28-9fde-b7126a5c7252","140ad3e4-018f-43f3-a688-0c32f9b341ab","11f3709c-2fc6-4c17-86d6-894629fdc71d","5d3e38a4-6f97-40b7-87cd-46c465c305cd","2024-10-02T22:40:55.535Z","high"
"0708d6a5-c79a-4f28-9fde-b7126a5c7252","140ad3e4-018f-43f3-a688-0c32f9b341ab","11f3709c-2fc6-4c17-86d6-894629fdc71d","9404fa7d-6e44-485b-9c36-ebf8f3e48836","2024-10-02T22:40:55.535Z","high"
"0708d6a5-c79a-4f28-9fde-b7126a5c7252","140ad3e4-018f-43f3-a688-0c32f9b341ab","11f3709c-2fc6-4c17-86d6-894629fdc71d","245ea980-be8b-433a-bdea-c89212b74d53","2024-10-02T22:40:55.535Z","high"
"0708d6a5-c79a-4f28-9fde-b7126a5c7252","140ad3e4-018f-43f3-a688-0c32f9b341ab","11f3709c-2fc6-4c17-86d6-894629fdc71d","f81a1be8-f1cc-4698-9c36-1ceb9271c262","2024-10-02T22:40:55.535Z","high"
"0708d6a5-c79a-4f28-9fde-b7126a5c7252","140ad3e4-018f-43f3-a688-0c32f9b341ab","11f3709c-2fc6-4c17-86d6-894629fdc71d","2af3cca6-2bc4-4353-bd0b-2cfd7ed143aa","2024-10-02T22:40:55.535Z","high"
"0708d6a5-c79a-4f28-9fde-b7126a5c7252","140ad3e4-018f-43f3-a688-0c32f9b341ab","11f3709c-2fc6-4c17-86d6-894629fdc71d","0dd895de-322e-4726-9280-cbbd0d37b5c0","2024-10-02T22:40:55.535Z","high"
"0708d6a5-c79a-4f28-9fde-b7126a5c7252","140ad3e4-018f-43f3-a688-0c32f9b341ab","11f3709c-2fc6-4c17-86d6-894629fdc71d","20ee5bef-58b1-4466-ae9d-a6a5e264d1a6","2024-10-02T22:40:55.535Z","high"
"0708d6a5-c79a-4f28-9fde-b7126a5c7252","140ad3e4-018f-43f3-a688-0c32f9b341ab","7cd93f12-36d8-4d17-935d-44debd3ddb12","SNYK-JS-SIMPLEGET-2361683","2024-10-02T22:54:17.885Z","high"
"0708d6a5-c79a-4f28-9fde-b7126a5c7252","140ad3e4-018f-43f3-a688-0c32f9b341ab","7cd93f12-36d8-4d17-935d-44debd3ddb12","SNYK-JS-TAR-1536528","2024-10-02T22:54:17.885Z","high"
"0708d6a5-c79a-4f28-9fde-b7126a5c7252","140ad3e4-018f-43f3-a688-0c32f9b341ab","7cd93f12-36d8-4d17-935d-44debd3ddb12","SNYK-JS-CRYPTOJS-6028119","2024-10-02T22:54:17.885Z","high"
"0708d6a5-c79a-4f28-9fde-b7126a5c7252","140ad3e4-018f-43f3-a688-0c32f9b341ab","7cd93f12-36d8-4d17-935d-44debd3ddb12","SNYK-JS-ASYNC-2441827","2024-10-02T22:54:17.885Z","high"
"0708d6a5-c79a-4f28-9fde-b7126a5c7252","140ad3e4-018f-43f3-a688-0c32f9b341ab","7cd93f12-36d8-4d17-935d-44debd3ddb12","npm:jws:20160726","2024-10-02T22:54:17.885Z","high"
"0708d6a5-c79a-4f28-9fde-b7126a5c7252","140ad3e4-018f-43f3-a688-0c32f9b341ab","7cd93f12-36d8-4d17-935d-44debd3ddb12","npm:jsonwebtoken:20150331","2024-10-02T22:54:17.885Z","high"
"0708d6a5-c79a-4f28-9fde-b7126a5c7252","140ad3e4-018f-43f3-a688-0c32f9b341ab","7cd93f12-36d8-4d17-935d-44debd3ddb12","SNYK-JS-TAR-1536531","2024-10-02T22:54:17.885Z","high"
"0708d6a5-c79a-4f28-9fde-b7126a5c7252","140ad3e4-018f-43f3-a688-0c32f9b341ab","7cd93f12-36d8-4d17-935d-44debd3ddb12","SNYK-JS-LIBXMLJS2-6808816","2024-10-02T22:54:17.885Z","high"
"0708d6a5-c79a-4f28-9fde-b7126a5c7252","140ad3e4-018f-43f3-a688-0c32f9b341ab","7cd93f12-36d8-4d17-935d-44debd3ddb12","SNYK-JS-SOCKETIO-7278048","2024-10-02T22:54:17.885Z","high"
"0708d6a5-c79a-4f28-9fde-b7126a5c7252","140ad3e4-018f-43f3-a688-0c32f9b341ab","7cd93f12-36d8-4d17-935d-44debd3ddb12","npm:underscore.string:20170908","2024-10-02T22:54:17.885Z","high"
"0708d6a5-c79a-4f28-9fde-b7126a5c7252","140ad3e4-018f-43f3-a688-0c32f9b341ab","7cd93f12-36d8-4d17-935d-44debd3ddb12","SNYK-JS-LODASH-73638","2024-10-02T22:54:17.885Z","high"
"0708d6a5-c79a-4f28-9fde-b7126a5c7252","140ad3e4-018f-43f3-a688-0c32f9b341ab","7cd93f12-36d8-4d17-935d-44debd3ddb12","SNYK-JS-DICER-2311764","2024-10-02T22:54:17.885Z","high"
"0708d6a5-c79a-4f28-9fde-b7126a5c7252","140ad3e4-018f-43f3-a688-0c32f9b341ab","7cd93f12-36d8-4d17-935d-44debd3ddb12","SNYK-JS-EXPRESSJWT-575022","2024-10-02T22:54:17.885Z","high"
"0708d6a5-c79a-4f28-9fde-b7126a5c7252","140ad3e4-018f-43f3-a688-0c32f9b341ab","7cd93f12-36d8-4d17-935d-44debd3ddb12","SNYK-JS-MOMENT-2440688","2024-10-02T22:54:17.885Z","high"
"0708d6a5-c79a-4f28-9fde-b7126a5c7252","140ad3e4-018f-43f3-a688-0c32f9b341ab","7cd93f12-36d8-4d17-935d-44debd3ddb12","SNYK-JS-LODASH-608086","2024-10-02T22:54:17.885Z","high"
"0708d6a5-c79a-4f28-9fde-b7126a5c7252","140ad3e4-018f-43f3-a688-0c32f9b341ab","7cd93f12-36d8-4d17-935d-44debd3ddb12","SNYK-JS-LODASH-6139239","2024-10-02T22:54:17.885Z","high"
"0708d6a5-c79a-4f28-9fde-b7126a5c7252","140ad3e4-018f-43f3-a688-0c32f9b341ab","7cd93f12-36d8-4d17-935d-44debd3ddb12","SNYK-JS-BRACES-6838727","2024-10-02T22:54:17.885Z","high"
"0708d6a5-c79a-4f28-9fde-b7126a5c7252","140ad3e4-018f-43f3-a688-0c32f9b341ab","7cd93f12-36d8-4d17-935d-44debd3ddb12","SNYK-JS-LODASH-1040724","2024-10-02T22:54:17.885Z","high"
"0708d6a5-c79a-4f28-9fde-b7126a5c7252","140ad3e4-018f-43f3-a688-0c32f9b341ab","7cd93f12-36d8-4d17-935d-44debd3ddb12","SNYK-JS-ES5EXT-6095076","2024-10-02T22:54:17.885Z","high"
"0708d6a5-c79a-4f28-9fde-b7126a5c7252","140ad3e4-018f-43f3-a688-0c32f9b341ab","7cd93f12-36d8-4d17-935d-44debd3ddb12","SNYK-JS-UNSETVALUE-2400660","2024-10-02T22:54:17.885Z","high"
"0708d6a5-c79a-4f28-9fde-b7126a5c7252","140ad3e4-018f-43f3-a688-0c32f9b341ab","7cd93f12-36d8-4d17-935d-44debd3ddb12","SNYK-JS-TAR-1579155","2024-10-02T22:54:17.885Z","high"
"0708d6a5-c79a-4f28-9fde-b7126a5c7252","140ad3e4-018f-43f3-a688-0c32f9b341ab","7cd93f12-36d8-4d17-935d-44debd3ddb12","SNYK-JS-SEQUELIZE-2959225","2024-10-02T22:54:17.885Z","high"
"0708d6a5-c79a-4f28-9fde-b7126a5c7252","140ad3e4-018f-43f3-a688-0c32f9b341ab","7cd93f12-36d8-4d17-935d-44debd3ddb12","npm:base64url:20180511","2024-10-02T22:54:17.885Z","high"
"0708d6a5-c79a-4f28-9fde-b7126a5c7252","140ad3e4-018f-43f3-a688-0c32f9b341ab","7cd93f12-36d8-4d17-935d-44debd3ddb12","SNYK-JS-LODASH-450202","2024-10-02T22:54:17.885Z","high"
"0708d6a5-c79a-4f28-9fde-b7126a5c7252","140ad3e4-018f-43f3-a688-0c32f9b341ab","7cd93f12-36d8-4d17-935d-44debd3ddb12","SNYK-JS-MOUT-2342654","2024-10-02T22:54:17.885Z","high"
"0708d6a5-c79a-4f28-9fde-b7126a5c7252","140ad3e4-018f-43f3-a688-0c32f9b341ab","7cd93f12-36d8-4d17-935d-44debd3ddb12","SNYK-JS-MICROMATCH-6838728","2024-10-02T22:54:17.885Z","high"
"0708d6a5-c79a-4f28-9fde-b7126a5c7252","140ad3e4-018f-43f3-a688-0c32f9b341ab","7cd93f12-36d8-4d17-935d-44debd3ddb12","SNYK-JS-SEQUELIZE-3324088","2024-10-02T22:54:17.885Z","high"
"0708d6a5-c79a-4f28-9fde-b7126a5c7252","140ad3e4-018f-43f3-a688-0c32f9b341ab","7cd93f12-36d8-4d17-935d-44debd3ddb12","SNYK-JS-ENGINEIO-1056749","2024-10-02T22:54:17.885Z","high"
"0708d6a5-c79a-4f28-9fde-b7126a5c7252","140ad3e4-018f-43f3-a688-0c32f9b341ab","7cd93f12-36d8-4d17-935d-44debd3ddb12","SNYK-JS-WS-7266574","2024-10-02T22:54:17.885Z","high"
"0708d6a5-c79a-4f28-9fde-b7126a5c7252","140ad3e4-018f-43f3-a688-0c32f9b341ab","7cd93f12-36d8-4d17-935d-44debd3ddb12","SNYK-JS-SOCKETIOPARSER-5596892","2024-10-02T22:54:17.885Z","high"
"0708d6a5-c79a-4f28-9fde-b7126a5c7252","140ad3e4-018f-43f3-a688-0c32f9b341ab","7cd93f12-36d8-4d17-935d-44debd3ddb12","SNYK-JS-PUGCODEGEN-7086056","2024-10-02T22:54:17.885Z","high"
"0708d6a5-c79a-4f28-9fde-b7126a5c7252","140ad3e4-018f-43f3-a688-0c32f9b341ab","7cd93f12-36d8-4d17-935d-44debd3ddb12","SNYK-JS-TAR-1579147","2024-10-02T22:54:17.885Z","high"
"0708d6a5-c79a-4f28-9fde-b7126a5c7252","140ad3e4-018f-43f3-a688-0c32f9b341ab","7cd93f12-36d8-4d17-935d-44debd3ddb12","SNYK-JS-QS-3153490","2024-10-02T22:54:17.885Z","high"
"0708d6a5-c79a-4f28-9fde-b7126a5c7252","140ad3e4-018f-43f3-a688-0c32f9b341ab","7cd93f12-36d8-4d17-935d-44debd3ddb12","SNYK-JS-DECODEURICOMPONENT-3149970","2024-10-02T22:54:17.885Z","high"
"0708d6a5-c79a-4f28-9fde-b7126a5c7252","140ad3e4-018f-43f3-a688-0c32f9b341ab","7cd93f12-36d8-4d17-935d-44debd3ddb12","SNYK-JS-ANSIREGEX-1583908","2024-10-02T22:54:17.885Z","high"
"0708d6a5-c79a-4f28-9fde-b7126a5c7252","140ad3e4-018f-43f3-a688-0c32f9b341ab","7cd93f12-36d8-4d17-935d-44debd3ddb12","SNYK-JS-LODASHSET-1320032","2024-10-02T22:54:17.885Z","high"
"0708d6a5-c79a-4f28-9fde-b7126a5c7252","140ad3e4-018f-43f3-a688-0c32f9b341ab","7cd93f12-36d8-4d17-935d-44debd3ddb12","SNYK-JS-SQLITE3-2388645","2024-10-02T22:54:17.885Z","high"
"0708d6a5-c79a-4f28-9fde-b7126a5c7252","140ad3e4-018f-43f3-a688-0c32f9b341ab","7cd93f12-36d8-4d17-935d-44debd3ddb12","SNYK-JS-MOMENT-2944238","2024-10-02T22:54:17.885Z","high"
"0708d6a5-c79a-4f28-9fde-b7126a5c7252","140ad3e4-018f-43f3-a688-0c32f9b341ab","7cd93f12-36d8-4d17-935d-44debd3ddb12","SNYK-JS-LIBXMLJS2-6808810","2024-10-02T22:54:17.885Z","high"
"0708d6a5-c79a-4f28-9fde-b7126a5c7252","140ad3e4-018f-43f3-a688-0c32f9b341ab","7cd93f12-36d8-4d17-935d-44debd3ddb12","SNYK-JS-BODYPARSER-7926860","2024-10-02T22:54:17.885Z","high"
"0708d6a5-c79a-4f28-9fde-b7126a5c7252","140ad3e4-018f-43f3-a688-0c32f9b341ab","7cd93f12-36d8-4d17-935d-44debd3ddb12","SNYK-JS-ENGINEIO-3136336","2024-10-02T22:54:17.885Z","high"
"0708d6a5-c79a-4f28-9fde-b7126a5c7252","140ad3e4-018f-43f3-a688-0c32f9b341ab","7cd93f12-36d8-4d17-935d-44debd3ddb12","snyk:lic:npm:fuzzball:GPL-2.0","2024-10-02T22:54:17.885Z","high"
"0708d6a5-c79a-4f28-9fde-b7126a5c7252","140ad3e4-018f-43f3-a688-0c32f9b341ab","7cd93f12-36d8-4d17-935d-44debd3ddb12","SNYK-JS-SEMVER-3247795","2024-10-02T22:54:17.885Z","high"
"0708d6a5-c79a-4f28-9fde-b7126a5c7252","140ad3e4-018f-43f3-a688-0c32f9b341ab","7cd93f12-36d8-4d17-935d-44debd3ddb12","SNYK-JS-TAR-1579152","2024-10-02T22:54:17.885Z","high"
"0708d6a5-c79a-4f28-9fde-b7126a5c7252","140ad3e4-018f-43f3-a688-0c32f9b341ab","7cd93f12-36d8-4d17-935d-44debd3ddb12","SNYK-JS-DOTTIE-3332763","2024-10-02T22:54:17.885Z","high"
"0708d6a5-c79a-4f28-9fde-b7126a5c7252","140ad3e4-018f-43f3-a688-0c32f9b341ab","7cd93f12-36d8-4d17-935d-44debd3ddb12","SNYK-JS-SQLITE3-3358947","2024-10-02T22:54:17.885Z","high"
"0708d6a5-c79a-4f28-9fde-b7126a5c7252","140ad3e4-018f-43f3-a688-0c32f9b341ab","20809350-59d7-4d65-816e-27a0a604c320","SNYK-DEBIAN10-POSTGRESQL11-2824083","2024-10-02T22:54:20.138Z","high"
"0708d6a5-c79a-4f28-9fde-b7126a5c7252","140ad3e4-018f-43f3-a688-0c32f9b341ab","20809350-59d7-4d65-816e-27a0a604c320","SNYK-DEBIAN10-TIFF-3113870","2024-10-02T22:54:20.138Z","high"
"0708d6a5-c79a-4f28-9fde-b7126a5c7252","140ad3e4-018f-43f3-a688-0c32f9b341ab","20809350-59d7-4d65-816e-27a0a604c320","SNYK-DEBIAN10-OPENLDAP-1035359","2024-10-02T22:54:20.138Z","high"
"0708d6a5-c79a-4f28-9fde-b7126a5c7252","140ad3e4-018f-43f3-a688-0c32f9b341ab","20809350-59d7-4d65-816e-27a0a604c320","SNYK-DEBIAN10-OPENLDAP-1064754","2024-10-02T22:54:20.138Z","high"
"0708d6a5-c79a-4f28-9fde-b7126a5c7252","140ad3e4-018f-43f3-a688-0c32f9b341ab","20809350-59d7-4d65-816e-27a0a604c320","SNYK-DEBIAN10-FREETYPE-2774657","2024-10-02T22:54:20.138Z","high"
"0708d6a5-c79a-4f28-9fde-b7126a5c7252","140ad3e4-018f-43f3-a688-0c32f9b341ab","20809350-59d7-4d65-816e-27a0a604c320","SNYK-DEBIAN10-CURL-3366771","2024-10-02T22:54:20.138Z","high"
"0708d6a5-c79a-4f28-9fde-b7126a5c7252","140ad3e4-018f-43f3-a688-0c32f9b341ab","20809350-59d7-4d65-816e-27a0a604c320","SNYK-DEBIAN10-OPENJPEG2-1049515","2024-10-02T22:54:20.138Z","high"
"0708d6a5-c79a-4f28-9fde-b7126a5c7252","140ad3e4-018f-43f3-a688-0c32f9b341ab","20809350-59d7-4d65-816e-27a0a604c320","SNYK-DEBIAN10-GLIBC-559488","2024-10-02T22:54:20.138Z","high"
"0708d6a5-c79a-4f28-9fde-b7126a5c7252","140ad3e4-018f-43f3-a688-0c32f9b341ab","20809350-59d7-4d65-816e-27a0a604c320","SNYK-DEBIAN10-OPENSSH-1660419","2024-10-02T22:54:20.138Z","high"
"0708d6a5-c79a-4f28-9fde-b7126a5c7252","140ad3e4-018f-43f3-a688-0c32f9b341ab","20809350-59d7-4d65-816e-27a0a604c320","SNYK-DEBIAN10-GIT-5461944","2024-10-02T22:54:20.138Z","high"
"0708d6a5-c79a-4f28-9fde-b7126a5c7252","140ad3e4-018f-43f3-a688-0c32f9b341ab","20809350-59d7-4d65-816e-27a0a604c320","SNYK-DEBIAN10-IMAGEMAGICK-5850024","2024-10-02T22:54:20.138Z","high"
"0708d6a5-c79a-4f28-9fde-b7126a5c7252","140ad3e4-018f-43f3-a688-0c32f9b341ab","20809350-59d7-4d65-816e-27a0a604c320","SNYK-DEBIAN10-NCURSES-5421196","2024-10-02T22:54:20.138Z","high"
"0708d6a5-c79a-4f28-9fde-b7126a5c7252","140ad3e4-018f-43f3-a688-0c32f9b341ab","20809350-59d7-4d65-816e-27a0a604c320","SNYK-DEBIAN10-KRB5-1037638","2024-10-02T22:54:20.138Z","high"
"0708d6a5-c79a-4f28-9fde-b7126a5c7252","140ad3e4-018f-43f3-a688-0c32f9b341ab","20809350-59d7-4d65-816e-27a0a604c320","SNYK-DEBIAN10-GIT-1577271","2024-10-02T22:54:20.138Z","high"
"0708d6a5-c79a-4f28-9fde-b7126a5c7252","140ad3e4-018f-43f3-a688-0c32f9b341ab","20809350-59d7-4d65-816e-27a0a604c320","SNYK-DEBIAN10-LIBXML2-429565","2024-10-02T22:54:20.138Z","high"
"0708d6a5-c79a-4f28-9fde-b7126a5c7252","140ad3e4-018f-43f3-a688-0c32f9b341ab","20809350-59d7-4d65-816e-27a0a604c320","SNYK-DEBIAN10-OPENLDAP-1064724","2024-10-02T22:54:20.138Z","high"
"0708d6a5-c79a-4f28-9fde-b7126a5c7252","140ad3e4-018f-43f3-a688-0c32f9b341ab","20809350-59d7-4d65-816e-27a0a604c320","SNYK-UPSTREAM-NODE-2332186","2024-10-02T22:54:20.138Z","high"
"0708d6a5-c79a-4f28-9fde-b7126a5c7252","140ad3e4-018f-43f3-a688-0c32f9b341ab","20809350-59d7-4d65-816e-27a0a604c320","SNYK-DEBIAN10-TIFF-5747604","2024-10-02T22:54:20.138Z","high"
"0708d6a5-c79a-4f28-9fde-b7126a5c7252","140ad3e4-018f-43f3-a688-0c32f9b341ab","20809350-59d7-4d65-816e-27a0a604c320","SNYK-DEBIAN10-EXPAT-6227596","2024-10-02T22:54:20.138Z","high"
"0708d6a5-c79a-4f28-9fde-b7126a5c7252","140ad3e4-018f-43f3-a688-0c32f9b341ab","20809350-59d7-4d65-816e-27a0a604c320","SNYK-DEBIAN10-OPENLDAP-1064733","2024-10-02T22:54:20.138Z","high"
"0708d6a5-c79a-4f28-9fde-b7126a5c7252","140ad3e4-018f-43f3-a688-0c32f9b341ab","20809350-59d7-4d65-816e-27a0a604c320","SNYK-DEBIAN10-MARIADB103-2940560","2024-10-02T22:54:20.138Z","high"
"0708d6a5-c79a-4f28-9fde-b7126a5c7252","140ad3e4-018f-43f3-a688-0c32f9b341ab","20809350-59d7-4d65-816e-27a0a604c320","SNYK-DEBIAN10-MARIADB103-2766314","2024-10-02T22:54:20.138Z","high"
"0708d6a5-c79a-4f28-9fde-b7126a5c7252","140ad3e4-018f-43f3-a688-0c32f9b341ab","20809350-59d7-4d65-816e-27a0a604c320","SNYK-DEBIAN10-PYTHON37-3325305","2024-10-02T22:54:20.138Z","high"
"0708d6a5-c79a-4f28-9fde-b7126a5c7252","140ad3e4-018f-43f3-a688-0c32f9b341ab","20809350-59d7-4d65-816e-27a0a604c320","SNYK-DEBIAN10-GLIBC-1065768","2024-10-02T22:54:20.138Z","high"
"0708d6a5-c79a-4f28-9fde-b7126a5c7252","140ad3e4-018f-43f3-a688-0c32f9b341ab","20809350-59d7-4d65-816e-27a0a604c320","SNYK-DEBIAN10-IMAGEMAGICK-1049976","2024-10-02T22:54:20.138Z","high"
"0708d6a5-c79a-4f28-9fde-b7126a5c7252","140ad3e4-018f-43f3-a688-0c32f9b341ab","20809350-59d7-4d65-816e-27a0a604c320","SNYK-DEBIAN10-SQLITE3-540568","2024-10-02T22:54:20.138Z","high"
"0708d6a5-c79a-4f28-9fde-b7126a5c7252","140ad3e4-018f-43f3-a688-0c32f9b341ab","20809350-59d7-4d65-816e-27a0a604c320","SNYK-DEBIAN10-POSTGRESQL11-2980115","2024-10-02T22:54:20.138Z","high"
"0708d6a5-c79a-4f28-9fde-b7126a5c7252","140ad3e4-018f-43f3-a688-0c32f9b341ab","20809350-59d7-4d65-816e-27a0a604c320","SNYK-DEBIAN10-GLIB20-1075023","2024-10-02T22:54:20.138Z","high"
"0708d6a5-c79a-4f28-9fde-b7126a5c7252","140ad3e4-018f-43f3-a688-0c32f9b341ab","20809350-59d7-4d65-816e-27a0a604c320","SNYK-UPSTREAM-NODE-1315790","2024-10-02T22:54:20.138Z","high"
"0708d6a5-c79a-4f28-9fde-b7126a5c7252","140ad3e4-018f-43f3-a688-0c32f9b341ab","20809350-59d7-4d65-816e-27a0a604c320","SNYK-DEBIAN10-PCRE2-548863","2024-10-02T22:54:20.138Z","high"
"0708d6a5-c79a-4f28-9fde-b7126a5c7252","140ad3e4-018f-43f3-a688-0c32f9b341ab","20809350-59d7-4d65-816e-27a0a604c320","SNYK-DEBIAN10-GZIP-2444259","2024-10-02T22:54:20.138Z","high"
"0708d6a5-c79a-4f28-9fde-b7126a5c7252","140ad3e4-018f-43f3-a688-0c32f9b341ab","20809350-59d7-4d65-816e-27a0a604c320","SNYK-DEBIAN10-GNUTLS28-3318300","2024-10-02T22:54:20.138Z","high"
"0708d6a5-c79a-4f28-9fde-b7126a5c7252","140ad3e4-018f-43f3-a688-0c32f9b341ab","20809350-59d7-4d65-816e-27a0a604c320","SNYK-DEBIAN10-POSTGRESQL11-1040145","2024-10-02T22:54:20.138Z","high"
"0708d6a5-c79a-4f28-9fde-b7126a5c7252","140ad3e4-018f-43f3-a688-0c32f9b341ab","20809350-59d7-4d65-816e-27a0a604c320","SNYK-DEBIAN10-MARIADB103-2766401","2024-10-02T22:54:20.138Z","high"
"0708d6a5-c79a-4f28-9fde-b7126a5c7252","140ad3e4-018f-43f3-a688-0c32f9b341ab","20809350-59d7-4d65-816e-27a0a604c320","SNYK-DEBIAN10-MARIADB103-2940573","2024-10-02T22:54:20.138Z","high"
"0708d6a5-c79a-4f28-9fde-b7126a5c7252","140ad3e4-018f-43f3-a688-0c32f9b341ab","20809350-59d7-4d65-816e-27a0a604c320","SNYK-DEBIAN10-CURL-1585139","2024-10-02T22:54:20.138Z","high"
"0708d6a5-c79a-4f28-9fde-b7126a5c7252","140ad3e4-018f-43f3-a688-0c32f9b341ab","20809350-59d7-4d65-816e-27a0a604c320","SNYK-UPSTREAM-NODE-1243765","2024-10-02T22:54:20.138Z","high"
"0708d6a5-c79a-4f28-9fde-b7126a5c7252","140ad3e4-018f-43f3-a688-0c32f9b341ab","20809350-59d7-4d65-816e-27a0a604c320","SNYK-UPSTREAM-NODE-1040499","2024-10-02T22:54:20.138Z","high"
"0708d6a5-c79a-4f28-9fde-b7126a5c7252","140ad3e4-018f-43f3-a688-0c32f9b341ab","20809350-59d7-4d65-816e-27a0a604c320","SNYK-DEBIAN10-SUBVERSION-2635642","2024-10-02T22:54:20.138Z","high"
"0708d6a5-c79a-4f28-9fde-b7126a5c7252","140ad3e4-018f-43f3-a688-0c32f9b341ab","20809350-59d7-4d65-816e-27a0a604c320","SNYK-DEBIAN10-OPENEXR-1318910","2024-10-02T22:54:20.138Z","high"
"0708d6a5-c79a-4f28-9fde-b7126a5c7252","140ad3e4-018f-43f3-a688-0c32f9b341ab","20809350-59d7-4d65-816e-27a0a604c320","SNYK-DEBIAN10-OPENJPEG2-541531","2024-10-02T22:54:20.138Z","high"
"0708d6a5-c79a-4f28-9fde-b7126a5c7252","140ad3e4-018f-43f3-a688-0c32f9b341ab","20809350-59d7-4d65-816e-27a0a604c320","SNYK-DEBIAN10-PYTHON27-5423207","2024-10-02T22:54:20.138Z","high"
"0708d6a5-c79a-4f28-9fde-b7126a5c7252","140ad3e4-018f-43f3-a688-0c32f9b341ab","20809350-59d7-4d65-816e-27a0a604c320","SNYK-DEBIAN10-GIT-537149","2024-10-02T22:54:20.138Z","high"
"0708d6a5-c79a-4f28-9fde-b7126a5c7252","140ad3e4-018f-43f3-a688-0c32f9b341ab","20809350-59d7-4d65-816e-27a0a604c320","SNYK-DEBIAN10-MARIADB103-2766300","2024-10-02T22:54:20.138Z","high"
"0708d6a5-c79a-4f28-9fde-b7126a5c7252","140ad3e4-018f-43f3-a688-0c32f9b341ab","20809350-59d7-4d65-816e-27a0a604c320","SNYK-DEBIAN10-OPENEXR-1320028","2024-10-02T22:54:20.138Z","high"
"0708d6a5-c79a-4f28-9fde-b7126a5c7252","140ad3e4-018f-43f3-a688-0c32f9b341ab","20809350-59d7-4d65-816e-27a0a604c320","SNYK-DEBIAN10-LIBDE265-3342950","2024-10-02T22:54:20.138Z","high"
"0708d6a5-c79a-4f28-9fde-b7126a5c7252","140ad3e4-018f-43f3-a688-0c32f9b341ab","20809350-59d7-4d65-816e-27a0a604c320","SNYK-DEBIAN10-KRB5-7411318","2024-10-02T22:54:20.138Z","high"
"0708d6a5-c79a-4f28-9fde-b7126a5c7252","140ad3e4-018f-43f3-a688-0c32f9b341ab","20809350-59d7-4d65-816e-27a0a604c320","SNYK-DEBIAN10-LIBJPEGTURBO-480829","2024-10-02T22:54:20.138Z","high"
"0708d6a5-c79a-4f28-9fde-b7126a5c7252","140ad3e4-018f-43f3-a688-0c32f9b341ab","20809350-59d7-4d65-816e-27a0a604c320","SNYK-DEBIAN10-TIFF-6190611","2024-10-02T22:54:20.138Z","high"
"0708d6a5-c79a-4f28-9fde-b7126a5c7252","140ad3e4-018f-43f3-a688-0c32f9b341ab","20809350-59d7-4d65-816e-27a0a604c320","SNYK-DEBIAN10-MARIADB103-2766287","2024-10-02T22:54:20.138Z","high"
"0708d6a5-c79a-4f28-9fde-b7126a5c7252","140ad3e4-018f-43f3-a688-0c32f9b341ab","20809350-59d7-4d65-816e-27a0a604c320","SNYK-DEBIAN10-CYRUSSASL2-2412041","2024-10-02T22:54:20.138Z","high"
"0708d6a5-c79a-4f28-9fde-b7126a5c7252","140ad3e4-018f-43f3-a688-0c32f9b341ab","20809350-59d7-4d65-816e-27a0a604c320","SNYK-DEBIAN10-EXPAT-2331796","2024-10-02T22:54:20.138Z","high"
"0708d6a5-c79a-4f28-9fde-b7126a5c7252","140ad3e4-018f-43f3-a688-0c32f9b341ab","20809350-59d7-4d65-816e-27a0a604c320","SNYK-DEBIAN10-NETTLE-1090205","2024-10-02T22:54:20.138Z","high"
"0708d6a5-c79a-4f28-9fde-b7126a5c7252","140ad3e4-018f-43f3-a688-0c32f9b341ab","20809350-59d7-4d65-816e-27a0a604c320","SNYK-DEBIAN10-MARIADB103-2766378","2024-10-02T22:54:20.138Z","high"
"0708d6a5-c79a-4f28-9fde-b7126a5c7252","140ad3e4-018f-43f3-a688-0c32f9b341ab","20809350-59d7-4d65-816e-27a0a604c320","SNYK-DEBIAN10-GIT-2635966","2024-10-02T22:54:20.138Z","high"
"0708d6a5-c79a-4f28-9fde-b7126a5c7252","140ad3e4-018f-43f3-a688-0c32f9b341ab","20809350-59d7-4d65-816e-27a0a604c320","SNYK-DEBIAN10-EXPAT-2331795","2024-10-02T22:54:20.138Z","high"
"0708d6a5-c79a-4f28-9fde-b7126a5c7252","140ad3e4-018f-43f3-a688-0c32f9b341ab","20809350-59d7-4d65-816e-27a0a604c320","SNYK-DEBIAN10-PYTHON37-1570178","2024-10-02T22:54:20.138Z","high"
"0708d6a5-c79a-4f28-9fde-b7126a5c7252","140ad3e4-018f-43f3-a688-0c32f9b341ab","20809350-59d7-4d65-816e-27a0a604c320","SNYK-DEBIAN10-POSTGRESQL11-5838230","2024-10-02T22:54:20.138Z","high"
"0708d6a5-c79a-4f28-9fde-b7126a5c7252","140ad3e4-018f-43f3-a688-0c32f9b341ab","20809350-59d7-4d65-816e-27a0a604c320","SNYK-UPSTREAM-NODE-6615824","2024-10-02T22:54:20.138Z","high"
"0708d6a5-c79a-4f28-9fde-b7126a5c7252","140ad3e4-018f-43f3-a688-0c32f9b341ab","20809350-59d7-4d65-816e-27a0a604c320","SNYK-DEBIAN10-IMAGEMAGICK-1244105","2024-10-02T22:54:20.138Z","high"
"0708d6a5-c79a-4f28-9fde-b7126a5c7252","140ad3e4-018f-43f3-a688-0c32f9b341ab","20809350-59d7-4d65-816e-27a0a604c320","SNYK-DEBIAN10-DJVULIBRE-1290638","2024-10-02T22:54:20.138Z","high"
"0708d6a5-c79a-4f28-9fde-b7126a5c7252","140ad3e4-018f-43f3-a688-0c32f9b341ab","20809350-59d7-4d65-816e-27a0a604c320","SNYK-DEBIAN10-MARIADB103-2766360","2024-10-02T22:54:20.138Z","high"
"0708d6a5-c79a-4f28-9fde-b7126a5c7252","140ad3e4-018f-43f3-a688-0c32f9b341ab","20809350-59d7-4d65-816e-27a0a604c320","SNYK-DEBIAN10-NCURSES-2767192","2024-10-02T22:54:20.138Z","high"
"0708d6a5-c79a-4f28-9fde-b7126a5c7252","140ad3e4-018f-43f3-a688-0c32f9b341ab","20809350-59d7-4d65-816e-27a0a604c320","SNYK-DEBIAN10-PYTHON27-5423193","2024-10-02T22:54:20.138Z","high"
"0708d6a5-c79a-4f28-9fde-b7126a5c7252","140ad3e4-018f-43f3-a688-0c32f9b341ab","20809350-59d7-4d65-816e-27a0a604c320","SNYK-DEBIAN10-NCURSES-1655739","2024-10-02T22:54:20.138Z","high"
"0708d6a5-c79a-4f28-9fde-b7126a5c7252","140ad3e4-018f-43f3-a688-0c32f9b341ab","20809350-59d7-4d65-816e-27a0a604c320","SNYK-DEBIAN10-UNBOUND-6245704","2024-10-02T22:54:20.138Z","high"
"0708d6a5-c79a-4f28-9fde-b7126a5c7252","140ad3e4-018f-43f3-a688-0c32f9b341ab","20809350-59d7-4d65-816e-27a0a604c320","SNYK-DEBIAN10-OPENLDAP-1064737","2024-10-02T22:54:20.138Z","high"
"0708d6a5-c79a-4f28-9fde-b7126a5c7252","140ad3e4-018f-43f3-a688-0c32f9b341ab","20809350-59d7-4d65-816e-27a0a604c320","SNYK-UPSTREAM-NODE-1534880","2024-10-02T22:54:20.138Z","high"
"0708d6a5-c79a-4f28-9fde-b7126a5c7252","140ad3e4-018f-43f3-a688-0c32f9b341ab","20809350-59d7-4d65-816e-27a0a604c320","SNYK-DEBIAN10-POSTGRESQL11-1040143","2024-10-02T22:54:20.138Z","high"
"0708d6a5-c79a-4f28-9fde-b7126a5c7252","140ad3e4-018f-43f3-a688-0c32f9b341ab","20809350-59d7-4d65-816e-27a0a604c320","SNYK-DEBIAN10-EXPAT-3023032","2024-10-02T22:54:20.138Z","high"
"0708d6a5-c79a-4f28-9fde-b7126a5c7252","140ad3e4-018f-43f3-a688-0c32f9b341ab","20809350-59d7-4d65-816e-27a0a604c320","SNYK-DEBIAN10-DJVULIBRE-1290633","2024-10-02T22:54:20.138Z","high"
"0708d6a5-c79a-4f28-9fde-b7126a5c7252","140ad3e4-018f-43f3-a688-0c32f9b341ab","20809350-59d7-4d65-816e-27a0a604c320","SNYK-DEBIAN10-DJVULIBRE-1278421","2024-10-02T22:54:20.138Z","high"
"0708d6a5-c79a-4f28-9fde-b7126a5c7252","140ad3e4-018f-43f3-a688-0c32f9b341ab","20809350-59d7-4d65-816e-27a0a604c320","SNYK-DEBIAN10-CURL-2805484","2024-10-02T22:54:20.138Z","high"
"0708d6a5-c79a-4f28-9fde-b7126a5c7252","140ad3e4-018f-43f3-a688-0c32f9b341ab","20809350-59d7-4d65-816e-27a0a604c320","SNYK-DEBIAN10-LIBDE265-6105350","2024-10-02T22:54:20.138Z","high"
"0708d6a5-c79a-4f28-9fde-b7126a5c7252","140ad3e4-018f-43f3-a688-0c32f9b341ab","20809350-59d7-4d65-816e-27a0a604c320","SNYK-DEBIAN10-GNUTLS28-2964217","2024-10-02T22:54:20.138Z","high"
"0708d6a5-c79a-4f28-9fde-b7126a5c7252","140ad3e4-018f-43f3-a688-0c32f9b341ab","20809350-59d7-4d65-816e-27a0a604c320","SNYK-DEBIAN10-IMAGEMAGICK-5858554","2024-10-02T22:54:20.138Z","high"
"0708d6a5-c79a-4f28-9fde-b7126a5c7252","140ad3e4-018f-43f3-a688-0c32f9b341ab","20809350-59d7-4d65-816e-27a0a604c320","SNYK-DEBIAN10-GLIBC-564233","2024-10-02T22:54:20.138Z","high"
"0708d6a5-c79a-4f28-9fde-b7126a5c7252","140ad3e4-018f-43f3-a688-0c32f9b341ab","20809350-59d7-4d65-816e-27a0a604c320","SNYK-DEBIAN10-CURL-1049506","2024-10-02T22:54:20.138Z","high"
"0708d6a5-c79a-4f28-9fde-b7126a5c7252","140ad3e4-018f-43f3-a688-0c32f9b341ab","20809350-59d7-4d65-816e-27a0a604c320","SNYK-DEBIAN10-LIBXML2-2413976","2024-10-02T22:54:20.138Z","high"
"0708d6a5-c79a-4f28-9fde-b7126a5c7252","140ad3e4-018f-43f3-a688-0c32f9b341ab","20809350-59d7-4d65-816e-27a0a604c320","SNYK-DEBIAN10-SQLITE3-539763","2024-10-02T22:54:20.138Z","high"
"0708d6a5-c79a-4f28-9fde-b7126a5c7252","140ad3e4-018f-43f3-a688-0c32f9b341ab","20809350-59d7-4d65-816e-27a0a604c320","SNYK-DEBIAN10-MARIADB103-2766361","2024-10-02T22:54:20.138Z","high"
"0708d6a5-c79a-4f28-9fde-b7126a5c7252","140ad3e4-018f-43f3-a688-0c32f9b341ab","20809350-59d7-4d65-816e-27a0a604c320","SNYK-DEBIAN10-OPENLDAP-1064744","2024-10-02T22:54:20.138Z","high"
"0708d6a5-c79a-4f28-9fde-b7126a5c7252","140ad3e4-018f-43f3-a688-0c32f9b341ab","20809350-59d7-4d65-816e-27a0a604c320","SNYK-DEBIAN10-LIBDE265-2359233","2024-10-02T22:54:20.138Z","high"
"0708d6a5-c79a-4f28-9fde-b7126a5c7252","140ad3e4-018f-43f3-a688-0c32f9b341ab","20809350-59d7-4d65-816e-27a0a604c320","SNYK-DEBIAN10-KRB5-1320094","2024-10-02T22:54:20.138Z","high"
"0708d6a5-c79a-4f28-9fde-b7126a5c7252","140ad3e4-018f-43f3-a688-0c32f9b341ab","20809350-59d7-4d65-816e-27a0a604c320","SNYK-DEBIAN10-IMAGEMAGICK-1048022","2024-10-02T22:54:20.138Z","high"
"0708d6a5-c79a-4f28-9fde-b7126a5c7252","140ad3e4-018f-43f3-a688-0c32f9b341ab","20809350-59d7-4d65-816e-27a0a604c320","SNYK-UPSTREAM-NODE-6252332","2024-10-02T22:54:20.138Z","high"
"0708d6a5-c79a-4f28-9fde-b7126a5c7252","140ad3e4-018f-43f3-a688-0c32f9b341ab","20809350-59d7-4d65-816e-27a0a604c320","SNYK-DEBIAN10-GIT-5461946","2024-10-02T22:54:20.138Z","high"
"0708d6a5-c79a-4f28-9fde-b7126a5c7252","140ad3e4-018f-43f3-a688-0c32f9b341ab","20809350-59d7-4d65-816e-27a0a604c320","SNYK-DEBIAN10-POSTGRESQL11-6055646","2024-10-02T22:54:20.138Z","high"
"0708d6a5-c79a-4f28-9fde-b7126a5c7252","140ad3e4-018f-43f3-a688-0c32f9b341ab","20809350-59d7-4d65-816e-27a0a604c320","SNYK-DEBIAN10-LIBXML2-1277349","2024-10-02T22:54:20.138Z","high"
"0708d6a5-c79a-4f28-9fde-b7126a5c7252","140ad3e4-018f-43f3-a688-0c32f9b341ab","20809350-59d7-4d65-816e-27a0a604c320","SNYK-DEBIAN10-CURL-608200","2024-10-02T22:54:20.138Z","high"
"0708d6a5-c79a-4f28-9fde-b7126a5c7252","140ad3e4-018f-43f3-a688-0c32f9b341ab","20809350-59d7-4d65-816e-27a0a604c320","SNYK-DEBIAN10-POSTGRESQL11-598395","2024-10-02T22:54:20.138Z","high"
"0708d6a5-c79a-4f28-9fde-b7126a5c7252","140ad3e4-018f-43f3-a688-0c32f9b341ab","20809350-59d7-4d65-816e-27a0a604c320","SNYK-DEBIAN10-OPENLDAP-1064726","2024-10-02T22:54:20.138Z","high"
"0708d6a5-c79a-4f28-9fde-b7126a5c7252","140ad3e4-018f-43f3-a688-0c32f9b341ab","20809350-59d7-4d65-816e-27a0a604c320","SNYK-DEBIAN10-GMP-1920939","2024-10-02T22:54:20.138Z","high"
"0708d6a5-c79a-4f28-9fde-b7126a5c7252","140ad3e4-018f-43f3-a688-0c32f9b341ab","20809350-59d7-4d65-816e-27a0a604c320","SNYK-DEBIAN10-GLIB20-5670985","2024-10-02T22:54:20.138Z","high"
"0708d6a5-c79a-4f28-9fde-b7126a5c7252","140ad3e4-018f-43f3-a688-0c32f9b341ab","20809350-59d7-4d65-816e-27a0a604c320","SNYK-DEBIAN10-MARIADB103-2940568","2024-10-02T22:54:20.138Z","high"
"0708d6a5-c79a-4f28-9fde-b7126a5c7252","140ad3e4-018f-43f3-a688-0c32f9b341ab","20809350-59d7-4d65-816e-27a0a604c320","SNYK-DEBIAN10-LIBDE265-3342947","2024-10-02T22:54:20.138Z","high"
"0708d6a5-c79a-4f28-9fde-b7126a5c7252","140ad3e4-018f-43f3-a688-0c32f9b341ab","20809350-59d7-4d65-816e-27a0a604c320","SNYK-DEBIAN10-IMAGEMAGICK-1246263","2024-10-02T22:54:20.138Z","high"
"0708d6a5-c79a-4f28-9fde-b7126a5c7252","140ad3e4-018f-43f3-a688-0c32f9b341ab","20809350-59d7-4d65-816e-27a0a604c320","SNYK-DEBIAN10-MARIADB103-2766403","2024-10-02T22:54:20.138Z","high"
"0708d6a5-c79a-4f28-9fde-b7126a5c7252","140ad3e4-018f-43f3-a688-0c32f9b341ab","20809350-59d7-4d65-816e-27a0a604c320","SNYK-DEBIAN10-LIBXML2-1277350","2024-10-02T22:54:20.138Z","high"
"0708d6a5-c79a-4f28-9fde-b7126a5c7252","140ad3e4-018f-43f3-a688-0c32f9b341ab","20809350-59d7-4d65-816e-27a0a604c320","SNYK-DEBIAN10-LIBWEBP-1289557","2024-10-02T22:54:20.138Z","high"
"0708d6a5-c79a-4f28-9fde-b7126a5c7252","140ad3e4-018f-43f3-a688-0c32f9b341ab","20809350-59d7-4d65-816e-27a0a604c320","SNYK-DEBIAN10-LIBXML2-542927","2024-10-02T22:54:20.138Z","high"
"0708d6a5-c79a-4f28-9fde-b7126a5c7252","140ad3e4-018f-43f3-a688-0c32f9b341ab","20809350-59d7-4d65-816e-27a0a604c320","SNYK-DEBIAN10-UNBOUND-3028989","2024-10-02T22:54:20.138Z","high"
"0708d6a5-c79a-4f28-9fde-b7126a5c7252","140ad3e4-018f-43f3-a688-0c32f9b341ab","20809350-59d7-4d65-816e-27a0a604c320","SNYK-DEBIAN10-CAIRO-1054852","2024-10-02T22:54:20.138Z","high"
"0708d6a5-c79a-4f28-9fde-b7126a5c7252","140ad3e4-018f-43f3-a688-0c32f9b341ab","20809350-59d7-4d65-816e-27a0a604c320","SNYK-DEBIAN10-EXPAT-2330888","2024-10-02T22:54:20.138Z","high"
"0708d6a5-c79a-4f28-9fde-b7126a5c7252","140ad3e4-018f-43f3-a688-0c32f9b341ab","20809350-59d7-4d65-816e-27a0a604c320","SNYK-DEBIAN10-GIT-1083853","2024-10-02T22:54:20.138Z","high"
"0708d6a5-c79a-4f28-9fde-b7126a5c7252","140ad3e4-018f-43f3-a688-0c32f9b341ab","20809350-59d7-4d65-816e-27a0a604c320","SNYK-DEBIAN10-GLIBC-559493","2024-10-02T22:54:20.138Z","high"
"0708d6a5-c79a-4f28-9fde-b7126a5c7252","140ad3e4-018f-43f3-a688-0c32f9b341ab","20809350-59d7-4d65-816e-27a0a604c320","SNYK-DEBIAN10-POSTGRESQL11-5519355","2024-10-02T22:54:20.138Z","high"
"0708d6a5-c79a-4f28-9fde-b7126a5c7252","140ad3e4-018f-43f3-a688-0c32f9b341ab","20809350-59d7-4d65-816e-27a0a604c320","SNYK-DEBIAN10-GLIB20-1075027","2024-10-02T22:54:20.138Z","high"
"0708d6a5-c79a-4f28-9fde-b7126a5c7252","140ad3e4-018f-43f3-a688-0c32f9b341ab","20809350-59d7-4d65-816e-27a0a604c320","SNYK-DEBIAN10-P11KIT-1050833","2024-10-02T22:54:20.138Z","high"
"0708d6a5-c79a-4f28-9fde-b7126a5c7252","140ad3e4-018f-43f3-a688-0c32f9b341ab","20809350-59d7-4d65-816e-27a0a604c320","SNYK-DEBIAN10-MARIADB103-2766301","2024-10-02T22:54:20.138Z","high"
"0708d6a5-c79a-4f28-9fde-b7126a5c7252","140ad3e4-018f-43f3-a688-0c32f9b341ab","20809350-59d7-4d65-816e-27a0a604c320","SNYK-DEBIAN10-ZLIB-2433934","2024-10-02T22:54:20.138Z","high"
"0708d6a5-c79a-4f28-9fde-b7126a5c7252","140ad3e4-018f-43f3-a688-0c32f9b341ab","20809350-59d7-4d65-816e-27a0a604c320","SNYK-DEBIAN10-MARIADB103-2766430","2024-10-02T22:54:20.138Z","high"
"0708d6a5-c79a-4f28-9fde-b7126a5c7252","140ad3e4-018f-43f3-a688-0c32f9b341ab","20809350-59d7-4d65-816e-27a0a604c320","SNYK-DEBIAN10-OPENSSL-1569406","2024-10-02T22:54:20.138Z","high"
"0708d6a5-c79a-4f28-9fde-b7126a5c7252","140ad3e4-018f-43f3-a688-0c32f9b341ab","20809350-59d7-4d65-816e-27a0a604c320","SNYK-DEBIAN10-SYSTEMD-3339153","2024-10-02T22:54:20.138Z","high"
"0708d6a5-c79a-4f28-9fde-b7126a5c7252","140ad3e4-018f-43f3-a688-0c32f9b341ab","20809350-59d7-4d65-816e-27a0a604c320","SNYK-DEBIAN10-OPENSSL-3368736","2024-10-02T22:54:20.138Z","high"
"0708d6a5-c79a-4f28-9fde-b7126a5c7252","140ad3e4-018f-43f3-a688-0c32f9b341ab","20809350-59d7-4d65-816e-27a0a604c320","SNYK-DEBIAN10-NGHTTP2-5953390","2024-10-02T22:54:20.138Z","high"
"0708d6a5-c79a-4f28-9fde-b7126a5c7252","140ad3e4-018f-43f3-a688-0c32f9b341ab","20809350-59d7-4d65-816e-27a0a604c320","SNYK-DEBIAN10-PIXMAN-3099046","2024-10-02T22:54:20.138Z","high"
"0708d6a5-c79a-4f28-9fde-b7126a5c7252","140ad3e4-018f-43f3-a688-0c32f9b341ab","20809350-59d7-4d65-816e-27a0a604c320","SNYK-DEBIAN10-MARIADB103-2940554","2024-10-02T22:54:20.138Z","high"
"0708d6a5-c79a-4f28-9fde-b7126a5c7252","140ad3e4-018f-43f3-a688-0c32f9b341ab","20809350-59d7-4d65-816e-27a0a604c320","SNYK-DEBIAN10-PYTHON37-1013422","2024-10-02T22:54:20.138Z","high"
"0708d6a5-c79a-4f28-9fde-b7126a5c7252","140ad3e4-018f-43f3-a688-0c32f9b341ab","20809350-59d7-4d65-816e-27a0a604c320","SNYK-DEBIAN10-LIBXSLT-2964226","2024-10-02T22:54:20.138Z","high"
"0708d6a5-c79a-4f28-9fde-b7126a5c7252","140ad3e4-018f-43f3-a688-0c32f9b341ab","20809350-59d7-4d65-816e-27a0a604c320","SNYK-DEBIAN10-MARIADB103-2396511","2024-10-02T22:54:20.138Z","high"
"0708d6a5-c79a-4f28-9fde-b7126a5c7252","140ad3e4-018f-43f3-a688-0c32f9b341ab","20809350-59d7-4d65-816e-27a0a604c320","SNYK-DEBIAN10-TIFF-1078789","2024-10-02T22:54:20.138Z","high"
"0708d6a5-c79a-4f28-9fde-b7126a5c7252","140ad3e4-018f-43f3-a688-0c32f9b341ab","20809350-59d7-4d65-816e-27a0a604c320","SNYK-DEBIAN10-CURL-573153","2024-10-02T22:54:20.138Z","high"
"0708d6a5-c79a-4f28-9fde-b7126a5c7252","140ad3e4-018f-43f3-a688-0c32f9b341ab","20809350-59d7-4d65-816e-27a0a604c320","SNYK-DEBIAN10-LIBWEBP-5893093","2024-10-02T22:54:20.138Z","high"
"0708d6a5-c79a-4f28-9fde-b7126a5c7252","140ad3e4-018f-43f3-a688-0c32f9b341ab","20809350-59d7-4d65-816e-27a0a604c320","SNYK-DEBIAN10-MARIADB103-2396505","2024-10-02T22:54:20.138Z","high"
"0708d6a5-c79a-4f28-9fde-b7126a5c7252","140ad3e4-018f-43f3-a688-0c32f9b341ab","20809350-59d7-4d65-816e-27a0a604c320","SNYK-DEBIAN10-LIBXML2-3059798","2024-10-02T22:54:20.138Z","high"
"0708d6a5-c79a-4f28-9fde-b7126a5c7252","140ad3e4-018f-43f3-a688-0c32f9b341ab","20809350-59d7-4d65-816e-27a0a604c320","SNYK-DEBIAN10-OPENSSL-3314585","2024-10-02T22:54:20.138Z","high"
"0708d6a5-c79a-4f28-9fde-b7126a5c7252","140ad3e4-018f-43f3-a688-0c32f9b341ab","20809350-59d7-4d65-816e-27a0a604c320","SNYK-DEBIAN10-MARIADB103-2766367","2024-10-02T22:54:20.138Z","high"
"0708d6a5-c79a-4f28-9fde-b7126a5c7252","140ad3e4-018f-43f3-a688-0c32f9b341ab","20809350-59d7-4d65-816e-27a0a604c320","SNYK-DEBIAN10-GIT-2949147","2024-10-02T22:54:20.138Z","high"
"0708d6a5-c79a-4f28-9fde-b7126a5c7252","140ad3e4-018f-43f3-a688-0c32f9b341ab","20809350-59d7-4d65-816e-27a0a604c320","SNYK-DEBIAN10-EXPAT-2384929","2024-10-02T22:54:20.138Z","high"
"0708d6a5-c79a-4f28-9fde-b7126a5c7252","140ad3e4-018f-43f3-a688-0c32f9b341ab","20809350-59d7-4d65-816e-27a0a604c320","SNYK-UPSTREAM-NODE-1055465","2024-10-02T22:54:20.138Z","high"
"0708d6a5-c79a-4f28-9fde-b7126a5c7252","140ad3e4-018f-43f3-a688-0c32f9b341ab","20809350-59d7-4d65-816e-27a0a604c320","SNYK-DEBIAN10-PYTHON37-2764966","2024-10-02T22:54:20.138Z","high"
"0708d6a5-c79a-4f28-9fde-b7126a5c7252","140ad3e4-018f-43f3-a688-0c32f9b341ab","20809350-59d7-4d65-816e-27a0a604c320","SNYK-DEBIAN10-KRB5-3120879","2024-10-02T22:54:20.138Z","high"
"0708d6a5-c79a-4f28-9fde-b7126a5c7252","140ad3e4-018f-43f3-a688-0c32f9b341ab","20809350-59d7-4d65-816e-27a0a604c320","SNYK-DEBIAN10-OPENSSL-2426310","2024-10-02T22:54:20.138Z","high"
"0708d6a5-c79a-4f28-9fde-b7126a5c7252","140ad3e4-018f-43f3-a688-0c32f9b341ab","20809350-59d7-4d65-816e-27a0a604c320","SNYK-DEBIAN10-IMAGEMAGICK-2812516","2024-10-02T22:54:20.138Z","high"
"0708d6a5-c79a-4f28-9fde-b7126a5c7252","140ad3e4-018f-43f3-a688-0c32f9b341ab","20809350-59d7-4d65-816e-27a0a604c320","SNYK-DEBIAN10-LIBX11-5710890","2024-10-02T22:54:20.138Z","high"
"0708d6a5-c79a-4f28-9fde-b7126a5c7252","140ad3e4-018f-43f3-a688-0c32f9b341ab","20809350-59d7-4d65-816e-27a0a604c320","SNYK-DEBIAN10-LIBXML2-542929","2024-10-02T22:54:20.138Z","high"
"0708d6a5-c79a-4f28-9fde-b7126a5c7252","140ad3e4-018f-43f3-a688-0c32f9b341ab","20809350-59d7-4d65-816e-27a0a604c320","SNYK-DEBIAN10-CURL-1049502","2024-10-02T22:54:20.138Z","high"
"0708d6a5-c79a-4f28-9fde-b7126a5c7252","140ad3e4-018f-43f3-a688-0c32f9b341ab","20809350-59d7-4d65-816e-27a0a604c320","SNYK-DEBIAN10-LIBJPEGTURBO-571504","2024-10-02T22:54:20.138Z","high"
"0708d6a5-c79a-4f28-9fde-b7126a5c7252","140ad3e4-018f-43f3-a688-0c32f9b341ab","20809350-59d7-4d65-816e-27a0a604c320","SNYK-DEBIAN10-SYSTEMD-6277513","2024-10-02T22:54:20.138Z","high"
"0708d6a5-c79a-4f28-9fde-b7126a5c7252","140ad3e4-018f-43f3-a688-0c32f9b341ab","20809350-59d7-4d65-816e-27a0a604c320","SNYK-DEBIAN10-OPENSSL-3314606","2024-10-02T22:54:20.138Z","high"
"0708d6a5-c79a-4f28-9fde-b7126a5c7252","140ad3e4-018f-43f3-a688-0c32f9b341ab","20809350-59d7-4d65-816e-27a0a604c320","SNYK-DEBIAN10-NETTLE-1301269","2024-10-02T22:54:20.138Z","high"
"0708d6a5-c79a-4f28-9fde-b7126a5c7252","140ad3e4-018f-43f3-a688-0c32f9b341ab","20809350-59d7-4d65-816e-27a0a604c320","SNYK-DEBIAN10-LIBDE265-6105363","2024-10-02T22:54:20.138Z","high"
"0708d6a5-c79a-4f28-9fde-b7126a5c7252","140ad3e4-018f-43f3-a688-0c32f9b341ab","20809350-59d7-4d65-816e-27a0a604c320","SNYK-DEBIAN10-FREETYPE-2774652","2024-10-02T22:54:20.138Z","high"
"0708d6a5-c79a-4f28-9fde-b7126a5c7252","140ad3e4-018f-43f3-a688-0c32f9b341ab","20809350-59d7-4d65-816e-27a0a604c320","SNYK-DEBIAN10-LIBDE265-6105345","2024-10-02T22:54:20.138Z","high"
"0708d6a5-c79a-4f28-9fde-b7126a5c7252","140ad3e4-018f-43f3-a688-0c32f9b341ab","20809350-59d7-4d65-816e-27a0a604c320","SNYK-DEBIAN10-EXPAT-2406126","2024-10-02T22:54:20.138Z","high"
"0708d6a5-c79a-4f28-9fde-b7126a5c7252","140ad3e4-018f-43f3-a688-0c32f9b341ab","20809350-59d7-4d65-816e-27a0a604c320","SNYK-DEBIAN10-CURL-2813772","2024-10-02T22:54:20.138Z","high"
"0708d6a5-c79a-4f28-9fde-b7126a5c7252","140ad3e4-018f-43f3-a688-0c32f9b341ab","20809350-59d7-4d65-816e-27a0a604c320","SNYK-DEBIAN10-POSTGRESQL11-1040144","2024-10-02T22:54:20.138Z","high"
"0708d6a5-c79a-4f28-9fde-b7126a5c7252","140ad3e4-018f-43f3-a688-0c32f9b341ab","20809350-59d7-4d65-816e-27a0a604c320","SNYK-UPSTREAM-NODE-6252328","2024-10-02T22:54:20.138Z","high"
"0708d6a5-c79a-4f28-9fde-b7126a5c7252","140ad3e4-018f-43f3-a688-0c32f9b341ab","20809350-59d7-4d65-816e-27a0a604c320","SNYK-DEBIAN10-SQLITE3-570494","2024-10-02T22:54:20.138Z","high"
"0708d6a5-c79a-4f28-9fde-b7126a5c7252","140ad3e4-018f-43f3-a688-0c32f9b341ab","20809350-59d7-4d65-816e-27a0a604c320","SNYK-DEBIAN10-SQLITE3-540471","2024-10-02T22:54:20.138Z","high"
"0708d6a5-c79a-4f28-9fde-b7126a5c7252","140ad3e4-018f-43f3-a688-0c32f9b341ab","20809350-59d7-4d65-816e-27a0a604c320","SNYK-DEBIAN10-MARIADB103-2940586","2024-10-02T22:54:20.138Z","high"
"0708d6a5-c79a-4f28-9fde-b7126a5c7252","140ad3e4-018f-43f3-a688-0c32f9b341ab","20809350-59d7-4d65-816e-27a0a604c320","SNYK-DEBIAN10-IMAGEMAGICK-1042774","2024-10-02T22:54:20.138Z","high"
"0708d6a5-c79a-4f28-9fde-b7126a5c7252","140ad3e4-018f-43f3-a688-0c32f9b341ab","20809350-59d7-4d65-816e-27a0a604c320","SNYK-DEBIAN10-PYTHON37-5851338","2024-10-02T22:54:20.138Z","high"
"0708d6a5-c79a-4f28-9fde-b7126a5c7252","140ad3e4-018f-43f3-a688-0c32f9b341ab","20809350-59d7-4d65-816e-27a0a604c320","SNYK-DEBIAN10-P11KIT-1050836","2024-10-02T22:54:20.138Z","high"
"0708d6a5-c79a-4f28-9fde-b7126a5c7252","140ad3e4-018f-43f3-a688-0c32f9b341ab","20809350-59d7-4d65-816e-27a0a604c320","SNYK-DEBIAN10-LIBX11-608548","2024-10-02T22:54:20.138Z","high"
"0708d6a5-c79a-4f28-9fde-b7126a5c7252","140ad3e4-018f-43f3-a688-0c32f9b341ab","20809350-59d7-4d65-816e-27a0a604c320","SNYK-DEBIAN10-NGHTTP2-1584531","2024-10-02T22:54:20.138Z","high"
"0708d6a5-c79a-4f28-9fde-b7126a5c7252","140ad3e4-018f-43f3-a688-0c32f9b341ab","20809350-59d7-4d65-816e-27a0a604c320","SNYK-DEBIAN10-MARIADB103-2396512","2024-10-02T22:54:20.138Z","high"
"0708d6a5-c79a-4f28-9fde-b7126a5c7252","140ad3e4-018f-43f3-a688-0c32f9b341ab","20809350-59d7-4d65-816e-27a0a604c320","SNYK-DEBIAN10-MARIADB103-2389282","2024-10-02T22:54:20.138Z","high"
"0708d6a5-c79a-4f28-9fde-b7126a5c7252","140ad3e4-018f-43f3-a688-0c32f9b341ab","20809350-59d7-4d65-816e-27a0a604c320","SNYK-DEBIAN10-OPENLDAP-1064742","2024-10-02T22:54:20.138Z","high"
"0708d6a5-c79a-4f28-9fde-b7126a5c7252","140ad3e4-018f-43f3-a688-0c32f9b341ab","20809350-59d7-4d65-816e-27a0a604c320","SNYK-DEBIAN10-IMAGEMAGICK-1246512","2024-10-02T22:54:20.138Z","high"
"0708d6a5-c79a-4f28-9fde-b7126a5c7252","140ad3e4-018f-43f3-a688-0c32f9b341ab","20809350-59d7-4d65-816e-27a0a604c320","SNYK-DEBIAN10-XZUTILS-2444279","2024-10-02T22:54:20.138Z","high"
"0708d6a5-c79a-4f28-9fde-b7126a5c7252","140ad3e4-018f-43f3-a688-0c32f9b341ab","20809350-59d7-4d65-816e-27a0a604c320","SNYK-DEBIAN10-LIBWEBP-5489178","2024-10-02T22:54:20.138Z","high"
"0708d6a5-c79a-4f28-9fde-b7126a5c7252","140ad3e4-018f-43f3-a688-0c32f9b341ab","20809350-59d7-4d65-816e-27a0a604c320","SNYK-DEBIAN10-SUBVERSION-1071814","2024-10-02T22:54:20.138Z","high"
"0708d6a5-c79a-4f28-9fde-b7126a5c7252","140ad3e4-018f-43f3-a688-0c32f9b341ab","20809350-59d7-4d65-816e-27a0a604c320","SNYK-DEBIAN10-LIBDE265-3227415","2024-10-02T22:54:20.138Z","high"
"0708d6a5-c79a-4f28-9fde-b7126a5c7252","140ad3e4-018f-43f3-a688-0c32f9b341ab","20809350-59d7-4d65-816e-27a0a604c320","SNYK-UPSTREAM-NODE-1540540","2024-10-02T22:54:20.138Z","high"
"0708d6a5-c79a-4f28-9fde-b7126a5c7252","140ad3e4-018f-43f3-a688-0c32f9b341ab","20809350-59d7-4d65-816e-27a0a604c320","SNYK-DEBIAN10-EXPAT-2331820","2024-10-02T22:54:20.138Z","high"
"0708d6a5-c79a-4f28-9fde-b7126a5c7252","140ad3e4-018f-43f3-a688-0c32f9b341ab","20809350-59d7-4d65-816e-27a0a604c320","SNYK-DEBIAN10-IMAGEMAGICK-2928990","2024-10-02T22:54:20.138Z","high"
"0708d6a5-c79a-4f28-9fde-b7126a5c7252","140ad3e4-018f-43f3-a688-0c32f9b341ab","20809350-59d7-4d65-816e-27a0a604c320","SNYK-DEBIAN10-GLIBC-2340921","2024-10-02T22:54:20.138Z","high"
"0708d6a5-c79a-4f28-9fde-b7126a5c7252","140ad3e4-018f-43f3-a688-0c32f9b341ab","20809350-59d7-4d65-816e-27a0a604c320","SNYK-DEBIAN10-POSTGRESQL11-1920111","2024-10-02T22:54:20.138Z","high"
"0708d6a5-c79a-4f28-9fde-b7126a5c7252","140ad3e4-018f-43f3-a688-0c32f9b341ab","20809350-59d7-4d65-816e-27a0a604c320","SNYK-DEBIAN10-MARIADB103-1087462","2024-10-02T22:54:20.138Z","high"
"0708d6a5-c79a-4f28-9fde-b7126a5c7252","140ad3e4-018f-43f3-a688-0c32f9b341ab","20809350-59d7-4d65-816e-27a0a604c320","SNYK-DEBIAN10-OPENSSL-1075326","2024-10-02T22:54:20.138Z","high"
"0708d6a5-c79a-4f28-9fde-b7126a5c7252","140ad3e4-018f-43f3-a688-0c32f9b341ab","20809350-59d7-4d65-816e-27a0a604c320","SNYK-DEBIAN10-LIBSSH2-5861759","2024-10-02T22:54:20.138Z","high"
"0708d6a5-c79a-4f28-9fde-b7126a5c7252","140ad3e4-018f-43f3-a688-0c32f9b341ab","20809350-59d7-4d65-816e-27a0a604c320","SNYK-DEBIAN10-IMAGEMAGICK-2928986","2024-10-02T22:54:20.138Z","high"
"0708d6a5-c79a-4f28-9fde-b7126a5c7252","140ad3e4-018f-43f3-a688-0c32f9b341ab","20809350-59d7-4d65-816e-27a0a604c320","SNYK-DEBIAN10-SQLITE3-539773","2024-10-02T22:54:20.138Z","high"
"0708d6a5-c79a-4f28-9fde-b7126a5c7252","140ad3e4-018f-43f3-a688-0c32f9b341ab","20809350-59d7-4d65-816e-27a0a604c320","SNYK-DEBIAN10-GCC8-347558","2024-10-02T22:54:20.138Z","high"
"0708d6a5-c79a-4f28-9fde-b7126a5c7252","140ad3e4-018f-43f3-a688-0c32f9b341ab","20809350-59d7-4d65-816e-27a0a604c320","SNYK-DEBIAN10-PYTHON27-584372","2024-10-02T22:54:20.138Z","high"
"0708d6a5-c79a-4f28-9fde-b7126a5c7252","140ad3e4-018f-43f3-a688-0c32f9b341ab","20809350-59d7-4d65-816e-27a0a604c320","SNYK-DEBIAN10-LIBXML2-539775","2024-10-02T22:54:20.138Z","high"
"0708d6a5-c79a-4f28-9fde-b7126a5c7252","140ad3e4-018f-43f3-a688-0c32f9b341ab","20809350-59d7-4d65-816e-27a0a604c320","SNYK-DEBIAN10-MARIADB103-2766279","2024-10-02T22:54:20.138Z","high"
"0708d6a5-c79a-4f28-9fde-b7126a5c7252","140ad3e4-018f-43f3-a688-0c32f9b341ab","20809350-59d7-4d65-816e-27a0a604c320","SNYK-DEBIAN10-DJVULIBRE-1290628","2024-10-02T22:54:20.138Z","high"
"0708d6a5-c79a-4f28-9fde-b7126a5c7252","140ad3e4-018f-43f3-a688-0c32f9b341ab","20809350-59d7-4d65-816e-27a0a604c320","SNYK-DEBIAN10-PYTHON37-3111114","2024-10-02T22:54:20.138Z","high"
"0708d6a5-c79a-4f28-9fde-b7126a5c7252","140ad3e4-018f-43f3-a688-0c32f9b341ab","20809350-59d7-4d65-816e-27a0a604c320","SNYK-DEBIAN10-POSTGRESQL11-1292094","2024-10-02T22:54:20.138Z","high"
"0708d6a5-c79a-4f28-9fde-b7126a5c7252","140ad3e4-018f-43f3-a688-0c32f9b341ab","20809350-59d7-4d65-816e-27a0a604c320","SNYK-DEBIAN10-CURL-2813757","2024-10-02T22:54:20.138Z","high"
"0708d6a5-c79a-4f28-9fde-b7126a5c7252","140ad3e4-018f-43f3-a688-0c32f9b341ab","20809350-59d7-4d65-816e-27a0a604c320","SNYK-DEBIAN10-POSTGRESQL11-6239518","2024-10-02T22:54:20.138Z","high"
"0708d6a5-c79a-4f28-9fde-b7126a5c7252","140ad3e4-018f-43f3-a688-0c32f9b341ab","20809350-59d7-4d65-816e-27a0a604c320","SNYK-DEBIAN10-CURL-573151","2024-10-02T22:54:20.138Z","high"
"0708d6a5-c79a-4f28-9fde-b7126a5c7252","140ad3e4-018f-43f3-a688-0c32f9b341ab","20809350-59d7-4d65-816e-27a0a604c320","SNYK-DEBIAN10-DJVULIBRE-481572","2024-10-02T22:54:20.138Z","high"
"0708d6a5-c79a-4f28-9fde-b7126a5c7252","140ad3e4-018f-43f3-a688-0c32f9b341ab","20809350-59d7-4d65-816e-27a0a604c320","SNYK-DEBIAN10-LIBDE265-1585971","2024-10-02T22:54:20.138Z","high"
"0708d6a5-c79a-4f28-9fde-b7126a5c7252","140ad3e4-018f-43f3-a688-0c32f9b341ab","20809350-59d7-4d65-816e-27a0a604c320","SNYK-DEBIAN10-LIBX11-5927157","2024-10-02T22:54:20.138Z","high"
"0708d6a5-c79a-4f28-9fde-b7126a5c7252","140ad3e4-018f-43f3-a688-0c32f9b341ab","20809350-59d7-4d65-816e-27a0a604c320","SNYK-DEBIAN10-FRIBIDI-2433113","2024-10-02T22:54:20.138Z","high"
"0708d6a5-c79a-4f28-9fde-b7126a5c7252","140ad3e4-018f-43f3-a688-0c32f9b341ab","20809350-59d7-4d65-816e-27a0a604c320","SNYK-UPSTREAM-NODE-6564548","2024-10-02T22:54:20.138Z","high"
"0708d6a5-c79a-4f28-9fde-b7126a5c7252","140ad3e4-018f-43f3-a688-0c32f9b341ab","20809350-59d7-4d65-816e-27a0a604c320","SNYK-DEBIAN10-LIBXML2-3059802","2024-10-02T22:54:20.138Z","high"
"0708d6a5-c79a-4f28-9fde-b7126a5c7252","140ad3e4-018f-43f3-a688-0c32f9b341ab","20809350-59d7-4d65-816e-27a0a604c320","SNYK-DEBIAN10-TIFF-1078788","2024-10-02T22:54:20.138Z","high"
"0708d6a5-c79a-4f28-9fde-b7126a5c7252","140ad3e4-018f-43f3-a688-0c32f9b341ab","20809350-59d7-4d65-816e-27a0a604c320","SNYK-DEBIAN10-TIFF-2420604","2024-10-02T22:54:20.138Z","high"
"0708d6a5-c79a-4f28-9fde-b7126a5c7252","140ad3e4-018f-43f3-a688-0c32f9b341ab","20809350-59d7-4d65-816e-27a0a604c320","SNYK-DEBIAN10-GIT-3319755","2024-10-02T22:54:20.138Z","high"
"0708d6a5-c79a-4f28-9fde-b7126a5c7252","140ad3e4-018f-43f3-a688-0c32f9b341ab","20809350-59d7-4d65-816e-27a0a604c320","SNYK-DEBIAN10-LIBDE265-3336915","2024-10-02T22:54:20.138Z","high"
"0708d6a5-c79a-4f28-9fde-b7126a5c7252","140ad3e4-018f-43f3-a688-0c32f9b341ab","20809350-59d7-4d65-816e-27a0a604c320","SNYK-DEBIAN10-LIBDE265-6070697","2024-10-02T22:54:20.138Z","high"
"0708d6a5-c79a-4f28-9fde-b7126a5c7252","140ad3e4-018f-43f3-a688-0c32f9b341ab","20809350-59d7-4d65-816e-27a0a604c320","SNYK-DEBIAN10-MARIADB103-2766380","2024-10-02T22:54:20.138Z","high"
"0708d6a5-c79a-4f28-9fde-b7126a5c7252","140ad3e4-018f-43f3-a688-0c32f9b341ab","20809350-59d7-4d65-816e-27a0a604c320","SNYK-DEBIAN10-MARIADB103-2766414","2024-10-02T22:54:20.138Z","high"
"0708d6a5-c79a-4f28-9fde-b7126a5c7252","140ad3e4-018f-43f3-a688-0c32f9b341ab","20809350-59d7-4d65-816e-27a0a604c320","SNYK-DEBIAN10-EXPAT-3061092","2024-10-02T22:54:20.138Z","high"
"0708d6a5-c79a-4f28-9fde-b7126a5c7252","140ad3e4-018f-43f3-a688-0c32f9b341ab","20809350-59d7-4d65-816e-27a0a604c320","SNYK-DEBIAN10-OPENLDAP-1064721","2024-10-02T22:54:20.138Z","high"
"0708d6a5-c79a-4f28-9fde-b7126a5c7252","140ad3e4-018f-43f3-a688-0c32f9b341ab","20809350-59d7-4d65-816e-27a0a604c320","SNYK-UPSTREAM-NODE-5811867","2024-10-02T22:54:20.138Z","high"
"0708d6a5-c79a-4f28-9fde-b7126a5c7252","140ad3e4-018f-43f3-a688-0c32f9b341ab","20809350-59d7-4d65-816e-27a0a604c320","SNYK-DEBIAN10-OPENJPEG2-543666","2024-10-02T22:54:20.138Z","high"
"0708d6a5-c79a-4f28-9fde-b7126a5c7252","140ad3e4-018f-43f3-a688-0c32f9b341ab","20809350-59d7-4d65-816e-27a0a604c320","SNYK-DEBIAN10-GNUTLS28-609778","2024-10-02T22:54:20.138Z","high"
"0708d6a5-c79a-4f28-9fde-b7126a5c7252","140ad3e4-018f-43f3-a688-0c32f9b341ab","20809350-59d7-4d65-816e-27a0a604c320","SNYK-DEBIAN10-LIBXML2-1277346","2024-10-02T22:54:20.138Z","high"
"0708d6a5-c79a-4f28-9fde-b7126a5c7252","140ad3e4-018f-43f3-a688-0c32f9b341ab","20809350-59d7-4d65-816e-27a0a604c320","SNYK-DEBIAN10-LIBXSLT-2964221","2024-10-02T22:54:20.138Z","high"
"0708d6a5-c79a-4f28-9fde-b7126a5c7252","140ad3e4-018f-43f3-a688-0c32f9b341ab","20809350-59d7-4d65-816e-27a0a604c320","SNYK-DEBIAN10-DJVULIBRE-1290629","2024-10-02T22:54:20.138Z","high"
"0708d6a5-c79a-4f28-9fde-b7126a5c7252","140ad3e4-018f-43f3-a688-0c32f9b341ab","20809350-59d7-4d65-816e-27a0a604c320","SNYK-DEBIAN10-OPENLDAP-1064752","2024-10-02T22:54:20.138Z","high"
"0708d6a5-c79a-4f28-9fde-b7126a5c7252","140ad3e4-018f-43f3-a688-0c32f9b341ab","20809350-59d7-4d65-816e-27a0a604c320","SNYK-DEBIAN10-PYTHON27-2764959","2024-10-02T22:54:20.138Z","high"
"0708d6a5-c79a-4f28-9fde-b7126a5c7252","140ad3e4-018f-43f3-a688-0c32f9b341ab","20809350-59d7-4d65-816e-27a0a604c320","SNYK-DEBIAN10-MARIADB103-2940558","2024-10-02T22:54:20.138Z","high"
"0708d6a5-c79a-4f28-9fde-b7126a5c7252","140ad3e4-018f-43f3-a688-0c32f9b341ab","20809350-59d7-4d65-816e-27a0a604c320","SNYK-DEBIAN10-SQLITE3-3011631","2024-10-02T22:54:20.138Z","high"
"0708d6a5-c79a-4f28-9fde-b7126a5c7252","140ad3e4-018f-43f3-a688-0c32f9b341ab","20809350-59d7-4d65-816e-27a0a604c320","SNYK-DEBIAN10-LIBDE265-3361566","2024-10-02T22:54:20.138Z","high"
"0708d6a5-c79a-4f28-9fde-b7126a5c7252","140ad3e4-018f-43f3-a688-0c32f9b341ab","20809350-59d7-4d65-816e-27a0a604c320","SNYK-DEBIAN10-OPENSSL-3314607","2024-10-02T22:54:20.138Z","high"
"0708d6a5-c79a-4f28-9fde-b7126a5c7252","140ad3e4-018f-43f3-a688-0c32f9b341ab","20809350-59d7-4d65-816e-27a0a604c320","SNYK-DEBIAN10-POSTGRESQL11-598393","2024-10-02T22:54:20.138Z","high"
"0708d6a5-c79a-4f28-9fde-b7126a5c7252","140ad3e4-018f-43f3-a688-0c32f9b341ab","20809350-59d7-4d65-816e-27a0a604c320","SNYK-DEBIAN10-PYTHON27-5423202","2024-10-02T22:54:20.138Z","high"
"0708d6a5-c79a-4f28-9fde-b7126a5c7252","140ad3e4-018f-43f3-a688-0c32f9b341ab","20809350-59d7-4d65-816e-27a0a604c320","SNYK-DEBIAN10-EXPAT-2329087","2024-10-02T22:54:20.138Z","high"
"0708d6a5-c79a-4f28-9fde-b7126a5c7252","140ad3e4-018f-43f3-a688-0c32f9b341ab","20809350-59d7-4d65-816e-27a0a604c320","SNYK-DEBIAN10-LIBSSH2-452460","2024-10-02T22:54:20.138Z","high"
"0708d6a5-c79a-4f28-9fde-b7126a5c7252","140ad3e4-018f-43f3-a688-0c32f9b341ab","20809350-59d7-4d65-816e-27a0a604c320","SNYK-DEBIAN10-CURL-3366768","2024-10-02T22:54:20.138Z","high"
"0708d6a5-c79a-4f28-9fde-b7126a5c7252","140ad3e4-018f-43f3-a688-0c32f9b341ab","20809350-59d7-4d65-816e-27a0a604c320","SNYK-DEBIAN10-OPENLDAP-1064746","2024-10-02T22:54:20.138Z","high"
"0708d6a5-c79a-4f28-9fde-b7126a5c7252","140ad3e4-018f-43f3-a688-0c32f9b341ab","20809350-59d7-4d65-816e-27a0a604c320","SNYK-DEBIAN10-MARIADB103-2766402","2024-10-02T22:54:20.138Z","high"
"0708d6a5-c79a-4f28-9fde-b7126a5c7252","140ad3e4-018f-43f3-a688-0c32f9b341ab","20809350-59d7-4d65-816e-27a0a604c320","SNYK-DEBIAN10-OPENLDAP-1039835","2024-10-02T22:54:20.138Z","high"
"0708d6a5-c79a-4f28-9fde-b7126a5c7252","140ad3e4-018f-43f3-a688-0c32f9b341ab","20809350-59d7-4d65-816e-27a0a604c320","SNYK-DEBIAN10-MARIADB103-2766369","2024-10-02T22:54:20.138Z","high"
"0708d6a5-c79a-4f28-9fde-b7126a5c7252","140ad3e4-018f-43f3-a688-0c32f9b341ab","20809350-59d7-4d65-816e-27a0a604c320","SNYK-DEBIAN10-GIT-3051708","2024-10-02T22:54:20.138Z","high"
"0708d6a5-c79a-4f28-9fde-b7126a5c7252","140ad3e4-018f-43f3-a688-0c32f9b341ab","20809350-59d7-4d65-816e-27a0a604c320","SNYK-DEBIAN10-IMAGEMAGICK-2928992","2024-10-02T22:54:20.138Z","high"
"0708d6a5-c79a-4f28-9fde-b7126a5c7252","140ad3e4-018f-43f3-a688-0c32f9b341ab","20809350-59d7-4d65-816e-27a0a604c320","SNYK-DEBIAN10-GNUTLS28-6159414","2024-10-02T22:54:20.138Z","high"
"0708d6a5-c79a-4f28-9fde-b7126a5c7252","140ad3e4-018f-43f3-a688-0c32f9b341ab","20809350-59d7-4d65-816e-27a0a604c320","SNYK-UPSTREAM-NODE-1078517","2024-10-02T22:54:20.138Z","high"
"0708d6a5-c79a-4f28-9fde-b7126a5c7252","140ad3e4-018f-43f3-a688-0c32f9b341ab","20809350-59d7-4d65-816e-27a0a604c320","SNYK-DEBIAN10-PYTHON27-5423210","2024-10-02T22:54:20.138Z","high"
"0708d6a5-c79a-4f28-9fde-b7126a5c7252","140ad3e4-018f-43f3-a688-0c32f9b341ab","20809350-59d7-4d65-816e-27a0a604c320","SNYK-DEBIAN10-OPENLDAP-1074919","2024-10-02T22:54:20.138Z","high"
"0708d6a5-c79a-4f28-9fde-b7126a5c7252","140ad3e4-018f-43f3-a688-0c32f9b341ab","20809350-59d7-4d65-816e-27a0a604c320","SNYK-DEBIAN10-PYTHON27-5853784","2024-10-02T22:54:20.138Z","high"
"0708d6a5-c79a-4f28-9fde-b7126a5c7252","140ad3e4-018f-43f3-a688-0c32f9b341ab","20809350-59d7-4d65-816e-27a0a604c320","SNYK-UPSTREAM-NODE-1315789","2024-10-02T22:54:20.138Z","high"
"0708d6a5-c79a-4f28-9fde-b7126a5c7252","140ad3e4-018f-43f3-a688-0c32f9b341ab","20809350-59d7-4d65-816e-27a0a604c320","SNYK-DEBIAN10-PYTHON37-3017604","2024-10-02T22:54:20.138Z","high"
"0708d6a5-c79a-4f28-9fde-b7126a5c7252","140ad3e4-018f-43f3-a688-0c32f9b341ab","20809350-59d7-4d65-816e-27a0a604c320","SNYK-DEBIAN10-PYTHON27-5423201","2024-10-02T22:54:20.138Z","high"
"0708d6a5-c79a-4f28-9fde-b7126a5c7252","140ad3e4-018f-43f3-a688-0c32f9b341ab","20809350-59d7-4d65-816e-27a0a604c320","SNYK-DEBIAN10-LIBSSH2-474372","2024-10-02T22:54:20.138Z","high"
"0708d6a5-c79a-4f28-9fde-b7126a5c7252","140ad3e4-018f-43f3-a688-0c32f9b341ab","20809350-59d7-4d65-816e-27a0a604c320","SNYK-DEBIAN10-OPENLDAP-1039832","2024-10-02T22:54:20.138Z","high"
"0708d6a5-c79a-4f28-9fde-b7126a5c7252","140ad3e4-018f-43f3-a688-0c32f9b341ab","20809350-59d7-4d65-816e-27a0a604c320","SNYK-DEBIAN10-MARIADB103-2396513","2024-10-02T22:54:20.138Z","high"
"0708d6a5-c79a-4f28-9fde-b7126a5c7252","140ad3e4-018f-43f3-a688-0c32f9b341ab","20809350-59d7-4d65-816e-27a0a604c320","SNYK-DEBIAN10-OPENJPEG2-1047355","2024-10-02T22:54:20.138Z","high"
"0708d6a5-c79a-4f28-9fde-b7126a5c7252","140ad3e4-018f-43f3-a688-0c32f9b341ab","809edf3d-4854-4d0c-9094-2900a6fc93bc","SNYK-JS-TRIMNEWLINES-1298042","2024-10-02T22:54:22.188Z","high"
"0708d6a5-c79a-4f28-9fde-b7126a5c7252","140ad3e4-018f-43f3-a688-0c32f9b341ab","809edf3d-4854-4d0c-9094-2900a6fc93bc","SNYK-JS-TAR-1536528","2024-10-02T22:54:22.188Z","high"
"0708d6a5-c79a-4f28-9fde-b7126a5c7252","140ad3e4-018f-43f3-a688-0c32f9b341ab","809edf3d-4854-4d0c-9094-2900a6fc93bc","SNYK-JS-BRACES-6838727","2024-10-02T22:54:22.188Z","high"
"0708d6a5-c79a-4f28-9fde-b7126a5c7252","140ad3e4-018f-43f3-a688-0c32f9b341ab","809edf3d-4854-4d0c-9094-2900a6fc93bc","SNYK-JS-TAR-1579147","2024-10-02T22:54:22.188Z","high"
"0708d6a5-c79a-4f28-9fde-b7126a5c7252","140ad3e4-018f-43f3-a688-0c32f9b341ab","809edf3d-4854-4d0c-9094-2900a6fc93bc","SNYK-JS-TAR-1579152","2024-10-02T22:54:22.188Z","high"
"0708d6a5-c79a-4f28-9fde-b7126a5c7252","140ad3e4-018f-43f3-a688-0c32f9b341ab","809edf3d-4854-4d0c-9094-2900a6fc93bc","SNYK-JS-TAR-1579155","2024-10-02T22:54:22.188Z","high"
"0708d6a5-c79a-4f28-9fde-b7126a5c7252","140ad3e4-018f-43f3-a688-0c32f9b341ab","809edf3d-4854-4d0c-9094-2900a6fc93bc","SNYK-JS-BODYPARSER-7926860","2024-10-02T22:54:22.188Z","high"
"0708d6a5-c79a-4f28-9fde-b7126a5c7252","140ad3e4-018f-43f3-a688-0c32f9b341ab","809edf3d-4854-4d0c-9094-2900a6fc93bc","SNYK-JS-UNSETVALUE-2400660","2024-10-02T22:54:22.188Z","high"
"0708d6a5-c79a-4f28-9fde-b7126a5c7252","140ad3e4-018f-43f3-a688-0c32f9b341ab","809edf3d-4854-4d0c-9094-2900a6fc93bc","SNYK-JS-IP-6240864","2024-10-02T22:54:22.188Z","high"
"0708d6a5-c79a-4f28-9fde-b7126a5c7252","140ad3e4-018f-43f3-a688-0c32f9b341ab","809edf3d-4854-4d0c-9094-2900a6fc93bc","snyk:lic:npm:qrious:GPL-3.0","2024-10-02T22:54:22.188Z","high"
"0708d6a5-c79a-4f28-9fde-b7126a5c7252","140ad3e4-018f-43f3-a688-0c32f9b341ab","809edf3d-4854-4d0c-9094-2900a6fc93bc","SNYK-JS-WS-7266574","2024-10-02T22:54:22.188Z","high"
"0708d6a5-c79a-4f28-9fde-b7126a5c7252","140ad3e4-018f-43f3-a688-0c32f9b341ab","809edf3d-4854-4d0c-9094-2900a6fc93bc","SNYK-JS-ANSIREGEX-1583908","2024-10-02T22:54:22.188Z","high"
"0708d6a5-c79a-4f28-9fde-b7126a5c7252","140ad3e4-018f-43f3-a688-0c32f9b341ab","809edf3d-4854-4d0c-9094-2900a6fc93bc","SNYK-JS-MICROMATCH-6838728","2024-10-02T22:54:22.188Z","high"
"0708d6a5-c79a-4f28-9fde-b7126a5c7252","140ad3e4-018f-43f3-a688-0c32f9b341ab","809edf3d-4854-4d0c-9094-2900a6fc93bc","SNYK-JS-NTHCHECK-1586032","2024-10-02T22:54:22.188Z","high"
"0708d6a5-c79a-4f28-9fde-b7126a5c7252","140ad3e4-018f-43f3-a688-0c32f9b341ab","809edf3d-4854-4d0c-9094-2900a6fc93bc","SNYK-JS-OBJECTPATH-1585658","2024-10-02T22:54:22.188Z","high"
"0708d6a5-c79a-4f28-9fde-b7126a5c7252","140ad3e4-018f-43f3-a688-0c32f9b341ab","809edf3d-4854-4d0c-9094-2900a6fc93bc","SNYK-JS-NODEFORGE-2430339","2024-10-02T22:54:22.188Z","high"
"0708d6a5-c79a-4f28-9fde-b7126a5c7252","140ad3e4-018f-43f3-a688-0c32f9b341ab","809edf3d-4854-4d0c-9094-2900a6fc93bc","SNYK-JS-LOADERUTILS-3043105","2024-10-02T22:54:22.188Z","high"
"0708d6a5-c79a-4f28-9fde-b7126a5c7252","140ad3e4-018f-43f3-a688-0c32f9b341ab","809edf3d-4854-4d0c-9094-2900a6fc93bc","SNYK-JS-BROWSERIFYSIGN-6037026","2024-10-02T22:54:22.188Z","high"
"0708d6a5-c79a-4f28-9fde-b7126a5c7252","140ad3e4-018f-43f3-a688-0c32f9b341ab","809edf3d-4854-4d0c-9094-2900a6fc93bc","SNYK-JS-OBJECTPATH-1017036","2024-10-02T22:54:22.188Z","high"
"0708d6a5-c79a-4f28-9fde-b7126a5c7252","140ad3e4-018f-43f3-a688-0c32f9b341ab","809edf3d-4854-4d0c-9094-2900a6fc93bc","SNYK-JS-ES5EXT-6095076","2024-10-02T22:54:22.188Z","high"
"0708d6a5-c79a-4f28-9fde-b7126a5c7252","140ad3e4-018f-43f3-a688-0c32f9b341ab","809edf3d-4854-4d0c-9094-2900a6fc93bc","SNYK-JS-DECODEURICOMPONENT-3149970","2024-10-02T22:54:22.188Z","high"
"0708d6a5-c79a-4f28-9fde-b7126a5c7252","140ad3e4-018f-43f3-a688-0c32f9b341ab","809edf3d-4854-4d0c-9094-2900a6fc93bc","SNYK-JS-FOLLOWREDIRECTS-6141137","2024-10-02T22:54:22.188Z","high"
"0708d6a5-c79a-4f28-9fde-b7126a5c7252","140ad3e4-018f-43f3-a688-0c32f9b341ab","809edf3d-4854-4d0c-9094-2900a6fc93bc","SNYK-JS-SEMVER-3247795","2024-10-02T22:54:22.188Z","high"
"0708d6a5-c79a-4f28-9fde-b7126a5c7252","140ad3e4-018f-43f3-a688-0c32f9b341ab","809edf3d-4854-4d0c-9094-2900a6fc93bc","SNYK-JS-ANSIHTML-1296849","2024-10-02T22:54:22.188Z","high"
"0708d6a5-c79a-4f28-9fde-b7126a5c7252","140ad3e4-018f-43f3-a688-0c32f9b341ab","809edf3d-4854-4d0c-9094-2900a6fc93bc","SNYK-JS-NODESASS-535500","2024-10-02T22:54:22.188Z","high"
"0708d6a5-c79a-4f28-9fde-b7126a5c7252","140ad3e4-018f-43f3-a688-0c32f9b341ab","809edf3d-4854-4d0c-9094-2900a6fc93bc","SNYK-JS-NODESASS-541000","2024-10-02T22:54:22.188Z","high"
"0708d6a5-c79a-4f28-9fde-b7126a5c7252","140ad3e4-018f-43f3-a688-0c32f9b341ab","809edf3d-4854-4d0c-9094-2900a6fc93bc","SNYK-JS-WEBPACKDEVMIDDLEWARE-6476555","2024-10-02T22:54:22.188Z","high"
"0708d6a5-c79a-4f28-9fde-b7126a5c7252","140ad3e4-018f-43f3-a688-0c32f9b341ab","809edf3d-4854-4d0c-9094-2900a6fc93bc","SNYK-JS-TAR-1536531","2024-10-02T22:54:22.188Z","high"
"0708d6a5-c79a-4f28-9fde-b7126a5c7252","140ad3e4-018f-43f3-a688-0c32f9b341ab","6daed76b-b358-4a65-a604-ea962bc21f7c","0628f74e22542981365b8175ecf2efd475ca6e62c17ac22168521cfa1364809b35f3abb722dcca5bc98cac16f496c595c74165625dfc11de2bacc22037200c63","2024-10-02T22:54:32.894Z","high"
"0708d6a5-c79a-4f28-9fde-b7126a5c7252","140ad3e4-018f-43f3-a688-0c32f9b341ab","c1135776-5695-44ef-abec-e8e7fa0f1a0b","d787228c736495133771cb242a9127fc479ef4a681154b59fd7d0064965f2ba3860f19d8427b25860103286582ec7731bd0ca224ea1fbca3c07cd83389d4e45d","2024-10-02T22:54:33.915Z","high"
"0708d6a5-c79a-4f28-9fde-b7126a5c7252","140ad3e4-018f-43f3-a688-0c32f9b341ab","c1135776-5695-44ef-abec-e8e7fa0f1a0b","2e1e7b5ec97d59ae724a64f12880211ea6e42cd47e3508246eae0aaf94a2139a90cc1d4ebefa6412a97760c92f241bc0eec8ddbc8a581d0dc5ffffcf84a09241","2024-10-02T22:54:33.915Z","high"
"0708d6a5-c79a-4f28-9fde-b7126a5c7252","140ad3e4-018f-43f3-a688-0c32f9b341ab","c1135776-5695-44ef-abec-e8e7fa0f1a0b","e0109f159e2823c5641a4d706d1a191b2b5e27868b5f44c1f535a9264e2bae6caf7c6c069fbf3bfdd03b8f6a3cdb6958bf12d4551c16a1d014f5d716876ff62d","2024-10-02T22:54:33.915Z","high"
"0708d6a5-c79a-4f28-9fde-b7126a5c7252","140ad3e4-018f-43f3-a688-0c32f9b341ab","c1135776-5695-44ef-abec-e8e7fa0f1a0b","eaeff658568c0c645bd574240681dc50a4d9ce2b6eb162b7165e07bab4f15be02ddbbb690276cfb5eb22cef0dea392aa2bb159d9fc94a82b573e7f6b4a2af2c1","2024-10-02T22:54:33.915Z","high"
"0708d6a5-c79a-4f28-9fde-b7126a5c7252","140ad3e4-018f-43f3-a688-0c32f9b341ab","c1135776-5695-44ef-abec-e8e7fa0f1a0b","15c213f692641e9f739dc04733ad6e8c911414b821fcc6e058757d6c691024eb322e6d63923d72d6a231a098b4a9e73c3d825fdc8e18090b65e2edf608fc3210","2024-10-02T22:54:33.915Z","high"
"0708d6a5-c79a-4f28-9fde-b7126a5c7252","140ad3e4-018f-43f3-a688-0c32f9b341ab","852ad6d8-59c3-4c9e-9973-38a90794b030","f67b20b0e443555fcab40c719a6d874d99fc05d8d27fca73607f68e6a8f34a51e220b852e46820183310af43371c3d143a0b6d5dfd6f563c817908f8e464bf0a","2024-10-02T22:54:34.519Z","high"
"0708d6a5-c79a-4f28-9fde-b7126a5c7252","140ad3e4-018f-43f3-a688-0c32f9b341ab","69a7ea6c-6cb7-4345-8096-ea16c5e348c5","16712187-47dc-4a49-b4ed-0276ef0efebb","2024-10-02T22:55:10.826Z","high"
"0708d6a5-c79a-4f28-9fde-b7126a5c7252","140ad3e4-018f-43f3-a688-0c32f9b341ab","69a7ea6c-6cb7-4345-8096-ea16c5e348c5","1f927908-68da-4e10-96eb-4f5877d95e2d","2024-10-02T22:55:10.826Z","high"
"0708d6a5-c79a-4f28-9fde-b7126a5c7252","140ad3e4-018f-43f3-a688-0c32f9b341ab","69a7ea6c-6cb7-4345-8096-ea16c5e348c5","dc94fb0b-c5c9-422d-9442-63d15d2092b9","2024-10-02T22:55:10.826Z","high"
"0708d6a5-c79a-4f28-9fde-b7126a5c7252","140ad3e4-018f-43f3-a688-0c32f9b341ab","69a7ea6c-6cb7-4345-8096-ea16c5e348c5","d76310c6-8b79-4c62-8b3a-37ea15303f9d","2024-10-02T22:55:10.826Z","high"
"0708d6a5-c79a-4f28-9fde-b7126a5c7252","140ad3e4-018f-43f3-a688-0c32f9b341ab","69a7ea6c-6cb7-4345-8096-ea16c5e348c5","9d5d1787-a180-42a3-96ec-f3dc1c808ffa","2024-10-02T22:55:10.826Z","high"
"0708d6a5-c79a-4f28-9fde-b7126a5c7252","140ad3e4-018f-43f3-a688-0c32f9b341ab","69a7ea6c-6cb7-4345-8096-ea16c5e348c5","47d189b0-ec19-43e8-a6ff-5ef31166f986","2024-10-02T22:55:10.826Z","high"
"0708d6a5-c79a-4f28-9fde-b7126a5c7252","140ad3e4-018f-43f3-a688-0c32f9b341ab","69a7ea6c-6cb7-4345-8096-ea16c5e348c5","ebb0acfa-fa3f-4961-9904-707407fb1611","2024-10-02T22:55:10.826Z","high"
"0708d6a5-c79a-4f28-9fde-b7126a5c7252","140ad3e4-018f-43f3-a688-0c32f9b341ab","69a7ea6c-6cb7-4345-8096-ea16c5e348c5","9fbbe3d6-0e0a-4af3-a1c8-6c1eefbb9d0f","2024-10-02T22:55:10.826Z","high"
"0708d6a5-c79a-4f28-9fde-b7126a5c7252","140ad3e4-018f-43f3-a688-0c32f9b341ab","69a7ea6c-6cb7-4345-8096-ea16c5e348c5","ad1681ff-94e5-42e4-892b-ff205cdd4da8","2024-10-02T22:55:10.826Z","high"
"0708d6a5-c79a-4f28-9fde-b7126a5c7252","140ad3e4-018f-43f3-a688-0c32f9b341ab","69a7ea6c-6cb7-4345-8096-ea16c5e348c5","d795fdf2-21b3-4dd3-898a-9414ee2720f1","2024-10-02T22:55:10.826Z","high"
"0708d6a5-c79a-4f28-9fde-b7126a5c7252","140ad3e4-018f-43f3-a688-0c32f9b341ab","69a7ea6c-6cb7-4345-8096-ea16c5e348c5","59a1facf-b8d0-415c-be20-d1d7566919f0","2024-10-02T22:55:10.826Z","high"
"0708d6a5-c79a-4f28-9fde-b7126a5c7252","140ad3e4-018f-43f3-a688-0c32f9b341ab","69a7ea6c-6cb7-4345-8096-ea16c5e348c5","2b9cc15b-5212-410e-99de-469fed6522e2","2024-10-02T22:55:10.826Z","high"
"0708d6a5-c79a-4f28-9fde-b7126a5c7252","140ad3e4-018f-43f3-a688-0c32f9b341ab","69a7ea6c-6cb7-4345-8096-ea16c5e348c5","63d9df4f-67cf-43f1-9c0c-7dfa0ff1f962","2024-10-02T22:55:10.826Z","high"
"0708d6a5-c79a-4f28-9fde-b7126a5c7252","140ad3e4-018f-43f3-a688-0c32f9b341ab","69a7ea6c-6cb7-4345-8096-ea16c5e348c5","08879579-d89a-4bc9-9c5c-cc7420b35431","2024-10-02T22:55:10.826Z","high"
"0708d6a5-c79a-4f28-9fde-b7126a5c7252","140ad3e4-018f-43f3-a688-0c32f9b341ab","69a7ea6c-6cb7-4345-8096-ea16c5e348c5","c576a840-6927-4494-b106-232aa9807479","2024-10-02T22:55:10.826Z","high"
"0708d6a5-c79a-4f28-9fde-b7126a5c7252","140ad3e4-018f-43f3-a688-0c32f9b341ab","69a7ea6c-6cb7-4345-8096-ea16c5e348c5","07502e3e-2728-4a05-9229-041a304e00dc","2024-10-02T22:55:10.826Z","high"
"0708d6a5-c79a-4f28-9fde-b7126a5c7252","140ad3e4-018f-43f3-a688-0c32f9b341ab","69a7ea6c-6cb7-4345-8096-ea16c5e348c5","e410b1fd-e96f-4cff-b56e-78056efec1ff","2024-10-02T22:55:10.826Z","high"
"0708d6a5-c79a-4f28-9fde-b7126a5c7252","140ad3e4-018f-43f3-a688-0c32f9b341ab","69a7ea6c-6cb7-4345-8096-ea16c5e348c5","39efc2b6-f8ed-460e-be6f-845c618568b1","2024-10-02T22:55:10.826Z","high"
"0708d6a5-c79a-4f28-9fde-b7126a5c7252","140ad3e4-018f-43f3-a688-0c32f9b341ab","0d8eefa5-3f84-479b-bea4-a1cb5ff8460e","SNYK-PYTHON-ANYIO-7361842","2024-10-02T23:01:44.611Z","high"
"0708d6a5-c79a-4f28-9fde-b7126a5c7252","140ad3e4-018f-43f3-a688-0c32f9b341ab","0d8eefa5-3f84-479b-bea4-a1cb5ff8460e","SNYK-PYTHON-CRYPTOGRAPHY-7886970","2024-10-02T23:01:44.611Z","high"
"0708d6a5-c79a-4f28-9fde-b7126a5c7252","140ad3e4-018f-43f3-a688-0c32f9b341ab","0d8eefa5-3f84-479b-bea4-a1cb5ff8460e","SNYK-PYTHON-CRYPTOGRAPHY-6126975","2024-10-02T23:01:44.611Z","high"
"0708d6a5-c79a-4f28-9fde-b7126a5c7252","140ad3e4-018f-43f3-a688-0c32f9b341ab","bb0fde2e-8269-437e-b570-a36c0911429e","SNYK-JS-ELLIPTIC-8172694","2024-10-11T04:47:36.615Z","high"
"0708d6a5-c79a-4f28-9fde-b7126a5c7252","140ad3e4-018f-43f3-a688-0c32f9b341ab","d04b70dc-c890-41ca-aa2e-4c338c58631e","SNYK-JS-ELLIPTIC-8172694","2024-10-11T05:07:28.645Z","high"
"0708d6a5-c79a-4f28-9fde-b7126a5c7252","140ad3e4-018f-43f3-a688-0c32f9b341ab","809edf3d-4854-4d0c-9094-2900a6fc93bc","SNYK-JS-ELLIPTIC-8172694","2024-10-17T02:24:56.643Z","high"
"0708d6a5-c79a-4f28-9fde-b7126a5c7252","140ad3e4-018f-43f3-a688-0c32f9b341ab","809edf3d-4854-4d0c-9094-2900a6fc93bc","SNYK-JS-ELLIPTIC-8187303","2024-10-17T02:24:56.643Z","high"
"0708d6a5-c79a-4f28-9fde-b7126a5c7252","140ad3e4-018f-43f3-a688-0c32f9b341ab","bb0fde2e-8269-437e-b570-a36c0911429e","SNYK-JS-ELLIPTIC-8187303","2024-10-17T02:25:05.708Z","high"
"0708d6a5-c79a-4f28-9fde-b7126a5c7252","140ad3e4-018f-43f3-a688-0c32f9b341ab","d04b70dc-c890-41ca-aa2e-4c338c58631e","SNYK-JS-HTTPPROXYMIDDLEWARE-8229906","2024-10-19T05:12:02.471Z","high"
"0708d6a5-c79a-4f28-9fde-b7126a5c7252","140ad3e4-018f-43f3-a688-0c32f9b341ab","809edf3d-4854-4d0c-9094-2900a6fc93bc","SNYK-JS-HTTPPROXYMIDDLEWARE-8229906","2024-10-24T02:04:42.881Z","high"
"0708d6a5-c79a-4f28-9fde-b7126a5c7252","140ad3e4-018f-43f3-a688-0c32f9b341ab","bb0fde2e-8269-437e-b570-a36c0911429e","SNYK-JS-HTTPPROXYMIDDLEWARE-8229906","2024-10-24T03:12:27.4Z","high"
"0708d6a5-c79a-4f28-9fde-b7126a5c7252","140ad3e4-018f-43f3-a688-0c32f9b341ab","8e01c2e7-d50f-4835-bd87-4f19f95729ca","SNYK-JS-CROSSSPAWN-8303230","2024-11-08T05:19:18.086Z","high"
"0708d6a5-c79a-4f28-9fde-b7126a5c7252","140ad3e4-018f-43f3-a688-0c32f9b341ab","8d685127-b453-4c9c-a68d-ec737eb943da","SNYK-JS-CROSSSPAWN-8303230","2024-11-08T05:22:33.71Z","high"
"0708d6a5-c79a-4f28-9fde-b7126a5c7252","140ad3e4-018f-43f3-a688-0c32f9b341ab","d04b70dc-c890-41ca-aa2e-4c338c58631e","SNYK-JS-CROSSSPAWN-8303230","2024-11-08T05:24:27.459Z","high"
"0708d6a5-c79a-4f28-9fde-b7126a5c7252","140ad3e4-018f-43f3-a688-0c32f9b341ab","1e46ab5e-434b-4c26-85da-556c089d6167","SNYK-JS-CROSSSPAWN-8303230","2024-11-08T05:32:07.787Z","high"
"0708d6a5-c79a-4f28-9fde-b7126a5c7252","140ad3e4-018f-43f3-a688-0c32f9b341ab","8e01c2e7-d50f-4835-bd87-4f19f95729ca","SNYK-JS-SOURCEMAPSUPPORT-6112477","2024-11-13T02:23:34.58Z","high"
"0708d6a5-c79a-4f28-9fde-b7126a5c7252","140ad3e4-018f-43f3-a688-0c32f9b341ab","d04b70dc-c890-41ca-aa2e-4c338c58631e","SNYK-JS-SOURCEMAPSUPPORT-6112477","2024-11-13T02:50:09.504Z","high"
"0708d6a5-c79a-4f28-9fde-b7126a5c7252","140ad3e4-018f-43f3-a688-0c32f9b341ab","9b92da1e-be72-4f38-9ecc-03ffb624521a","SNYK-UPSTREAM-NODE-8379641","2024-11-14T23:33:19.336Z","high"
"0708d6a5-c79a-4f28-9fde-b7126a5c7252","140ad3e4-018f-43f3-a688-0c32f9b341ab","8e01c2e7-d50f-4835-bd87-4f19f95729ca","SNYK-JS-MONGOOSE-8446504","2024-12-04T05:47:24.022Z","high"
"0708d6a5-c79a-4f28-9fde-b7126a5c7252","140ad3e4-018f-43f3-a688-0c32f9b341ab","884adcc7-88ba-440d-9893-da34ddfe9ecb","SNYK-GOLANG-GOLANGORGXNETHTML-8535262","2024-12-20T05:52:41.485Z","high"
"0708d6a5-c79a-4f28-9fde-b7126a5c7252","140ad3e4-018f-43f3-a688-0c32f9b341ab","8e01c2e7-d50f-4835-bd87-4f19f95729ca","SNYK-JS-MONGOOSE-8623536","2025-01-15T21:13:02.8Z","high"
"0708d6a5-c79a-4f28-9fde-b7126a5c7252","140ad3e4-018f-43f3-a688-0c32f9b341ab","523f1b1c-3a40-4d07-a57e-588912a7ea50","SNYK-JS-SQLITE3-2388645","2025-01-22T15:43:00.456Z","high"
"0708d6a5-c79a-4f28-9fde-b7126a5c7252","140ad3e4-018f-43f3-a688-0c32f9b341ab","523f1b1c-3a40-4d07-a57e-588912a7ea50","SNYK-JS-LODASH-6139239","2025-01-22T15:43:00.456Z","high"
"0708d6a5-c79a-4f28-9fde-b7126a5c7252","140ad3e4-018f-43f3-a688-0c32f9b341ab","523f1b1c-3a40-4d07-a57e-588912a7ea50","SNYK-JS-BODYPARSER-7926860","2025-01-22T15:43:00.456Z","high"
"0708d6a5-c79a-4f28-9fde-b7126a5c7252","140ad3e4-018f-43f3-a688-0c32f9b341ab","523f1b1c-3a40-4d07-a57e-588912a7ea50","SNYK-JS-SEMVER-3247795","2025-01-22T15:43:00.456Z","high"
"0708d6a5-c79a-4f28-9fde-b7126a5c7252","140ad3e4-018f-43f3-a688-0c32f9b341ab","523f1b1c-3a40-4d07-a57e-588912a7ea50","SNYK-JS-SEQUELIZE-3324088","2025-01-22T15:43:00.456Z","high"
"0708d6a5-c79a-4f28-9fde-b7126a5c7252","140ad3e4-018f-43f3-a688-0c32f9b341ab","523f1b1c-3a40-4d07-a57e-588912a7ea50","SNYK-JS-SQLITE3-3358947","2025-01-22T15:43:00.456Z","high"
"0708d6a5-c79a-4f28-9fde-b7126a5c7252","140ad3e4-018f-43f3-a688-0c32f9b341ab","523f1b1c-3a40-4d07-a57e-588912a7ea50","SNYK-JS-DECODEURICOMPONENT-3149970","2025-01-22T15:43:00.456Z","high"
"0708d6a5-c79a-4f28-9fde-b7126a5c7252","140ad3e4-018f-43f3-a688-0c32f9b341ab","523f1b1c-3a40-4d07-a57e-588912a7ea50","SNYK-JS-QS-3153490","2025-01-22T15:43:00.456Z","high"
"0708d6a5-c79a-4f28-9fde-b7126a5c7252","140ad3e4-018f-43f3-a688-0c32f9b341ab","523f1b1c-3a40-4d07-a57e-588912a7ea50","SNYK-JS-SOCKETIO-7278048","2025-01-22T15:43:00.456Z","high"
"0708d6a5-c79a-4f28-9fde-b7126a5c7252","140ad3e4-018f-43f3-a688-0c32f9b341ab","523f1b1c-3a40-4d07-a57e-588912a7ea50","SNYK-JS-MOMENT-2944238","2025-01-22T15:43:00.456Z","high"
"0708d6a5-c79a-4f28-9fde-b7126a5c7252","140ad3e4-018f-43f3-a688-0c32f9b341ab","523f1b1c-3a40-4d07-a57e-588912a7ea50","SNYK-JS-ASYNC-2441827","2025-01-22T15:43:00.456Z","high"
"0708d6a5-c79a-4f28-9fde-b7126a5c7252","140ad3e4-018f-43f3-a688-0c32f9b341ab","523f1b1c-3a40-4d07-a57e-588912a7ea50","npm:underscore.string:20170908","2025-01-22T15:43:00.456Z","high"
"0708d6a5-c79a-4f28-9fde-b7126a5c7252","140ad3e4-018f-43f3-a688-0c32f9b341ab","523f1b1c-3a40-4d07-a57e-588912a7ea50","SNYK-JS-TAR-1579147","2025-01-22T15:43:00.456Z","high"
"0708d6a5-c79a-4f28-9fde-b7126a5c7252","140ad3e4-018f-43f3-a688-0c32f9b341ab","523f1b1c-3a40-4d07-a57e-588912a7ea50","SNYK-JS-SEQUELIZE-2959225","2025-01-22T15:43:00.456Z","high"
"0708d6a5-c79a-4f28-9fde-b7126a5c7252","140ad3e4-018f-43f3-a688-0c32f9b341ab","523f1b1c-3a40-4d07-a57e-588912a7ea50","SNYK-JS-LODASH-450202","2025-01-22T15:43:00.456Z","high"
"0708d6a5-c79a-4f28-9fde-b7126a5c7252","140ad3e4-018f-43f3-a688-0c32f9b341ab","523f1b1c-3a40-4d07-a57e-588912a7ea50","SNYK-JS-MOMENT-2440688","2025-01-22T15:43:00.456Z","high"
"0708d6a5-c79a-4f28-9fde-b7126a5c7252","140ad3e4-018f-43f3-a688-0c32f9b341ab","523f1b1c-3a40-4d07-a57e-588912a7ea50","SNYK-JS-WS-7266574","2025-01-22T15:43:00.456Z","high"
"0708d6a5-c79a-4f28-9fde-b7126a5c7252","140ad3e4-018f-43f3-a688-0c32f9b341ab","523f1b1c-3a40-4d07-a57e-588912a7ea50","SNYK-JS-ES5EXT-6095076","2025-01-22T15:43:00.456Z","high"
"0708d6a5-c79a-4f28-9fde-b7126a5c7252","140ad3e4-018f-43f3-a688-0c32f9b341ab","523f1b1c-3a40-4d07-a57e-588912a7ea50","SNYK-JS-LODASH-608086","2025-01-22T15:43:00.456Z","high"
"0708d6a5-c79a-4f28-9fde-b7126a5c7252","140ad3e4-018f-43f3-a688-0c32f9b341ab","523f1b1c-3a40-4d07-a57e-588912a7ea50","SNYK-JS-BRACES-6838727","2025-01-22T15:43:00.456Z","high"
"0708d6a5-c79a-4f28-9fde-b7126a5c7252","140ad3e4-018f-43f3-a688-0c32f9b341ab","523f1b1c-3a40-4d07-a57e-588912a7ea50","SNYK-JS-LODASHSET-1320032","2025-01-22T15:43:00.456Z","high"
"0708d6a5-c79a-4f28-9fde-b7126a5c7252","140ad3e4-018f-43f3-a688-0c32f9b341ab","523f1b1c-3a40-4d07-a57e-588912a7ea50","SNYK-JS-ENGINEIO-3136336","2025-01-22T15:43:00.456Z","high"
"0708d6a5-c79a-4f28-9fde-b7126a5c7252","140ad3e4-018f-43f3-a688-0c32f9b341ab","523f1b1c-3a40-4d07-a57e-588912a7ea50","SNYK-JS-PUGCODEGEN-7086056","2025-01-22T15:43:00.456Z","high"
"0708d6a5-c79a-4f28-9fde-b7126a5c7252","140ad3e4-018f-43f3-a688-0c32f9b341ab","523f1b1c-3a40-4d07-a57e-588912a7ea50","SNYK-JS-TAR-1579152","2025-01-22T15:43:00.456Z","high"
"0708d6a5-c79a-4f28-9fde-b7126a5c7252","140ad3e4-018f-43f3-a688-0c32f9b341ab","523f1b1c-3a40-4d07-a57e-588912a7ea50","SNYK-JS-UNSETVALUE-2400660","2025-01-22T15:43:00.456Z","high"
"0708d6a5-c79a-4f28-9fde-b7126a5c7252","140ad3e4-018f-43f3-a688-0c32f9b341ab","523f1b1c-3a40-4d07-a57e-588912a7ea50","SNYK-JS-TAR-1536531","2025-01-22T15:43:00.456Z","high"
"0708d6a5-c79a-4f28-9fde-b7126a5c7252","140ad3e4-018f-43f3-a688-0c32f9b341ab","523f1b1c-3a40-4d07-a57e-588912a7ea50","snyk:lic:npm:fuzzball:GPL-2.0","2025-01-22T15:43:00.456Z","high"
"0708d6a5-c79a-4f28-9fde-b7126a5c7252","140ad3e4-018f-43f3-a688-0c32f9b341ab","523f1b1c-3a40-4d07-a57e-588912a7ea50","SNYK-JS-MOUT-2342654","2025-01-22T15:43:00.456Z","high"
"0708d6a5-c79a-4f28-9fde-b7126a5c7252","140ad3e4-018f-43f3-a688-0c32f9b341ab","523f1b1c-3a40-4d07-a57e-588912a7ea50","SNYK-JS-ENGINEIO-1056749","2025-01-22T15:43:00.456Z","high"
"0708d6a5-c79a-4f28-9fde-b7126a5c7252","140ad3e4-018f-43f3-a688-0c32f9b341ab","523f1b1c-3a40-4d07-a57e-588912a7ea50","SNYK-JS-LODASH-73638","2025-01-22T15:43:00.456Z","high"
"0708d6a5-c79a-4f28-9fde-b7126a5c7252","140ad3e4-018f-43f3-a688-0c32f9b341ab","523f1b1c-3a40-4d07-a57e-588912a7ea50","SNYK-JS-SOCKETIOPARSER-5596892","2025-01-22T15:43:00.456Z","high"
"0708d6a5-c79a-4f28-9fde-b7126a5c7252","140ad3e4-018f-43f3-a688-0c32f9b341ab","523f1b1c-3a40-4d07-a57e-588912a7ea50","SNYK-JS-ANSIREGEX-1583908","2025-01-22T15:43:00.456Z","high"
"0708d6a5-c79a-4f28-9fde-b7126a5c7252","140ad3e4-018f-43f3-a688-0c32f9b341ab","523f1b1c-3a40-4d07-a57e-588912a7ea50","SNYK-JS-DICER-2311764","2025-01-22T15:43:00.456Z","high"
"0708d6a5-c79a-4f28-9fde-b7126a5c7252","140ad3e4-018f-43f3-a688-0c32f9b341ab","523f1b1c-3a40-4d07-a57e-588912a7ea50","SNYK-JS-CRYPTOJS-6028119","2025-01-22T15:43:00.456Z","high"
"0708d6a5-c79a-4f28-9fde-b7126a5c7252","140ad3e4-018f-43f3-a688-0c32f9b341ab","523f1b1c-3a40-4d07-a57e-588912a7ea50","SNYK-JS-LIBXMLJS2-6808810","2025-01-22T15:43:00.456Z","high"
"0708d6a5-c79a-4f28-9fde-b7126a5c7252","140ad3e4-018f-43f3-a688-0c32f9b341ab","523f1b1c-3a40-4d07-a57e-588912a7ea50","SNYK-JS-TAR-1536528","2025-01-22T15:43:00.456Z","high"
"0708d6a5-c79a-4f28-9fde-b7126a5c7252","140ad3e4-018f-43f3-a688-0c32f9b341ab","523f1b1c-3a40-4d07-a57e-588912a7ea50","SNYK-JS-DOTTIE-3332763","2025-01-22T15:43:00.456Z","high"
"0708d6a5-c79a-4f28-9fde-b7126a5c7252","140ad3e4-018f-43f3-a688-0c32f9b341ab","523f1b1c-3a40-4d07-a57e-588912a7ea50","SNYK-JS-LIBXMLJS2-6808816","2025-01-22T15:43:00.456Z","high"
"0708d6a5-c79a-4f28-9fde-b7126a5c7252","140ad3e4-018f-43f3-a688-0c32f9b341ab","523f1b1c-3a40-4d07-a57e-588912a7ea50","SNYK-JS-TAR-1579155","2025-01-22T15:43:00.456Z","high"
"0708d6a5-c79a-4f28-9fde-b7126a5c7252","140ad3e4-018f-43f3-a688-0c32f9b341ab","523f1b1c-3a40-4d07-a57e-588912a7ea50","SNYK-JS-LODASH-1040724","2025-01-22T15:43:00.456Z","high"
"0708d6a5-c79a-4f28-9fde-b7126a5c7252","140ad3e4-018f-43f3-a688-0c32f9b341ab","523f1b1c-3a40-4d07-a57e-588912a7ea50","SNYK-JS-SIMPLEGET-2361683","2025-01-22T15:43:00.456Z","high"
"0708d6a5-c79a-4f28-9fde-b7126a5c7252","140ad3e4-018f-43f3-a688-0c32f9b341ab","73daab53-c6c1-4331-8a61-08c77d7272a9","SNYK-DEBIAN10-GLIBC-2340921","2025-01-22T15:43:01.937Z","high"
"0708d6a5-c79a-4f28-9fde-b7126a5c7252","140ad3e4-018f-43f3-a688-0c32f9b341ab","73daab53-c6c1-4331-8a61-08c77d7272a9","SNYK-DEBIAN10-CURL-3366768","2025-01-22T15:43:01.937Z","high"
"0708d6a5-c79a-4f28-9fde-b7126a5c7252","140ad3e4-018f-43f3-a688-0c32f9b341ab","73daab53-c6c1-4331-8a61-08c77d7272a9","SNYK-DEBIAN10-MARIADB103-2396513","2025-01-22T15:43:01.937Z","high"
"0708d6a5-c79a-4f28-9fde-b7126a5c7252","140ad3e4-018f-43f3-a688-0c32f9b341ab","73daab53-c6c1-4331-8a61-08c77d7272a9","SNYK-DEBIAN10-GIT-6846196","2025-01-22T15:43:01.937Z","high"
"0708d6a5-c79a-4f28-9fde-b7126a5c7252","140ad3e4-018f-43f3-a688-0c32f9b341ab","73daab53-c6c1-4331-8a61-08c77d7272a9","SNYK-DEBIAN10-OPENLDAP-1074919","2025-01-22T15:43:01.937Z","high"
"0708d6a5-c79a-4f28-9fde-b7126a5c7252","140ad3e4-018f-43f3-a688-0c32f9b341ab","73daab53-c6c1-4331-8a61-08c77d7272a9","SNYK-DEBIAN10-PYTHON27-5423210","2025-01-22T15:43:01.937Z","high"
"0708d6a5-c79a-4f28-9fde-b7126a5c7252","140ad3e4-018f-43f3-a688-0c32f9b341ab","73daab53-c6c1-4331-8a61-08c77d7272a9","SNYK-DEBIAN10-TIFF-1078788","2025-01-22T15:43:01.937Z","high"
"0708d6a5-c79a-4f28-9fde-b7126a5c7252","140ad3e4-018f-43f3-a688-0c32f9b341ab","73daab53-c6c1-4331-8a61-08c77d7272a9","SNYK-DEBIAN10-OPENLDAP-1064737","2025-01-22T15:43:01.937Z","high"
"0708d6a5-c79a-4f28-9fde-b7126a5c7252","140ad3e4-018f-43f3-a688-0c32f9b341ab","73daab53-c6c1-4331-8a61-08c77d7272a9","SNYK-DEBIAN10-LIBXML2-1277350","2025-01-22T15:43:01.937Z","high"
"0708d6a5-c79a-4f28-9fde-b7126a5c7252","140ad3e4-018f-43f3-a688-0c32f9b341ab","73daab53-c6c1-4331-8a61-08c77d7272a9","SNYK-DEBIAN10-OPENSSH-1660419","2025-01-22T15:43:01.937Z","high"
"0708d6a5-c79a-4f28-9fde-b7126a5c7252","140ad3e4-018f-43f3-a688-0c32f9b341ab","73daab53-c6c1-4331-8a61-08c77d7272a9","SNYK-DEBIAN10-OPENLDAP-1064724","2025-01-22T15:43:01.937Z","high"
"0708d6a5-c79a-4f28-9fde-b7126a5c7252","140ad3e4-018f-43f3-a688-0c32f9b341ab","73daab53-c6c1-4331-8a61-08c77d7272a9","SNYK-DEBIAN10-SQLITE3-539763","2025-01-22T15:43:01.937Z","high"
"0708d6a5-c79a-4f28-9fde-b7126a5c7252","140ad3e4-018f-43f3-a688-0c32f9b341ab","73daab53-c6c1-4331-8a61-08c77d7272a9","SNYK-DEBIAN10-MARIADB103-2766414","2025-01-22T15:43:01.937Z","high"
"0708d6a5-c79a-4f28-9fde-b7126a5c7252","140ad3e4-018f-43f3-a688-0c32f9b341ab","73daab53-c6c1-4331-8a61-08c77d7272a9","SNYK-DEBIAN10-IMAGEMAGICK-1049976","2025-01-22T15:43:01.937Z","high"
"0708d6a5-c79a-4f28-9fde-b7126a5c7252","140ad3e4-018f-43f3-a688-0c32f9b341ab","73daab53-c6c1-4331-8a61-08c77d7272a9","SNYK-DEBIAN10-MARIADB103-2766300","2025-01-22T15:43:01.937Z","high"
"0708d6a5-c79a-4f28-9fde-b7126a5c7252","140ad3e4-018f-43f3-a688-0c32f9b341ab","73daab53-c6c1-4331-8a61-08c77d7272a9","SNYK-DEBIAN10-MARIADB103-2766403","2025-01-22T15:43:01.937Z","high"
"0708d6a5-c79a-4f28-9fde-b7126a5c7252","140ad3e4-018f-43f3-a688-0c32f9b341ab","73daab53-c6c1-4331-8a61-08c77d7272a9","SNYK-DEBIAN10-CAIRO-1054852","2025-01-22T15:43:01.937Z","high"
"0708d6a5-c79a-4f28-9fde-b7126a5c7252","140ad3e4-018f-43f3-a688-0c32f9b341ab","73daab53-c6c1-4331-8a61-08c77d7272a9","SNYK-DEBIAN10-OPENLDAP-1064742","2025-01-22T15:43:01.937Z","high"
"0708d6a5-c79a-4f28-9fde-b7126a5c7252","140ad3e4-018f-43f3-a688-0c32f9b341ab","73daab53-c6c1-4331-8a61-08c77d7272a9","SNYK-DEBIAN10-OPENJPEG2-1049515","2025-01-22T15:43:01.937Z","high"
"0708d6a5-c79a-4f28-9fde-b7126a5c7252","140ad3e4-018f-43f3-a688-0c32f9b341ab","73daab53-c6c1-4331-8a61-08c77d7272a9","SNYK-DEBIAN10-LIBSSH2-452460","2025-01-22T15:43:01.937Z","high"
"0708d6a5-c79a-4f28-9fde-b7126a5c7252","140ad3e4-018f-43f3-a688-0c32f9b341ab","73daab53-c6c1-4331-8a61-08c77d7272a9","SNYK-DEBIAN10-OPENLDAP-1064726","2025-01-22T15:43:01.937Z","high"
"0708d6a5-c79a-4f28-9fde-b7126a5c7252","140ad3e4-018f-43f3-a688-0c32f9b341ab","73daab53-c6c1-4331-8a61-08c77d7272a9","SNYK-DEBIAN10-OPENSSL-1075326","2025-01-22T15:43:01.937Z","high"
"0708d6a5-c79a-4f28-9fde-b7126a5c7252","140ad3e4-018f-43f3-a688-0c32f9b341ab","73daab53-c6c1-4331-8a61-08c77d7272a9","SNYK-DEBIAN10-MARIADB103-2940554","2025-01-22T15:43:01.937Z","high"
"0708d6a5-c79a-4f28-9fde-b7126a5c7252","140ad3e4-018f-43f3-a688-0c32f9b341ab","73daab53-c6c1-4331-8a61-08c77d7272a9","SNYK-DEBIAN10-PYTHON37-5851338","2025-01-22T15:43:01.937Z","high"
"0708d6a5-c79a-4f28-9fde-b7126a5c7252","140ad3e4-018f-43f3-a688-0c32f9b341ab","73daab53-c6c1-4331-8a61-08c77d7272a9","SNYK-DEBIAN10-LIBDE265-3342950","2025-01-22T15:43:01.937Z","high"
"0708d6a5-c79a-4f28-9fde-b7126a5c7252","140ad3e4-018f-43f3-a688-0c32f9b341ab","73daab53-c6c1-4331-8a61-08c77d7272a9","SNYK-DEBIAN10-GNUTLS28-609778","2025-01-22T15:43:01.937Z","high"
"0708d6a5-c79a-4f28-9fde-b7126a5c7252","140ad3e4-018f-43f3-a688-0c32f9b341ab","73daab53-c6c1-4331-8a61-08c77d7272a9","SNYK-DEBIAN10-CURL-608200","2025-01-22T15:43:01.937Z","high"
"0708d6a5-c79a-4f28-9fde-b7126a5c7252","140ad3e4-018f-43f3-a688-0c32f9b341ab","73daab53-c6c1-4331-8a61-08c77d7272a9","SNYK-DEBIAN10-LIBDE265-2359233","2025-01-22T15:43:01.937Z","high"
"0708d6a5-c79a-4f28-9fde-b7126a5c7252","140ad3e4-018f-43f3-a688-0c32f9b341ab","73daab53-c6c1-4331-8a61-08c77d7272a9","SNYK-DEBIAN10-DJVULIBRE-481572","2025-01-22T15:43:01.937Z","high"
"0708d6a5-c79a-4f28-9fde-b7126a5c7252","140ad3e4-018f-43f3-a688-0c32f9b341ab","73daab53-c6c1-4331-8a61-08c77d7272a9","SNYK-DEBIAN10-GIT-537149","2025-01-22T15:43:01.937Z","high"
"0708d6a5-c79a-4f28-9fde-b7126a5c7252","140ad3e4-018f-43f3-a688-0c32f9b341ab","73daab53-c6c1-4331-8a61-08c77d7272a9","SNYK-DEBIAN10-GIT-6846206","2025-01-22T15:43:01.937Z","high"
"0708d6a5-c79a-4f28-9fde-b7126a5c7252","140ad3e4-018f-43f3-a688-0c32f9b341ab","73daab53-c6c1-4331-8a61-08c77d7272a9","SNYK-DEBIAN10-TIFF-3113870","2025-01-22T15:43:01.937Z","high"
"0708d6a5-c79a-4f28-9fde-b7126a5c7252","140ad3e4-018f-43f3-a688-0c32f9b341ab","73daab53-c6c1-4331-8a61-08c77d7272a9","SNYK-DEBIAN10-EXPAT-2331796","2025-01-22T15:43:01.937Z","high"
"0708d6a5-c79a-4f28-9fde-b7126a5c7252","140ad3e4-018f-43f3-a688-0c32f9b341ab","73daab53-c6c1-4331-8a61-08c77d7272a9","SNYK-DEBIAN10-FRIBIDI-2433113","2025-01-22T15:43:01.937Z","high"
"0708d6a5-c79a-4f28-9fde-b7126a5c7252","140ad3e4-018f-43f3-a688-0c32f9b341ab","73daab53-c6c1-4331-8a61-08c77d7272a9","SNYK-DEBIAN10-GLIB20-5670985","2025-01-22T15:43:01.937Z","high"
"0708d6a5-c79a-4f28-9fde-b7126a5c7252","140ad3e4-018f-43f3-a688-0c32f9b341ab","73daab53-c6c1-4331-8a61-08c77d7272a9","SNYK-DEBIAN10-OPENSSL-2426310","2025-01-22T15:43:01.937Z","high"
"0708d6a5-c79a-4f28-9fde-b7126a5c7252","140ad3e4-018f-43f3-a688-0c32f9b341ab","73daab53-c6c1-4331-8a61-08c77d7272a9","SNYK-DEBIAN10-NCURSES-2767192","2025-01-22T15:43:01.937Z","high"
"0708d6a5-c79a-4f28-9fde-b7126a5c7252","140ad3e4-018f-43f3-a688-0c32f9b341ab","73daab53-c6c1-4331-8a61-08c77d7272a9","SNYK-DEBIAN10-POSTGRESQL11-5519355","2025-01-22T15:43:01.937Z","high"
"0708d6a5-c79a-4f28-9fde-b7126a5c7252","140ad3e4-018f-43f3-a688-0c32f9b341ab","73daab53-c6c1-4331-8a61-08c77d7272a9","SNYK-DEBIAN10-GLIB20-1075023","2025-01-22T15:43:01.937Z","high"
"0708d6a5-c79a-4f28-9fde-b7126a5c7252","140ad3e4-018f-43f3-a688-0c32f9b341ab","73daab53-c6c1-4331-8a61-08c77d7272a9","SNYK-DEBIAN10-MARIADB103-2396505","2025-01-22T15:43:01.937Z","high"
"0708d6a5-c79a-4f28-9fde-b7126a5c7252","140ad3e4-018f-43f3-a688-0c32f9b341ab","73daab53-c6c1-4331-8a61-08c77d7272a9","SNYK-DEBIAN10-CURL-1585139","2025-01-22T15:43:01.937Z","high"
"0708d6a5-c79a-4f28-9fde-b7126a5c7252","140ad3e4-018f-43f3-a688-0c32f9b341ab","73daab53-c6c1-4331-8a61-08c77d7272a9","SNYK-DEBIAN10-CURL-2813772","2025-01-22T15:43:01.937Z","high"
"0708d6a5-c79a-4f28-9fde-b7126a5c7252","140ad3e4-018f-43f3-a688-0c32f9b341ab","73daab53-c6c1-4331-8a61-08c77d7272a9","SNYK-DEBIAN10-PYTHON37-3325305","2025-01-22T15:43:01.937Z","high"
"0708d6a5-c79a-4f28-9fde-b7126a5c7252","140ad3e4-018f-43f3-a688-0c32f9b341ab","73daab53-c6c1-4331-8a61-08c77d7272a9","SNYK-DEBIAN10-GNUTLS28-6159414","2025-01-22T15:43:01.937Z","high"
"0708d6a5-c79a-4f28-9fde-b7126a5c7252","140ad3e4-018f-43f3-a688-0c32f9b341ab","73daab53-c6c1-4331-8a61-08c77d7272a9","SNYK-DEBIAN10-MARIADB103-2766360","2025-01-22T15:43:01.937Z","high"
"0708d6a5-c79a-4f28-9fde-b7126a5c7252","140ad3e4-018f-43f3-a688-0c32f9b341ab","73daab53-c6c1-4331-8a61-08c77d7272a9","SNYK-DEBIAN10-CYRUSSASL2-2412041","2025-01-22T15:43:01.937Z","high"
"0708d6a5-c79a-4f28-9fde-b7126a5c7252","140ad3e4-018f-43f3-a688-0c32f9b341ab","73daab53-c6c1-4331-8a61-08c77d7272a9","SNYK-DEBIAN10-PYTHON27-5423193","2025-01-22T15:43:01.937Z","high"
"0708d6a5-c79a-4f28-9fde-b7126a5c7252","140ad3e4-018f-43f3-a688-0c32f9b341ab","73daab53-c6c1-4331-8a61-08c77d7272a9","SNYK-DEBIAN10-SYSTEMD-3339153","2025-01-22T15:43:01.937Z","high"
"0708d6a5-c79a-4f28-9fde-b7126a5c7252","140ad3e4-018f-43f3-a688-0c32f9b341ab","73daab53-c6c1-4331-8a61-08c77d7272a9","SNYK-DEBIAN10-PIXMAN-3099046","2025-01-22T15:43:01.937Z","high"
"0708d6a5-c79a-4f28-9fde-b7126a5c7252","140ad3e4-018f-43f3-a688-0c32f9b341ab","73daab53-c6c1-4331-8a61-08c77d7272a9","SNYK-DEBIAN10-OPENLDAP-1035359","2025-01-22T15:43:01.937Z","high"
"0708d6a5-c79a-4f28-9fde-b7126a5c7252","140ad3e4-018f-43f3-a688-0c32f9b341ab","73daab53-c6c1-4331-8a61-08c77d7272a9","SNYK-DEBIAN10-LIBX11-608548","2025-01-22T15:43:01.937Z","high"
"0708d6a5-c79a-4f28-9fde-b7126a5c7252","140ad3e4-018f-43f3-a688-0c32f9b341ab","73daab53-c6c1-4331-8a61-08c77d7272a9","SNYK-DEBIAN10-DJVULIBRE-1290633","2025-01-22T15:43:01.937Z","high"
"0708d6a5-c79a-4f28-9fde-b7126a5c7252","140ad3e4-018f-43f3-a688-0c32f9b341ab","73daab53-c6c1-4331-8a61-08c77d7272a9","SNYK-DEBIAN10-MARIADB103-2940573","2025-01-22T15:43:01.937Z","high"
"0708d6a5-c79a-4f28-9fde-b7126a5c7252","140ad3e4-018f-43f3-a688-0c32f9b341ab","73daab53-c6c1-4331-8a61-08c77d7272a9","SNYK-DEBIAN10-LIBXML2-1277349","2025-01-22T15:43:01.937Z","high"
"0708d6a5-c79a-4f28-9fde-b7126a5c7252","140ad3e4-018f-43f3-a688-0c32f9b341ab","73daab53-c6c1-4331-8a61-08c77d7272a9","SNYK-DEBIAN10-FREETYPE-2774652","2025-01-22T15:43:01.937Z","high"
"0708d6a5-c79a-4f28-9fde-b7126a5c7252","140ad3e4-018f-43f3-a688-0c32f9b341ab","73daab53-c6c1-4331-8a61-08c77d7272a9","SNYK-DEBIAN10-MARIADB103-2396512","2025-01-22T15:43:01.937Z","high"
"0708d6a5-c79a-4f28-9fde-b7126a5c7252","140ad3e4-018f-43f3-a688-0c32f9b341ab","73daab53-c6c1-4331-8a61-08c77d7272a9","SNYK-DEBIAN10-EXPAT-3061092","2025-01-22T15:43:01.937Z","high"
"0708d6a5-c79a-4f28-9fde-b7126a5c7252","140ad3e4-018f-43f3-a688-0c32f9b341ab","73daab53-c6c1-4331-8a61-08c77d7272a9","SNYK-DEBIAN10-GNUTLS28-3318300","2025-01-22T15:43:01.937Z","high"
"0708d6a5-c79a-4f28-9fde-b7126a5c7252","140ad3e4-018f-43f3-a688-0c32f9b341ab","73daab53-c6c1-4331-8a61-08c77d7272a9","SNYK-DEBIAN10-POSTGRESQL11-6239518","2025-01-22T15:43:01.937Z","high"
"0708d6a5-c79a-4f28-9fde-b7126a5c7252","140ad3e4-018f-43f3-a688-0c32f9b341ab","73daab53-c6c1-4331-8a61-08c77d7272a9","SNYK-DEBIAN10-MARIADB103-2940568","2025-01-22T15:43:01.937Z","high"
"0708d6a5-c79a-4f28-9fde-b7126a5c7252","140ad3e4-018f-43f3-a688-0c32f9b341ab","73daab53-c6c1-4331-8a61-08c77d7272a9","SNYK-DEBIAN10-IMAGEMAGICK-1246263","2025-01-22T15:43:01.937Z","high"
"0708d6a5-c79a-4f28-9fde-b7126a5c7252","140ad3e4-018f-43f3-a688-0c32f9b341ab","73daab53-c6c1-4331-8a61-08c77d7272a9","SNYK-DEBIAN10-LIBXML2-3059798","2025-01-22T15:43:01.937Z","high"
"0708d6a5-c79a-4f28-9fde-b7126a5c7252","140ad3e4-018f-43f3-a688-0c32f9b341ab","73daab53-c6c1-4331-8a61-08c77d7272a9","SNYK-DEBIAN10-POSTGRESQL11-1040143","2025-01-22T15:43:01.937Z","high"
"0708d6a5-c79a-4f28-9fde-b7126a5c7252","140ad3e4-018f-43f3-a688-0c32f9b341ab","73daab53-c6c1-4331-8a61-08c77d7272a9","SNYK-DEBIAN10-CURL-2805484","2025-01-22T15:43:01.937Z","high"
"0708d6a5-c79a-4f28-9fde-b7126a5c7252","140ad3e4-018f-43f3-a688-0c32f9b341ab","73daab53-c6c1-4331-8a61-08c77d7272a9","SNYK-DEBIAN10-OPENSSL-2933515","2025-01-22T15:43:01.937Z","high"
"0708d6a5-c79a-4f28-9fde-b7126a5c7252","140ad3e4-018f-43f3-a688-0c32f9b341ab","73daab53-c6c1-4331-8a61-08c77d7272a9","SNYK-DEBIAN10-LIBWEBP-5489178","2025-01-22T15:43:01.937Z","high"
"0708d6a5-c79a-4f28-9fde-b7126a5c7252","140ad3e4-018f-43f3-a688-0c32f9b341ab","73daab53-c6c1-4331-8a61-08c77d7272a9","SNYK-DEBIAN10-GIT-2949147","2025-01-22T15:43:01.937Z","high"
"0708d6a5-c79a-4f28-9fde-b7126a5c7252","140ad3e4-018f-43f3-a688-0c32f9b341ab","73daab53-c6c1-4331-8a61-08c77d7272a9","SNYK-UPSTREAM-NODE-1315790","2025-01-22T15:43:01.937Z","high"
"0708d6a5-c79a-4f28-9fde-b7126a5c7252","140ad3e4-018f-43f3-a688-0c32f9b341ab","73daab53-c6c1-4331-8a61-08c77d7272a9","SNYK-DEBIAN10-LIBXML2-3059802","2025-01-22T15:43:01.937Z","high"
"0708d6a5-c79a-4f28-9fde-b7126a5c7252","140ad3e4-018f-43f3-a688-0c32f9b341ab","73daab53-c6c1-4331-8a61-08c77d7272a9","SNYK-DEBIAN10-IMAGEMAGICK-5850024","2025-01-22T15:43:01.937Z","high"
"0708d6a5-c79a-4f28-9fde-b7126a5c7252","140ad3e4-018f-43f3-a688-0c32f9b341ab","73daab53-c6c1-4331-8a61-08c77d7272a9","SNYK-DEBIAN10-LIBDE265-3361566","2025-01-22T15:43:01.937Z","high"
"0708d6a5-c79a-4f28-9fde-b7126a5c7252","140ad3e4-018f-43f3-a688-0c32f9b341ab","73daab53-c6c1-4331-8a61-08c77d7272a9","SNYK-DEBIAN10-EXPAT-2330888","2025-01-22T15:43:01.937Z","high"
"0708d6a5-c79a-4f28-9fde-b7126a5c7252","140ad3e4-018f-43f3-a688-0c32f9b341ab","73daab53-c6c1-4331-8a61-08c77d7272a9","SNYK-DEBIAN10-EXPAT-6227596","2025-01-22T15:43:01.937Z","high"
"0708d6a5-c79a-4f28-9fde-b7126a5c7252","140ad3e4-018f-43f3-a688-0c32f9b341ab","73daab53-c6c1-4331-8a61-08c77d7272a9","SNYK-DEBIAN10-OPENEXR-1318910","2025-01-22T15:43:01.937Z","high"
"0708d6a5-c79a-4f28-9fde-b7126a5c7252","140ad3e4-018f-43f3-a688-0c32f9b341ab","73daab53-c6c1-4331-8a61-08c77d7272a9","SNYK-DEBIAN10-MARIADB103-2766369","2025-01-22T15:43:01.937Z","high"
"0708d6a5-c79a-4f28-9fde-b7126a5c7252","140ad3e4-018f-43f3-a688-0c32f9b341ab","73daab53-c6c1-4331-8a61-08c77d7272a9","SNYK-DEBIAN10-OPENLDAP-1039832","2025-01-22T15:43:01.937Z","high"
"0708d6a5-c79a-4f28-9fde-b7126a5c7252","140ad3e4-018f-43f3-a688-0c32f9b341ab","73daab53-c6c1-4331-8a61-08c77d7272a9","SNYK-DEBIAN10-KRB5-1037638","2025-01-22T15:43:01.937Z","high"
"0708d6a5-c79a-4f28-9fde-b7126a5c7252","140ad3e4-018f-43f3-a688-0c32f9b341ab","73daab53-c6c1-4331-8a61-08c77d7272a9","SNYK-DEBIAN10-GIT-5461946","2025-01-22T15:43:01.937Z","high"
"0708d6a5-c79a-4f28-9fde-b7126a5c7252","140ad3e4-018f-43f3-a688-0c32f9b341ab","73daab53-c6c1-4331-8a61-08c77d7272a9","SNYK-DEBIAN10-OPENEXR-1320028","2025-01-22T15:43:01.937Z","high"
"0708d6a5-c79a-4f28-9fde-b7126a5c7252","140ad3e4-018f-43f3-a688-0c32f9b341ab","73daab53-c6c1-4331-8a61-08c77d7272a9","SNYK-DEBIAN10-NETTLE-1090205","2025-01-22T15:43:01.937Z","high"
"0708d6a5-c79a-4f28-9fde-b7126a5c7252","140ad3e4-018f-43f3-a688-0c32f9b341ab","73daab53-c6c1-4331-8a61-08c77d7272a9","SNYK-DEBIAN10-CURL-3366771","2025-01-22T15:43:01.937Z","high"
"0708d6a5-c79a-4f28-9fde-b7126a5c7252","140ad3e4-018f-43f3-a688-0c32f9b341ab","73daab53-c6c1-4331-8a61-08c77d7272a9","SNYK-DEBIAN10-GLIBC-1065768","2025-01-22T15:43:01.937Z","high"
"0708d6a5-c79a-4f28-9fde-b7126a5c7252","140ad3e4-018f-43f3-a688-0c32f9b341ab","73daab53-c6c1-4331-8a61-08c77d7272a9","SNYK-UPSTREAM-NODE-6252332","2025-01-22T15:43:01.937Z","high"
"0708d6a5-c79a-4f28-9fde-b7126a5c7252","140ad3e4-018f-43f3-a688-0c32f9b341ab","73daab53-c6c1-4331-8a61-08c77d7272a9","SNYK-DEBIAN10-GCC8-347558","2025-01-22T15:43:01.937Z","high"
"0708d6a5-c79a-4f28-9fde-b7126a5c7252","140ad3e4-018f-43f3-a688-0c32f9b341ab","73daab53-c6c1-4331-8a61-08c77d7272a9","SNYK-DEBIAN10-IMAGEMAGICK-1048022","2025-01-22T15:43:01.937Z","high"
"0708d6a5-c79a-4f28-9fde-b7126a5c7252","140ad3e4-018f-43f3-a688-0c32f9b341ab","73daab53-c6c1-4331-8a61-08c77d7272a9","SNYK-DEBIAN10-IMAGEMAGICK-2928992","2025-01-22T15:43:01.937Z","high"
"0708d6a5-c79a-4f28-9fde-b7126a5c7252","140ad3e4-018f-43f3-a688-0c32f9b341ab","73daab53-c6c1-4331-8a61-08c77d7272a9","SNYK-DEBIAN10-GMP-1920939","2025-01-22T15:43:01.937Z","high"
"0708d6a5-c79a-4f28-9fde-b7126a5c7252","140ad3e4-018f-43f3-a688-0c32f9b341ab","73daab53-c6c1-4331-8a61-08c77d7272a9","SNYK-DEBIAN10-EXPAT-3023032","2025-01-22T15:43:01.937Z","high"
"0708d6a5-c79a-4f28-9fde-b7126a5c7252","140ad3e4-018f-43f3-a688-0c32f9b341ab","73daab53-c6c1-4331-8a61-08c77d7272a9","SNYK-DEBIAN10-POSTGRESQL11-2980115","2025-01-22T15:43:01.937Z","high"
"0708d6a5-c79a-4f28-9fde-b7126a5c7252","140ad3e4-018f-43f3-a688-0c32f9b341ab","73daab53-c6c1-4331-8a61-08c77d7272a9","SNYK-DEBIAN10-DJVULIBRE-1278421","2025-01-22T15:43:01.937Z","high"
"0708d6a5-c79a-4f28-9fde-b7126a5c7252","140ad3e4-018f-43f3-a688-0c32f9b341ab","73daab53-c6c1-4331-8a61-08c77d7272a9","SNYK-DEBIAN10-OPENSSL-1569406","2025-01-22T15:43:01.937Z","high"
"0708d6a5-c79a-4f28-9fde-b7126a5c7252","140ad3e4-018f-43f3-a688-0c32f9b341ab","73daab53-c6c1-4331-8a61-08c77d7272a9","SNYK-DEBIAN10-ZLIB-2433934","2025-01-22T15:43:01.937Z","high"
"0708d6a5-c79a-4f28-9fde-b7126a5c7252","140ad3e4-018f-43f3-a688-0c32f9b341ab","73daab53-c6c1-4331-8a61-08c77d7272a9","SNYK-DEBIAN10-SQLITE3-540471","2025-01-22T15:43:01.937Z","high"
"0708d6a5-c79a-4f28-9fde-b7126a5c7252","140ad3e4-018f-43f3-a688-0c32f9b341ab","73daab53-c6c1-4331-8a61-08c77d7272a9","SNYK-DEBIAN10-LIBDE265-3227415","2025-01-22T15:43:01.937Z","high"
"0708d6a5-c79a-4f28-9fde-b7126a5c7252","140ad3e4-018f-43f3-a688-0c32f9b341ab","73daab53-c6c1-4331-8a61-08c77d7272a9","SNYK-DEBIAN10-EXPAT-2406126","2025-01-22T15:43:01.937Z","high"
"0708d6a5-c79a-4f28-9fde-b7126a5c7252","140ad3e4-018f-43f3-a688-0c32f9b341ab","73daab53-c6c1-4331-8a61-08c77d7272a9","SNYK-DEBIAN10-OPENLDAP-1064754","2025-01-22T15:43:01.937Z","high"
"0708d6a5-c79a-4f28-9fde-b7126a5c7252","140ad3e4-018f-43f3-a688-0c32f9b341ab","73daab53-c6c1-4331-8a61-08c77d7272a9","SNYK-DEBIAN10-CURL-2813757","2025-01-22T15:43:01.937Z","high"
"0708d6a5-c79a-4f28-9fde-b7126a5c7252","140ad3e4-018f-43f3-a688-0c32f9b341ab","73daab53-c6c1-4331-8a61-08c77d7272a9","SNYK-DEBIAN10-GIT-3319755","2025-01-22T15:43:01.937Z","high"
"0708d6a5-c79a-4f28-9fde-b7126a5c7252","140ad3e4-018f-43f3-a688-0c32f9b341ab","73daab53-c6c1-4331-8a61-08c77d7272a9","SNYK-DEBIAN10-TIFF-5747604","2025-01-22T15:43:01.937Z","high"
"0708d6a5-c79a-4f28-9fde-b7126a5c7252","140ad3e4-018f-43f3-a688-0c32f9b341ab","73daab53-c6c1-4331-8a61-08c77d7272a9","SNYK-DEBIAN10-PYTHON27-584372","2025-01-22T15:43:01.937Z","high"
"0708d6a5-c79a-4f28-9fde-b7126a5c7252","140ad3e4-018f-43f3-a688-0c32f9b341ab","73daab53-c6c1-4331-8a61-08c77d7272a9","SNYK-UPSTREAM-NODE-6564548","2025-01-22T15:43:01.937Z","high"
"0708d6a5-c79a-4f28-9fde-b7126a5c7252","140ad3e4-018f-43f3-a688-0c32f9b341ab","73daab53-c6c1-4331-8a61-08c77d7272a9","SNYK-DEBIAN10-KRB5-3120879","2025-01-22T15:43:01.937Z","high"
"0708d6a5-c79a-4f28-9fde-b7126a5c7252","140ad3e4-018f-43f3-a688-0c32f9b341ab","73daab53-c6c1-4331-8a61-08c77d7272a9","SNYK-DEBIAN10-GLIBC-559493","2025-01-22T15:43:01.937Z","high"
"0708d6a5-c79a-4f28-9fde-b7126a5c7252","140ad3e4-018f-43f3-a688-0c32f9b341ab","73daab53-c6c1-4331-8a61-08c77d7272a9","SNYK-DEBIAN10-DJVULIBRE-1290629","2025-01-22T15:43:01.937Z","high"
"0708d6a5-c79a-4f28-9fde-b7126a5c7252","140ad3e4-018f-43f3-a688-0c32f9b341ab","73daab53-c6c1-4331-8a61-08c77d7272a9","SNYK-DEBIAN10-UNBOUND-6245698","2025-01-22T15:43:01.937Z","high"
"0708d6a5-c79a-4f28-9fde-b7126a5c7252","140ad3e4-018f-43f3-a688-0c32f9b341ab","73daab53-c6c1-4331-8a61-08c77d7272a9","SNYK-DEBIAN10-LIBXSLT-2964221","2025-01-22T15:43:01.937Z","high"
"0708d6a5-c79a-4f28-9fde-b7126a5c7252","140ad3e4-018f-43f3-a688-0c32f9b341ab","73daab53-c6c1-4331-8a61-08c77d7272a9","SNYK-DEBIAN10-NETTLE-1301269","2025-01-22T15:43:01.937Z","high"
"0708d6a5-c79a-4f28-9fde-b7126a5c7252","140ad3e4-018f-43f3-a688-0c32f9b341ab","73daab53-c6c1-4331-8a61-08c77d7272a9","SNYK-DEBIAN10-SUBVERSION-1071814","2025-01-22T15:43:01.937Z","high"
"0708d6a5-c79a-4f28-9fde-b7126a5c7252","140ad3e4-018f-43f3-a688-0c32f9b341ab","73daab53-c6c1-4331-8a61-08c77d7272a9","SNYK-DEBIAN10-TIFF-2420604","2025-01-22T15:43:01.937Z","high"
"0708d6a5-c79a-4f28-9fde-b7126a5c7252","140ad3e4-018f-43f3-a688-0c32f9b341ab","73daab53-c6c1-4331-8a61-08c77d7272a9","SNYK-DEBIAN10-PYTHON37-2764966","2025-01-22T15:43:01.937Z","high"
"0708d6a5-c79a-4f28-9fde-b7126a5c7252","140ad3e4-018f-43f3-a688-0c32f9b341ab","73daab53-c6c1-4331-8a61-08c77d7272a9","SNYK-DEBIAN10-PYTHON37-1013422","2025-01-22T15:43:01.937Z","high"
"0708d6a5-c79a-4f28-9fde-b7126a5c7252","140ad3e4-018f-43f3-a688-0c32f9b341ab","73daab53-c6c1-4331-8a61-08c77d7272a9","SNYK-DEBIAN10-LIBXML2-429565","2025-01-22T15:43:01.937Z","high"
"0708d6a5-c79a-4f28-9fde-b7126a5c7252","140ad3e4-018f-43f3-a688-0c32f9b341ab","73daab53-c6c1-4331-8a61-08c77d7272a9","SNYK-DEBIAN10-NGHTTP2-1584531","2025-01-22T15:43:01.937Z","high"
"0708d6a5-c79a-4f28-9fde-b7126a5c7252","140ad3e4-018f-43f3-a688-0c32f9b341ab","73daab53-c6c1-4331-8a61-08c77d7272a9","SNYK-DEBIAN10-CURL-573151","2025-01-22T15:43:01.937Z","high"
"0708d6a5-c79a-4f28-9fde-b7126a5c7252","140ad3e4-018f-43f3-a688-0c32f9b341ab","73daab53-c6c1-4331-8a61-08c77d7272a9","SNYK-DEBIAN10-MARIADB103-2766279","2025-01-22T15:43:01.937Z","high"
"0708d6a5-c79a-4f28-9fde-b7126a5c7252","140ad3e4-018f-43f3-a688-0c32f9b341ab","73daab53-c6c1-4331-8a61-08c77d7272a9","SNYK-DEBIAN10-IMAGEMAGICK-1246512","2025-01-22T15:43:01.937Z","high"
"0708d6a5-c79a-4f28-9fde-b7126a5c7252","140ad3e4-018f-43f3-a688-0c32f9b341ab","73daab53-c6c1-4331-8a61-08c77d7272a9","SNYK-DEBIAN10-GIT-6846199","2025-01-22T15:43:01.937Z","high"
"0708d6a5-c79a-4f28-9fde-b7126a5c7252","140ad3e4-018f-43f3-a688-0c32f9b341ab","73daab53-c6c1-4331-8a61-08c77d7272a9","SNYK-DEBIAN10-CURL-573153","2025-01-22T15:43:01.937Z","high"
"0708d6a5-c79a-4f28-9fde-b7126a5c7252","140ad3e4-018f-43f3-a688-0c32f9b341ab","73daab53-c6c1-4331-8a61-08c77d7272a9","SNYK-DEBIAN10-MARIADB103-2766314","2025-01-22T15:43:01.937Z","high"
"0708d6a5-c79a-4f28-9fde-b7126a5c7252","140ad3e4-018f-43f3-a688-0c32f9b341ab","73daab53-c6c1-4331-8a61-08c77d7272a9","SNYK-DEBIAN10-P11KIT-1050836","2025-01-22T15:43:01.937Z","high"
"0708d6a5-c79a-4f28-9fde-b7126a5c7252","140ad3e4-018f-43f3-a688-0c32f9b341ab","73daab53-c6c1-4331-8a61-08c77d7272a9","SNYK-DEBIAN10-SYSTEMD-6277511","2025-01-22T15:43:01.937Z","high"
"0708d6a5-c79a-4f28-9fde-b7126a5c7252","140ad3e4-018f-43f3-a688-0c32f9b341ab","73daab53-c6c1-4331-8a61-08c77d7272a9","SNYK-DEBIAN10-POSTGRESQL11-598395","2025-01-22T15:43:01.937Z","high"
"0708d6a5-c79a-4f28-9fde-b7126a5c7252","140ad3e4-018f-43f3-a688-0c32f9b341ab","73daab53-c6c1-4331-8a61-08c77d7272a9","SNYK-UPSTREAM-NODE-1315789","2025-01-22T15:43:01.937Z","high"
"0708d6a5-c79a-4f28-9fde-b7126a5c7252","140ad3e4-018f-43f3-a688-0c32f9b341ab","73daab53-c6c1-4331-8a61-08c77d7272a9","SNYK-DEBIAN10-PYTHON37-3017604","2025-01-22T15:43:01.937Z","high"
"0708d6a5-c79a-4f28-9fde-b7126a5c7252","140ad3e4-018f-43f3-a688-0c32f9b341ab","73daab53-c6c1-4331-8a61-08c77d7272a9","SNYK-DEBIAN10-MARIADB103-2389282","2025-01-22T15:43:01.937Z","high"
"0708d6a5-c79a-4f28-9fde-b7126a5c7252","140ad3e4-018f-43f3-a688-0c32f9b341ab","73daab53-c6c1-4331-8a61-08c77d7272a9","SNYK-UPSTREAM-NODE-1040499","2025-01-22T15:43:01.937Z","high"
"0708d6a5-c79a-4f28-9fde-b7126a5c7252","140ad3e4-018f-43f3-a688-0c32f9b341ab","73daab53-c6c1-4331-8a61-08c77d7272a9","SNYK-DEBIAN10-KRB5-7411318","2025-01-22T15:43:01.937Z","high"
"0708d6a5-c79a-4f28-9fde-b7126a5c7252","140ad3e4-018f-43f3-a688-0c32f9b341ab","73daab53-c6c1-4331-8a61-08c77d7272a9","SNYK-DEBIAN10-LIBXML2-542929","2025-01-22T15:43:01.937Z","high"
"0708d6a5-c79a-4f28-9fde-b7126a5c7252","140ad3e4-018f-43f3-a688-0c32f9b341ab","73daab53-c6c1-4331-8a61-08c77d7272a9","SNYK-DEBIAN10-OPENSSL-3314607","2025-01-22T15:43:01.937Z","high"
"0708d6a5-c79a-4f28-9fde-b7126a5c7252","140ad3e4-018f-43f3-a688-0c32f9b341ab","73daab53-c6c1-4331-8a61-08c77d7272a9","SNYK-DEBIAN10-UNBOUND-3028989","2025-01-22T15:43:01.937Z","high"
"0708d6a5-c79a-4f28-9fde-b7126a5c7252","140ad3e4-018f-43f3-a688-0c32f9b341ab","73daab53-c6c1-4331-8a61-08c77d7272a9","SNYK-DEBIAN10-PYTHON27-5423202","2025-01-22T15:43:01.937Z","high"
"0708d6a5-c79a-4f28-9fde-b7126a5c7252","140ad3e4-018f-43f3-a688-0c32f9b341ab","73daab53-c6c1-4331-8a61-08c77d7272a9","SNYK-DEBIAN10-MARIADB103-1087462","2025-01-22T15:43:01.937Z","high"
"0708d6a5-c79a-4f28-9fde-b7126a5c7252","140ad3e4-018f-43f3-a688-0c32f9b341ab","73daab53-c6c1-4331-8a61-08c77d7272a9","SNYK-DEBIAN10-MARIADB103-2766287","2025-01-22T15:43:01.937Z","high"
"0708d6a5-c79a-4f28-9fde-b7126a5c7252","140ad3e4-018f-43f3-a688-0c32f9b341ab","73daab53-c6c1-4331-8a61-08c77d7272a9","SNYK-DEBIAN10-PYTHON27-5423207","2025-01-22T15:43:01.937Z","high"
"0708d6a5-c79a-4f28-9fde-b7126a5c7252","140ad3e4-018f-43f3-a688-0c32f9b341ab","73daab53-c6c1-4331-8a61-08c77d7272a9","SNYK-DEBIAN10-EXPAT-2384929","2025-01-22T15:43:01.937Z","high"
"0708d6a5-c79a-4f28-9fde-b7126a5c7252","140ad3e4-018f-43f3-a688-0c32f9b341ab","73daab53-c6c1-4331-8a61-08c77d7272a9","SNYK-DEBIAN10-EXPAT-2331795","2025-01-22T15:43:01.937Z","high"
"0708d6a5-c79a-4f28-9fde-b7126a5c7252","140ad3e4-018f-43f3-a688-0c32f9b341ab","73daab53-c6c1-4331-8a61-08c77d7272a9","SNYK-DEBIAN10-GIT-2635966","2025-01-22T15:43:01.937Z","high"
"0708d6a5-c79a-4f28-9fde-b7126a5c7252","140ad3e4-018f-43f3-a688-0c32f9b341ab","73daab53-c6c1-4331-8a61-08c77d7272a9","SNYK-UPSTREAM-NODE-6252328","2025-01-22T15:43:01.937Z","high"
"0708d6a5-c79a-4f28-9fde-b7126a5c7252","140ad3e4-018f-43f3-a688-0c32f9b341ab","73daab53-c6c1-4331-8a61-08c77d7272a9","SNYK-DEBIAN10-IMAGEMAGICK-2812516","2025-01-22T15:43:01.937Z","high"
"0708d6a5-c79a-4f28-9fde-b7126a5c7252","140ad3e4-018f-43f3-a688-0c32f9b341ab","73daab53-c6c1-4331-8a61-08c77d7272a9","SNYK-DEBIAN10-MARIADB103-2766401","2025-01-22T15:43:01.937Z","high"
"0708d6a5-c79a-4f28-9fde-b7126a5c7252","140ad3e4-018f-43f3-a688-0c32f9b341ab","73daab53-c6c1-4331-8a61-08c77d7272a9","SNYK-DEBIAN10-SQLITE3-539773","2025-01-22T15:43:01.937Z","high"
"0708d6a5-c79a-4f28-9fde-b7126a5c7252","140ad3e4-018f-43f3-a688-0c32f9b341ab","73daab53-c6c1-4331-8a61-08c77d7272a9","SNYK-DEBIAN10-OPENLDAP-1064733","2025-01-22T15:43:01.937Z","high"
"0708d6a5-c79a-4f28-9fde-b7126a5c7252","140ad3e4-018f-43f3-a688-0c32f9b341ab","73daab53-c6c1-4331-8a61-08c77d7272a9","SNYK-DEBIAN10-TIFF-6190611","2025-01-22T15:43:01.937Z","high"
"0708d6a5-c79a-4f28-9fde-b7126a5c7252","140ad3e4-018f-43f3-a688-0c32f9b341ab","73daab53-c6c1-4331-8a61-08c77d7272a9","SNYK-DEBIAN10-GIT-1577271","2025-01-22T15:43:01.937Z","high"
"0708d6a5-c79a-4f28-9fde-b7126a5c7252","140ad3e4-018f-43f3-a688-0c32f9b341ab","73daab53-c6c1-4331-8a61-08c77d7272a9","SNYK-UPSTREAM-NODE-1534880","2025-01-22T15:43:01.937Z","high"
"0708d6a5-c79a-4f28-9fde-b7126a5c7252","140ad3e4-018f-43f3-a688-0c32f9b341ab","73daab53-c6c1-4331-8a61-08c77d7272a9","SNYK-DEBIAN10-EXPAT-2331820","2025-01-22T15:43:01.937Z","high"
"0708d6a5-c79a-4f28-9fde-b7126a5c7252","140ad3e4-018f-43f3-a688-0c32f9b341ab","73daab53-c6c1-4331-8a61-08c77d7272a9","SNYK-DEBIAN10-OPENLDAP-1064746","2025-01-22T15:43:01.937Z","high"
"0708d6a5-c79a-4f28-9fde-b7126a5c7252","140ad3e4-018f-43f3-a688-0c32f9b341ab","73daab53-c6c1-4331-8a61-08c77d7272a9","SNYK-DEBIAN10-OPENJPEG2-1047355","2025-01-22T15:43:01.937Z","high"
"0708d6a5-c79a-4f28-9fde-b7126a5c7252","140ad3e4-018f-43f3-a688-0c32f9b341ab","73daab53-c6c1-4331-8a61-08c77d7272a9","SNYK-DEBIAN10-TIFF-1078789","2025-01-22T15:43:01.937Z","high"
"0708d6a5-c79a-4f28-9fde-b7126a5c7252","140ad3e4-018f-43f3-a688-0c32f9b341ab","73daab53-c6c1-4331-8a61-08c77d7272a9","SNYK-DEBIAN10-POSTGRESQL11-598393","2025-01-22T15:43:01.937Z","high"
"0708d6a5-c79a-4f28-9fde-b7126a5c7252","140ad3e4-018f-43f3-a688-0c32f9b341ab","73daab53-c6c1-4331-8a61-08c77d7272a9","SNYK-DEBIAN10-MARIADB103-2766301","2025-01-22T15:43:01.937Z","high"
"0708d6a5-c79a-4f28-9fde-b7126a5c7252","140ad3e4-018f-43f3-a688-0c32f9b341ab","73daab53-c6c1-4331-8a61-08c77d7272a9","SNYK-DEBIAN10-OPENSSL-3368736","2025-01-22T15:43:01.937Z","high"
"0708d6a5-c79a-4f28-9fde-b7126a5c7252","140ad3e4-018f-43f3-a688-0c32f9b341ab","73daab53-c6c1-4331-8a61-08c77d7272a9","SNYK-DEBIAN10-OPENLDAP-1064721","2025-01-22T15:43:01.937Z","high"
"0708d6a5-c79a-4f28-9fde-b7126a5c7252","140ad3e4-018f-43f3-a688-0c32f9b341ab","73daab53-c6c1-4331-8a61-08c77d7272a9","SNYK-DEBIAN10-CURL-1049506","2025-01-22T15:43:01.937Z","high"
"0708d6a5-c79a-4f28-9fde-b7126a5c7252","140ad3e4-018f-43f3-a688-0c32f9b341ab","73daab53-c6c1-4331-8a61-08c77d7272a9","SNYK-DEBIAN10-SUBVERSION-2635642","2025-01-22T15:43:01.937Z","high"
"0708d6a5-c79a-4f28-9fde-b7126a5c7252","140ad3e4-018f-43f3-a688-0c32f9b341ab","73daab53-c6c1-4331-8a61-08c77d7272a9","SNYK-DEBIAN10-LIBDE265-3342947","2025-01-22T15:43:01.937Z","high"
"0708d6a5-c79a-4f28-9fde-b7126a5c7252","140ad3e4-018f-43f3-a688-0c32f9b341ab","73daab53-c6c1-4331-8a61-08c77d7272a9","SNYK-UPSTREAM-NODE-5811867","2025-01-22T15:43:01.937Z","high"
"0708d6a5-c79a-4f28-9fde-b7126a5c7252","140ad3e4-018f-43f3-a688-0c32f9b341ab","73daab53-c6c1-4331-8a61-08c77d7272a9","SNYK-DEBIAN10-MARIADB103-2766378","2025-01-22T15:43:01.937Z","high"
"0708d6a5-c79a-4f28-9fde-b7126a5c7252","140ad3e4-018f-43f3-a688-0c32f9b341ab","73daab53-c6c1-4331-8a61-08c77d7272a9","SNYK-DEBIAN10-MARIADB103-2766361","2025-01-22T15:43:01.937Z","high"
"0708d6a5-c79a-4f28-9fde-b7126a5c7252","140ad3e4-018f-43f3-a688-0c32f9b341ab","73daab53-c6c1-4331-8a61-08c77d7272a9","SNYK-DEBIAN10-MARIADB103-2766430","2025-01-22T15:43:01.937Z","high"
"0708d6a5-c79a-4f28-9fde-b7126a5c7252","140ad3e4-018f-43f3-a688-0c32f9b341ab","73daab53-c6c1-4331-8a61-08c77d7272a9","SNYK-DEBIAN10-CURL-1049502","2025-01-22T15:43:01.937Z","high"
"0708d6a5-c79a-4f28-9fde-b7126a5c7252","140ad3e4-018f-43f3-a688-0c32f9b341ab","73daab53-c6c1-4331-8a61-08c77d7272a9","SNYK-DEBIAN10-PYTHON37-3111114","2025-01-22T15:43:01.937Z","high"
"0708d6a5-c79a-4f28-9fde-b7126a5c7252","140ad3e4-018f-43f3-a688-0c32f9b341ab","73daab53-c6c1-4331-8a61-08c77d7272a9","SNYK-DEBIAN10-PYTHON27-5853784","2025-01-22T15:43:01.937Z","high"
"0708d6a5-c79a-4f28-9fde-b7126a5c7252","140ad3e4-018f-43f3-a688-0c32f9b341ab","73daab53-c6c1-4331-8a61-08c77d7272a9","SNYK-DEBIAN10-LIBWEBP-5893093","2025-01-22T15:43:01.937Z","high"
"0708d6a5-c79a-4f28-9fde-b7126a5c7252","140ad3e4-018f-43f3-a688-0c32f9b341ab","73daab53-c6c1-4331-8a61-08c77d7272a9","SNYK-DEBIAN10-POSTGRESQL11-6055646","2025-01-22T15:43:01.937Z","high"
"0708d6a5-c79a-4f28-9fde-b7126a5c7252","140ad3e4-018f-43f3-a688-0c32f9b341ab","73daab53-c6c1-4331-8a61-08c77d7272a9","SNYK-DEBIAN10-LIBXML2-2413976","2025-01-22T15:43:01.937Z","high"
"0708d6a5-c79a-4f28-9fde-b7126a5c7252","140ad3e4-018f-43f3-a688-0c32f9b341ab","73daab53-c6c1-4331-8a61-08c77d7272a9","SNYK-UPSTREAM-NODE-2332186","2025-01-22T15:43:01.937Z","high"
"0708d6a5-c79a-4f28-9fde-b7126a5c7252","140ad3e4-018f-43f3-a688-0c32f9b341ab","73daab53-c6c1-4331-8a61-08c77d7272a9","SNYK-DEBIAN10-LIBSSH2-474372","2025-01-22T15:43:01.937Z","high"
"0708d6a5-c79a-4f28-9fde-b7126a5c7252","140ad3e4-018f-43f3-a688-0c32f9b341ab","73daab53-c6c1-4331-8a61-08c77d7272a9","SNYK-DEBIAN10-DJVULIBRE-1290628","2025-01-22T15:43:01.937Z","high"
"0708d6a5-c79a-4f28-9fde-b7126a5c7252","140ad3e4-018f-43f3-a688-0c32f9b341ab","73daab53-c6c1-4331-8a61-08c77d7272a9","SNYK-DEBIAN10-FREETYPE-2774657","2025-01-22T15:43:01.937Z","high"
"0708d6a5-c79a-4f28-9fde-b7126a5c7252","140ad3e4-018f-43f3-a688-0c32f9b341ab","73daab53-c6c1-4331-8a61-08c77d7272a9","SNYK-DEBIAN10-PCRE2-548863","2025-01-22T15:43:01.937Z","high"
"0708d6a5-c79a-4f28-9fde-b7126a5c7252","140ad3e4-018f-43f3-a688-0c32f9b341ab","73daab53-c6c1-4331-8a61-08c77d7272a9","SNYK-DEBIAN10-SYSTEMD-6277513","2025-01-22T15:43:01.937Z","high"
"0708d6a5-c79a-4f28-9fde-b7126a5c7252","140ad3e4-018f-43f3-a688-0c32f9b341ab","73daab53-c6c1-4331-8a61-08c77d7272a9","SNYK-DEBIAN10-MARIADB103-2940586","2025-01-22T15:43:01.937Z","high"
"0708d6a5-c79a-4f28-9fde-b7126a5c7252","140ad3e4-018f-43f3-a688-0c32f9b341ab","73daab53-c6c1-4331-8a61-08c77d7272a9","SNYK-DEBIAN10-LIBXML2-1277346","2025-01-22T15:43:01.937Z","high"
"0708d6a5-c79a-4f28-9fde-b7126a5c7252","140ad3e4-018f-43f3-a688-0c32f9b341ab","73daab53-c6c1-4331-8a61-08c77d7272a9","SNYK-DEBIAN10-IMAGEMAGICK-2928990","2025-01-22T15:43:01.937Z","high"
"0708d6a5-c79a-4f28-9fde-b7126a5c7252","140ad3e4-018f-43f3-a688-0c32f9b341ab","73daab53-c6c1-4331-8a61-08c77d7272a9","SNYK-DEBIAN10-NGHTTP2-5953390","2025-01-22T15:43:01.937Z","high"
"0708d6a5-c79a-4f28-9fde-b7126a5c7252","140ad3e4-018f-43f3-a688-0c32f9b341ab","73daab53-c6c1-4331-8a61-08c77d7272a9","SNYK-DEBIAN10-OPENJPEG2-543666","2025-01-22T15:43:01.937Z","high"
"0708d6a5-c79a-4f28-9fde-b7126a5c7252","140ad3e4-018f-43f3-a688-0c32f9b341ab","73daab53-c6c1-4331-8a61-08c77d7272a9","SNYK-DEBIAN10-LIBSSH2-5861759","2025-01-22T15:43:01.937Z","high"
"0708d6a5-c79a-4f28-9fde-b7126a5c7252","140ad3e4-018f-43f3-a688-0c32f9b341ab","73daab53-c6c1-4331-8a61-08c77d7272a9","SNYK-DEBIAN10-OPENSSL-3314606","2025-01-22T15:43:01.937Z","high"
"0708d6a5-c79a-4f28-9fde-b7126a5c7252","140ad3e4-018f-43f3-a688-0c32f9b341ab","73daab53-c6c1-4331-8a61-08c77d7272a9","SNYK-UPSTREAM-NODE-1243765","2025-01-22T15:43:01.937Z","high"
"0708d6a5-c79a-4f28-9fde-b7126a5c7252","140ad3e4-018f-43f3-a688-0c32f9b341ab","73daab53-c6c1-4331-8a61-08c77d7272a9","SNYK-DEBIAN10-LIBXML2-542927","2025-01-22T15:43:01.937Z","high"
"0708d6a5-c79a-4f28-9fde-b7126a5c7252","140ad3e4-018f-43f3-a688-0c32f9b341ab","73daab53-c6c1-4331-8a61-08c77d7272a9","SNYK-DEBIAN10-SQLITE3-3011631","2025-01-22T15:43:01.937Z","high"
"0708d6a5-c79a-4f28-9fde-b7126a5c7252","140ad3e4-018f-43f3-a688-0c32f9b341ab","73daab53-c6c1-4331-8a61-08c77d7272a9","SNYK-UPSTREAM-NODE-1055465","2025-01-22T15:43:01.937Z","high"
"0708d6a5-c79a-4f28-9fde-b7126a5c7252","140ad3e4-018f-43f3-a688-0c32f9b341ab","73daab53-c6c1-4331-8a61-08c77d7272a9","SNYK-DEBIAN10-POSTGRESQL11-2824083","2025-01-22T15:43:01.937Z","high"
"0708d6a5-c79a-4f28-9fde-b7126a5c7252","140ad3e4-018f-43f3-a688-0c32f9b341ab","73daab53-c6c1-4331-8a61-08c77d7272a9","SNYK-DEBIAN10-IMAGEMAGICK-2928986","2025-01-22T15:43:01.937Z","high"
"0708d6a5-c79a-4f28-9fde-b7126a5c7252","140ad3e4-018f-43f3-a688-0c32f9b341ab","73daab53-c6c1-4331-8a61-08c77d7272a9","SNYK-DEBIAN10-PYTHON37-1570178","2025-01-22T15:43:01.937Z","high"
"0708d6a5-c79a-4f28-9fde-b7126a5c7252","140ad3e4-018f-43f3-a688-0c32f9b341ab","73daab53-c6c1-4331-8a61-08c77d7272a9","SNYK-DEBIAN10-LIBDE265-3336915","2025-01-22T15:43:01.937Z","high"
"0708d6a5-c79a-4f28-9fde-b7126a5c7252","140ad3e4-018f-43f3-a688-0c32f9b341ab","73daab53-c6c1-4331-8a61-08c77d7272a9","SNYK-DEBIAN10-LIBJPEGTURBO-480829","2025-01-22T15:43:01.937Z","high"
"0708d6a5-c79a-4f28-9fde-b7126a5c7252","140ad3e4-018f-43f3-a688-0c32f9b341ab","73daab53-c6c1-4331-8a61-08c77d7272a9","SNYK-DEBIAN10-LIBX11-5710890","2025-01-22T15:43:01.937Z","high"
"0708d6a5-c79a-4f28-9fde-b7126a5c7252","140ad3e4-018f-43f3-a688-0c32f9b341ab","73daab53-c6c1-4331-8a61-08c77d7272a9","SNYK-DEBIAN10-LIBDE265-6105345","2025-01-22T15:43:01.937Z","high"
"0708d6a5-c79a-4f28-9fde-b7126a5c7252","140ad3e4-018f-43f3-a688-0c32f9b341ab","73daab53-c6c1-4331-8a61-08c77d7272a9","SNYK-DEBIAN10-P11KIT-1050833","2025-01-22T15:43:01.937Z","high"
"0708d6a5-c79a-4f28-9fde-b7126a5c7252","140ad3e4-018f-43f3-a688-0c32f9b341ab","73daab53-c6c1-4331-8a61-08c77d7272a9","SNYK-DEBIAN10-GIT-5461944","2025-01-22T15:43:01.937Z","high"
"0708d6a5-c79a-4f28-9fde-b7126a5c7252","140ad3e4-018f-43f3-a688-0c32f9b341ab","73daab53-c6c1-4331-8a61-08c77d7272a9","SNYK-DEBIAN10-LIBDE265-6105363","2025-01-22T15:43:01.937Z","high"
"0708d6a5-c79a-4f28-9fde-b7126a5c7252","140ad3e4-018f-43f3-a688-0c32f9b341ab","73daab53-c6c1-4331-8a61-08c77d7272a9","SNYK-DEBIAN10-OPENJPEG2-541531","2025-01-22T15:43:01.937Z","high"
"0708d6a5-c79a-4f28-9fde-b7126a5c7252","140ad3e4-018f-43f3-a688-0c32f9b341ab","73daab53-c6c1-4331-8a61-08c77d7272a9","SNYK-DEBIAN10-LIBXML2-539775","2025-01-22T15:43:01.937Z","high"
"0708d6a5-c79a-4f28-9fde-b7126a5c7252","140ad3e4-018f-43f3-a688-0c32f9b341ab","73daab53-c6c1-4331-8a61-08c77d7272a9","SNYK-DEBIAN10-IMAGEMAGICK-1042774","2025-01-22T15:43:01.937Z","high"
"0708d6a5-c79a-4f28-9fde-b7126a5c7252","140ad3e4-018f-43f3-a688-0c32f9b341ab","73daab53-c6c1-4331-8a61-08c77d7272a9","SNYK-DEBIAN10-GLIB20-1075027","2025-01-22T15:43:01.937Z","high"
"0708d6a5-c79a-4f28-9fde-b7126a5c7252","140ad3e4-018f-43f3-a688-0c32f9b341ab","73daab53-c6c1-4331-8a61-08c77d7272a9","SNYK-DEBIAN10-DJVULIBRE-1290638","2025-01-22T15:43:01.937Z","high"
"0708d6a5-c79a-4f28-9fde-b7126a5c7252","140ad3e4-018f-43f3-a688-0c32f9b341ab","73daab53-c6c1-4331-8a61-08c77d7272a9","SNYK-DEBIAN10-POSTGRESQL11-5838230","2025-01-22T15:43:01.937Z","high"
"0708d6a5-c79a-4f28-9fde-b7126a5c7252","140ad3e4-018f-43f3-a688-0c32f9b341ab","73daab53-c6c1-4331-8a61-08c77d7272a9","SNYK-UPSTREAM-NODE-1540540","2025-01-22T15:43:01.937Z","high"
"0708d6a5-c79a-4f28-9fde-b7126a5c7252","140ad3e4-018f-43f3-a688-0c32f9b341ab","73daab53-c6c1-4331-8a61-08c77d7272a9","SNYK-DEBIAN10-OPENLDAP-1064744","2025-01-22T15:43:01.937Z","high"
"0708d6a5-c79a-4f28-9fde-b7126a5c7252","140ad3e4-018f-43f3-a688-0c32f9b341ab","73daab53-c6c1-4331-8a61-08c77d7272a9","SNYK-DEBIAN10-OPENLDAP-1039835","2025-01-22T15:43:01.937Z","high"
"0708d6a5-c79a-4f28-9fde-b7126a5c7252","140ad3e4-018f-43f3-a688-0c32f9b341ab","73daab53-c6c1-4331-8a61-08c77d7272a9","SNYK-DEBIAN10-POSTGRESQL11-1292094","2025-01-22T15:43:01.937Z","high"
"0708d6a5-c79a-4f28-9fde-b7126a5c7252","140ad3e4-018f-43f3-a688-0c32f9b341ab","73daab53-c6c1-4331-8a61-08c77d7272a9","SNYK-DEBIAN10-LIBWEBP-1289557","2025-01-22T15:43:01.937Z","high"
"0708d6a5-c79a-4f28-9fde-b7126a5c7252","140ad3e4-018f-43f3-a688-0c32f9b341ab","73daab53-c6c1-4331-8a61-08c77d7272a9","SNYK-DEBIAN10-PYTHON27-2764959","2025-01-22T15:43:01.937Z","high"
"0708d6a5-c79a-4f28-9fde-b7126a5c7252","140ad3e4-018f-43f3-a688-0c32f9b341ab","73daab53-c6c1-4331-8a61-08c77d7272a9","SNYK-DEBIAN10-OPENLDAP-1064752","2025-01-22T15:43:01.937Z","high"
"0708d6a5-c79a-4f28-9fde-b7126a5c7252","140ad3e4-018f-43f3-a688-0c32f9b341ab","73daab53-c6c1-4331-8a61-08c77d7272a9","SNYK-DEBIAN10-UNBOUND-6245704","2025-01-22T15:43:01.937Z","high"
"0708d6a5-c79a-4f28-9fde-b7126a5c7252","140ad3e4-018f-43f3-a688-0c32f9b341ab","73daab53-c6c1-4331-8a61-08c77d7272a9","SNYK-DEBIAN10-GZIP-2444259","2025-01-22T15:43:01.937Z","high"
"0708d6a5-c79a-4f28-9fde-b7126a5c7252","140ad3e4-018f-43f3-a688-0c32f9b341ab","73daab53-c6c1-4331-8a61-08c77d7272a9","SNYK-DEBIAN10-POSTGRESQL11-1040145","2025-01-22T15:43:01.937Z","high"
"0708d6a5-c79a-4f28-9fde-b7126a5c7252","140ad3e4-018f-43f3-a688-0c32f9b341ab","73daab53-c6c1-4331-8a61-08c77d7272a9","SNYK-DEBIAN10-SQLITE3-570494","2025-01-22T15:43:01.937Z","high"
"0708d6a5-c79a-4f28-9fde-b7126a5c7252","140ad3e4-018f-43f3-a688-0c32f9b341ab","73daab53-c6c1-4331-8a61-08c77d7272a9","SNYK-DEBIAN10-LIBDE265-6070697","2025-01-22T15:43:01.937Z","high"
"0708d6a5-c79a-4f28-9fde-b7126a5c7252","140ad3e4-018f-43f3-a688-0c32f9b341ab","73daab53-c6c1-4331-8a61-08c77d7272a9","SNYK-DEBIAN10-OPENSSL-2807585","2025-01-22T15:43:01.937Z","high"
"0708d6a5-c79a-4f28-9fde-b7126a5c7252","140ad3e4-018f-43f3-a688-0c32f9b341ab","73daab53-c6c1-4331-8a61-08c77d7272a9","SNYK-DEBIAN10-GNUTLS28-2964217","2025-01-22T15:43:01.937Z","high"
"0708d6a5-c79a-4f28-9fde-b7126a5c7252","140ad3e4-018f-43f3-a688-0c32f9b341ab","73daab53-c6c1-4331-8a61-08c77d7272a9","SNYK-DEBIAN10-GIT-3051708","2025-01-22T15:43:01.937Z","high"
"0708d6a5-c79a-4f28-9fde-b7126a5c7252","140ad3e4-018f-43f3-a688-0c32f9b341ab","73daab53-c6c1-4331-8a61-08c77d7272a9","SNYK-DEBIAN10-MARIADB103-2940558","2025-01-22T15:43:01.937Z","high"
"0708d6a5-c79a-4f28-9fde-b7126a5c7252","140ad3e4-018f-43f3-a688-0c32f9b341ab","73daab53-c6c1-4331-8a61-08c77d7272a9","SNYK-DEBIAN10-MARIADB103-2766367","2025-01-22T15:43:01.937Z","high"
"0708d6a5-c79a-4f28-9fde-b7126a5c7252","140ad3e4-018f-43f3-a688-0c32f9b341ab","73daab53-c6c1-4331-8a61-08c77d7272a9","SNYK-DEBIAN10-LIBXSLT-2964226","2025-01-22T15:43:01.937Z","high"
"0708d6a5-c79a-4f28-9fde-b7126a5c7252","140ad3e4-018f-43f3-a688-0c32f9b341ab","73daab53-c6c1-4331-8a61-08c77d7272a9","SNYK-DEBIAN10-GIT-1083853","2025-01-22T15:43:01.937Z","high"
"0708d6a5-c79a-4f28-9fde-b7126a5c7252","140ad3e4-018f-43f3-a688-0c32f9b341ab","73daab53-c6c1-4331-8a61-08c77d7272a9","SNYK-DEBIAN10-LIBX11-5927157","2025-01-22T15:43:01.937Z","high"
"0708d6a5-c79a-4f28-9fde-b7126a5c7252","140ad3e4-018f-43f3-a688-0c32f9b341ab","73daab53-c6c1-4331-8a61-08c77d7272a9","SNYK-DEBIAN10-OPENSSL-3314585","2025-01-22T15:43:01.937Z","high"
"0708d6a5-c79a-4f28-9fde-b7126a5c7252","140ad3e4-018f-43f3-a688-0c32f9b341ab","73daab53-c6c1-4331-8a61-08c77d7272a9","SNYK-DEBIAN10-EXPAT-2329087","2025-01-22T15:43:01.937Z","high"
"0708d6a5-c79a-4f28-9fde-b7126a5c7252","140ad3e4-018f-43f3-a688-0c32f9b341ab","73daab53-c6c1-4331-8a61-08c77d7272a9","SNYK-DEBIAN10-POSTGRESQL11-1920111","2025-01-22T15:43:01.937Z","high"
"0708d6a5-c79a-4f28-9fde-b7126a5c7252","140ad3e4-018f-43f3-a688-0c32f9b341ab","73daab53-c6c1-4331-8a61-08c77d7272a9","SNYK-DEBIAN10-MARIADB103-2766402","2025-01-22T15:43:01.937Z","high"
"0708d6a5-c79a-4f28-9fde-b7126a5c7252","140ad3e4-018f-43f3-a688-0c32f9b341ab","73daab53-c6c1-4331-8a61-08c77d7272a9","SNYK-DEBIAN10-IMAGEMAGICK-1244105","2025-01-22T15:43:01.937Z","high"
"0708d6a5-c79a-4f28-9fde-b7126a5c7252","140ad3e4-018f-43f3-a688-0c32f9b341ab","73daab53-c6c1-4331-8a61-08c77d7272a9","SNYK-DEBIAN10-LIBDE265-1585971","2025-01-22T15:43:01.937Z","high"
"0708d6a5-c79a-4f28-9fde-b7126a5c7252","140ad3e4-018f-43f3-a688-0c32f9b341ab","73daab53-c6c1-4331-8a61-08c77d7272a9","SNYK-DEBIAN10-LIBDE265-6105350","2025-01-22T15:43:01.937Z","high"
"0708d6a5-c79a-4f28-9fde-b7126a5c7252","140ad3e4-018f-43f3-a688-0c32f9b341ab","73daab53-c6c1-4331-8a61-08c77d7272a9","SNYK-DEBIAN10-SQLITE3-540568","2025-01-22T15:43:01.937Z","high"
"0708d6a5-c79a-4f28-9fde-b7126a5c7252","140ad3e4-018f-43f3-a688-0c32f9b341ab","73daab53-c6c1-4331-8a61-08c77d7272a9","SNYK-DEBIAN10-MARIADB103-2940560","2025-01-22T15:43:01.937Z","high"
"0708d6a5-c79a-4f28-9fde-b7126a5c7252","140ad3e4-018f-43f3-a688-0c32f9b341ab","73daab53-c6c1-4331-8a61-08c77d7272a9","SNYK-DEBIAN10-MARIADB103-2766380","2025-01-22T15:43:01.937Z","high"
"0708d6a5-c79a-4f28-9fde-b7126a5c7252","140ad3e4-018f-43f3-a688-0c32f9b341ab","73daab53-c6c1-4331-8a61-08c77d7272a9","SNYK-DEBIAN10-GLIBC-559488","2025-01-22T15:43:01.937Z","high"
"0708d6a5-c79a-4f28-9fde-b7126a5c7252","140ad3e4-018f-43f3-a688-0c32f9b341ab","73daab53-c6c1-4331-8a61-08c77d7272a9","SNYK-UPSTREAM-NODE-1078517","2025-01-22T15:43:01.937Z","high"
"0708d6a5-c79a-4f28-9fde-b7126a5c7252","140ad3e4-018f-43f3-a688-0c32f9b341ab","73daab53-c6c1-4331-8a61-08c77d7272a9","SNYK-DEBIAN10-NCURSES-5421196","2025-01-22T15:43:01.937Z","high"
"0708d6a5-c79a-4f28-9fde-b7126a5c7252","140ad3e4-018f-43f3-a688-0c32f9b341ab","73daab53-c6c1-4331-8a61-08c77d7272a9","SNYK-UPSTREAM-NODE-8379641","2025-01-22T15:43:01.937Z","high"
"0708d6a5-c79a-4f28-9fde-b7126a5c7252","140ad3e4-018f-43f3-a688-0c32f9b341ab","73daab53-c6c1-4331-8a61-08c77d7272a9","SNYK-DEBIAN10-KRB5-1320094","2025-01-22T15:43:01.937Z","high"
"0708d6a5-c79a-4f28-9fde-b7126a5c7252","140ad3e4-018f-43f3-a688-0c32f9b341ab","73daab53-c6c1-4331-8a61-08c77d7272a9","SNYK-DEBIAN10-XZUTILS-2444279","2025-01-22T15:43:01.937Z","high"
"0708d6a5-c79a-4f28-9fde-b7126a5c7252","140ad3e4-018f-43f3-a688-0c32f9b341ab","73daab53-c6c1-4331-8a61-08c77d7272a9","SNYK-UPSTREAM-NODE-6615824","2025-01-22T15:43:01.937Z","high"
"0708d6a5-c79a-4f28-9fde-b7126a5c7252","140ad3e4-018f-43f3-a688-0c32f9b341ab","73daab53-c6c1-4331-8a61-08c77d7272a9","SNYK-DEBIAN10-GLIBC-564233","2025-01-22T15:43:01.937Z","high"
"0708d6a5-c79a-4f28-9fde-b7126a5c7252","140ad3e4-018f-43f3-a688-0c32f9b341ab","73daab53-c6c1-4331-8a61-08c77d7272a9","SNYK-DEBIAN10-MARIADB103-2396511","2025-01-22T15:43:01.937Z","high"
"0708d6a5-c79a-4f28-9fde-b7126a5c7252","140ad3e4-018f-43f3-a688-0c32f9b341ab","73daab53-c6c1-4331-8a61-08c77d7272a9","SNYK-DEBIAN10-POSTGRESQL11-1040144","2025-01-22T15:43:01.937Z","high"
"0708d6a5-c79a-4f28-9fde-b7126a5c7252","140ad3e4-018f-43f3-a688-0c32f9b341ab","73daab53-c6c1-4331-8a61-08c77d7272a9","SNYK-DEBIAN10-PYTHON27-5423201","2025-01-22T15:43:01.937Z","high"
"0708d6a5-c79a-4f28-9fde-b7126a5c7252","140ad3e4-018f-43f3-a688-0c32f9b341ab","73daab53-c6c1-4331-8a61-08c77d7272a9","SNYK-DEBIAN10-LIBJPEGTURBO-571504","2025-01-22T15:43:01.937Z","high"
"0708d6a5-c79a-4f28-9fde-b7126a5c7252","140ad3e4-018f-43f3-a688-0c32f9b341ab","73daab53-c6c1-4331-8a61-08c77d7272a9","SNYK-DEBIAN10-IMAGEMAGICK-5858554","2025-01-22T15:43:01.937Z","high"
"0708d6a5-c79a-4f28-9fde-b7126a5c7252","140ad3e4-018f-43f3-a688-0c32f9b341ab","73daab53-c6c1-4331-8a61-08c77d7272a9","SNYK-DEBIAN10-NCURSES-1655739","2025-01-22T15:43:01.937Z","high"
"0708d6a5-c79a-4f28-9fde-b7126a5c7252","140ad3e4-018f-43f3-a688-0c32f9b341ab","ba9f53bc-5549-403d-b18b-71f2547640c9","snyk:lic:npm:qrious:GPL-3.0","2025-01-22T15:43:03.464Z","high"
"0708d6a5-c79a-4f28-9fde-b7126a5c7252","140ad3e4-018f-43f3-a688-0c32f9b341ab","ba9f53bc-5549-403d-b18b-71f2547640c9","SNYK-JS-TAR-1536528","2025-01-22T15:43:03.464Z","high"
"0708d6a5-c79a-4f28-9fde-b7126a5c7252","140ad3e4-018f-43f3-a688-0c32f9b341ab","ba9f53bc-5549-403d-b18b-71f2547640c9","SNYK-JS-TAR-1579147","2025-01-22T15:43:03.464Z","high"
"0708d6a5-c79a-4f28-9fde-b7126a5c7252","140ad3e4-018f-43f3-a688-0c32f9b341ab","ba9f53bc-5549-403d-b18b-71f2547640c9","SNYK-JS-TAR-1579152","2025-01-22T15:43:03.464Z","high"
"0708d6a5-c79a-4f28-9fde-b7126a5c7252","140ad3e4-018f-43f3-a688-0c32f9b341ab","ba9f53bc-5549-403d-b18b-71f2547640c9","SNYK-JS-TRIMNEWLINES-1298042","2025-01-22T15:43:03.464Z","high"
"0708d6a5-c79a-4f28-9fde-b7126a5c7252","140ad3e4-018f-43f3-a688-0c32f9b341ab","ba9f53bc-5549-403d-b18b-71f2547640c9","SNYK-JS-NODESASS-535500","2025-01-22T15:43:03.464Z","high"
"0708d6a5-c79a-4f28-9fde-b7126a5c7252","140ad3e4-018f-43f3-a688-0c32f9b341ab","ba9f53bc-5549-403d-b18b-71f2547640c9","SNYK-JS-CROSSSPAWN-8303230","2025-01-22T15:43:03.464Z","high"
"0708d6a5-c79a-4f28-9fde-b7126a5c7252","140ad3e4-018f-43f3-a688-0c32f9b341ab","ba9f53bc-5549-403d-b18b-71f2547640c9","SNYK-JS-BODYPARSER-7926860","2025-01-22T15:43:03.464Z","high"
"0708d6a5-c79a-4f28-9fde-b7126a5c7252","140ad3e4-018f-43f3-a688-0c32f9b341ab","ba9f53bc-5549-403d-b18b-71f2547640c9","SNYK-JS-TAR-1536531","2025-01-22T15:43:03.464Z","high"
"0708d6a5-c79a-4f28-9fde-b7126a5c7252","140ad3e4-018f-43f3-a688-0c32f9b341ab","ba9f53bc-5549-403d-b18b-71f2547640c9","SNYK-JS-NTHCHECK-1586032","2025-01-22T15:43:03.464Z","high"
"0708d6a5-c79a-4f28-9fde-b7126a5c7252","140ad3e4-018f-43f3-a688-0c32f9b341ab","ba9f53bc-5549-403d-b18b-71f2547640c9","SNYK-JS-TAR-1579155","2025-01-22T15:43:03.464Z","high"
"0708d6a5-c79a-4f28-9fde-b7126a5c7252","140ad3e4-018f-43f3-a688-0c32f9b341ab","ba9f53bc-5549-403d-b18b-71f2547640c9","SNYK-JS-BRACES-6838727","2025-01-22T15:43:03.464Z","high"
"0708d6a5-c79a-4f28-9fde-b7126a5c7252","140ad3e4-018f-43f3-a688-0c32f9b341ab","ba9f53bc-5549-403d-b18b-71f2547640c9","SNYK-JS-SEMVER-3247795","2025-01-22T15:43:03.464Z","high"
"0708d6a5-c79a-4f28-9fde-b7126a5c7252","140ad3e4-018f-43f3-a688-0c32f9b341ab","ba9f53bc-5549-403d-b18b-71f2547640c9","SNYK-JS-ES5EXT-6095076","2025-01-22T15:43:03.464Z","high"
"0708d6a5-c79a-4f28-9fde-b7126a5c7252","140ad3e4-018f-43f3-a688-0c32f9b341ab","ba9f53bc-5549-403d-b18b-71f2547640c9","SNYK-JS-ANSIHTML-1296849","2025-01-22T15:43:03.464Z","high"
"0708d6a5-c79a-4f28-9fde-b7126a5c7252","140ad3e4-018f-43f3-a688-0c32f9b341ab","ba9f53bc-5549-403d-b18b-71f2547640c9","SNYK-JS-DECODEURICOMPONENT-3149970","2025-01-22T15:43:03.464Z","high"
"0708d6a5-c79a-4f28-9fde-b7126a5c7252","140ad3e4-018f-43f3-a688-0c32f9b341ab","ba9f53bc-5549-403d-b18b-71f2547640c9","SNYK-JS-OBJECTPATH-1017036","2025-01-22T15:43:03.464Z","high"
"0708d6a5-c79a-4f28-9fde-b7126a5c7252","140ad3e4-018f-43f3-a688-0c32f9b341ab","ba9f53bc-5549-403d-b18b-71f2547640c9","SNYK-JS-ELLIPTIC-8172694","2025-01-22T15:43:03.464Z","high"
"0708d6a5-c79a-4f28-9fde-b7126a5c7252","140ad3e4-018f-43f3-a688-0c32f9b341ab","ba9f53bc-5549-403d-b18b-71f2547640c9","SNYK-JS-NODESASS-541000","2025-01-22T15:43:03.464Z","high"
"0708d6a5-c79a-4f28-9fde-b7126a5c7252","140ad3e4-018f-43f3-a688-0c32f9b341ab","ba9f53bc-5549-403d-b18b-71f2547640c9","SNYK-JS-ELLIPTIC-8187303","2025-01-22T15:43:03.464Z","high"
"0708d6a5-c79a-4f28-9fde-b7126a5c7252","140ad3e4-018f-43f3-a688-0c32f9b341ab","ba9f53bc-5549-403d-b18b-71f2547640c9","SNYK-JS-LOADERUTILS-3043105","2025-01-22T15:43:03.464Z","high"
"0708d6a5-c79a-4f28-9fde-b7126a5c7252","140ad3e4-018f-43f3-a688-0c32f9b341ab","ba9f53bc-5549-403d-b18b-71f2547640c9","SNYK-JS-OBJECTPATH-1585658","2025-01-22T15:43:03.464Z","high"
"0708d6a5-c79a-4f28-9fde-b7126a5c7252","140ad3e4-018f-43f3-a688-0c32f9b341ab","ba9f53bc-5549-403d-b18b-71f2547640c9","SNYK-JS-HTTPPROXYMIDDLEWARE-8229906","2025-01-22T15:43:03.464Z","high"
"0708d6a5-c79a-4f28-9fde-b7126a5c7252","140ad3e4-018f-43f3-a688-0c32f9b341ab","ba9f53bc-5549-403d-b18b-71f2547640c9","SNYK-JS-NODEFORGE-2430339","2025-01-22T15:43:03.464Z","high"
"0708d6a5-c79a-4f28-9fde-b7126a5c7252","140ad3e4-018f-43f3-a688-0c32f9b341ab","ba9f53bc-5549-403d-b18b-71f2547640c9","SNYK-JS-WEBPACKDEVMIDDLEWARE-6476555","2025-01-22T15:43:03.464Z","high"
"0708d6a5-c79a-4f28-9fde-b7126a5c7252","140ad3e4-018f-43f3-a688-0c32f9b341ab","ba9f53bc-5549-403d-b18b-71f2547640c9","SNYK-JS-WS-7266574","2025-01-22T15:43:03.464Z","high"
"0708d6a5-c79a-4f28-9fde-b7126a5c7252","140ad3e4-018f-43f3-a688-0c32f9b341ab","ba9f53bc-5549-403d-b18b-71f2547640c9","SNYK-JS-IP-6240864","2025-01-22T15:43:03.464Z","high"
"0708d6a5-c79a-4f28-9fde-b7126a5c7252","140ad3e4-018f-43f3-a688-0c32f9b341ab","ba9f53bc-5549-403d-b18b-71f2547640c9","SNYK-JS-UNSETVALUE-2400660","2025-01-22T15:43:03.464Z","high"
"0708d6a5-c79a-4f28-9fde-b7126a5c7252","140ad3e4-018f-43f3-a688-0c32f9b341ab","ba9f53bc-5549-403d-b18b-71f2547640c9","SNYK-JS-BROWSERIFYSIGN-6037026","2025-01-22T15:43:03.464Z","high"
"0708d6a5-c79a-4f28-9fde-b7126a5c7252","140ad3e4-018f-43f3-a688-0c32f9b341ab","ba9f53bc-5549-403d-b18b-71f2547640c9","SNYK-JS-FOLLOWREDIRECTS-6141137","2025-01-22T15:43:03.464Z","high"
"0708d6a5-c79a-4f28-9fde-b7126a5c7252","140ad3e4-018f-43f3-a688-0c32f9b341ab","ba9f53bc-5549-403d-b18b-71f2547640c9","SNYK-JS-ANSIREGEX-1583908","2025-01-22T15:43:03.464Z","high"
"0708d6a5-c79a-4f28-9fde-b7126a5c7252","140ad3e4-018f-43f3-a688-0c32f9b341ab","390dc0b1-08b5-43b8-8aab-5796e04bbf90","f67b20b0e443555fcab40c719a6d874d99fc05d8d27fca73607f68e6a8f34a51e220b852e46820183310af43371c3d143a0b6d5dfd6f563c817908f8e464bf0a","2025-01-22T15:43:13.313Z","high"
"0708d6a5-c79a-4f28-9fde-b7126a5c7252","140ad3e4-018f-43f3-a688-0c32f9b341ab","e2aa1e22-66fc-4751-bbde-8a597738dbe1","15c213f692641e9f739dc04733ad6e8c911414b821fcc6e058757d6c691024eb322e6d63923d72d6a231a098b4a9e73c3d825fdc8e18090b65e2edf608fc3210","2025-01-22T15:43:13.861Z","high"
"0708d6a5-c79a-4f28-9fde-b7126a5c7252","140ad3e4-018f-43f3-a688-0c32f9b341ab","e2aa1e22-66fc-4751-bbde-8a597738dbe1","e0109f159e2823c5641a4d706d1a191b2b5e27868b5f44c1f535a9264e2bae6caf7c6c069fbf3bfdd03b8f6a3cdb6958bf12d4551c16a1d014f5d716876ff62d","2025-01-22T15:43:13.861Z","high"
"0708d6a5-c79a-4f28-9fde-b7126a5c7252","140ad3e4-018f-43f3-a688-0c32f9b341ab","e2aa1e22-66fc-4751-bbde-8a597738dbe1","eaeff658568c0c645bd574240681dc50a4d9ce2b6eb162b7165e07bab4f15be02ddbbb690276cfb5eb22cef0dea392aa2bb159d9fc94a82b573e7f6b4a2af2c1","2025-01-22T15:43:13.861Z","high"
"0708d6a5-c79a-4f28-9fde-b7126a5c7252","140ad3e4-018f-43f3-a688-0c32f9b341ab","e2aa1e22-66fc-4751-bbde-8a597738dbe1","2e1e7b5ec97d59ae724a64f12880211ea6e42cd47e3508246eae0aaf94a2139a90cc1d4ebefa6412a97760c92f241bc0eec8ddbc8a581d0dc5ffffcf84a09241","2025-01-22T15:43:13.861Z","high"
"0708d6a5-c79a-4f28-9fde-b7126a5c7252","140ad3e4-018f-43f3-a688-0c32f9b341ab","e2aa1e22-66fc-4751-bbde-8a597738dbe1","d787228c736495133771cb242a9127fc479ef4a681154b59fd7d0064965f2ba3860f19d8427b25860103286582ec7731bd0ca224ea1fbca3c07cd83389d4e45d","2025-01-22T15:43:13.861Z","high"
"0708d6a5-c79a-4f28-9fde-b7126a5c7252","140ad3e4-018f-43f3-a688-0c32f9b341ab","3543a327-4585-4903-b13d-35a2efd4de17","0628f74e22542981365b8175ecf2efd475ca6e62c17ac22168521cfa1364809b35f3abb722dcca5bc98cac16f496c595c74165625dfc11de2bacc22037200c63","2025-01-22T15:43:15.392Z","high"
"0708d6a5-c79a-4f28-9fde-b7126a5c7252","140ad3e4-018f-43f3-a688-0c32f9b341ab","cea1e34b-efa5-4ca8-b776-9651376e96b5","186f6727-8a6d-4524-8775-838ed66f70ab","2025-01-22T15:43:41.848Z","high"
"0708d6a5-c79a-4f28-9fde-b7126a5c7252","140ad3e4-018f-43f3-a688-0c32f9b341ab","cea1e34b-efa5-4ca8-b776-9651376e96b5","bafbc729-a99f-4bd7-90b3-355b8aa55628","2025-01-22T15:43:41.848Z","high"
"0708d6a5-c79a-4f28-9fde-b7126a5c7252","140ad3e4-018f-43f3-a688-0c32f9b341ab","cea1e34b-efa5-4ca8-b776-9651376e96b5","8abe8e9f-e43c-4e90-8893-affd07a713e9","2025-01-22T15:43:41.848Z","high"
"0708d6a5-c79a-4f28-9fde-b7126a5c7252","140ad3e4-018f-43f3-a688-0c32f9b341ab","cea1e34b-efa5-4ca8-b776-9651376e96b5","eaef4da4-c30d-483d-9b0d-4f74f37ec974","2025-01-22T15:43:41.848Z","high"
"0708d6a5-c79a-4f28-9fde-b7126a5c7252","140ad3e4-018f-43f3-a688-0c32f9b341ab","cea1e34b-efa5-4ca8-b776-9651376e96b5","9e016062-8741-495c-ac88-4205f1865b4a","2025-01-22T15:43:41.848Z","high"
"0708d6a5-c79a-4f28-9fde-b7126a5c7252","140ad3e4-018f-43f3-a688-0c32f9b341ab","cea1e34b-efa5-4ca8-b776-9651376e96b5","302d837c-dbb5-4c0f-8b56-29780fc0ae38","2025-01-22T15:43:41.848Z","high"
"0708d6a5-c79a-4f28-9fde-b7126a5c7252","140ad3e4-018f-43f3-a688-0c32f9b341ab","cea1e34b-efa5-4ca8-b776-9651376e96b5","7d549bcf-6915-4013-9608-dc0ee5c6e72c","2025-01-22T15:43:41.848Z","high"
"0708d6a5-c79a-4f28-9fde-b7126a5c7252","140ad3e4-018f-43f3-a688-0c32f9b341ab","cea1e34b-efa5-4ca8-b776-9651376e96b5","a0093eb3-0f9c-4293-9cf4-8f2d5e477bbb","2025-01-22T15:43:41.848Z","high"
"0708d6a5-c79a-4f28-9fde-b7126a5c7252","140ad3e4-018f-43f3-a688-0c32f9b341ab","cea1e34b-efa5-4ca8-b776-9651376e96b5","5bef7411-d4e7-48ff-b4af-f0285520e9f1","2025-01-22T15:43:41.848Z","high"
"0708d6a5-c79a-4f28-9fde-b7126a5c7252","140ad3e4-018f-43f3-a688-0c32f9b341ab","cea1e34b-efa5-4ca8-b776-9651376e96b5","f42aef5b-1731-4ff2-a0c1-0cdcc84fee1e","2025-01-22T15:43:41.848Z","high"
"0708d6a5-c79a-4f28-9fde-b7126a5c7252","140ad3e4-018f-43f3-a688-0c32f9b341ab","cea1e34b-efa5-4ca8-b776-9651376e96b5","b4bbea4f-458f-43d4-9a9c-bb8453068748","2025-01-22T15:43:41.848Z","high"
"0708d6a5-c79a-4f28-9fde-b7126a5c7252","140ad3e4-018f-43f3-a688-0c32f9b341ab","cea1e34b-efa5-4ca8-b776-9651376e96b5","9d95c182-d89d-4661-81cb-2035f317078d","2025-01-22T15:43:41.848Z","high"
"0708d6a5-c79a-4f28-9fde-b7126a5c7252","140ad3e4-018f-43f3-a688-0c32f9b341ab","cea1e34b-efa5-4ca8-b776-9651376e96b5","49afd1bd-7f10-42c0-af61-f5937aaf7299","2025-01-22T15:43:41.848Z","high"
"0708d6a5-c79a-4f28-9fde-b7126a5c7252","140ad3e4-018f-43f3-a688-0c32f9b341ab","cea1e34b-efa5-4ca8-b776-9651376e96b5","9cde3239-a449-4bbb-8398-5e07b351ead2","2025-01-22T15:43:41.848Z","high"
"0708d6a5-c79a-4f28-9fde-b7126a5c7252","140ad3e4-018f-43f3-a688-0c32f9b341ab","cea1e34b-efa5-4ca8-b776-9651376e96b5","137a990d-a743-4dd8-895e-f33b1bfce5d8","2025-01-22T15:43:41.848Z","high"
"0708d6a5-c79a-4f28-9fde-b7126a5c7252","140ad3e4-018f-43f3-a688-0c32f9b341ab","cea1e34b-efa5-4ca8-b776-9651376e96b5","2a7f5211-3e1b-4dbb-a519-62e55caa4b91","2025-01-22T15:43:41.848Z","high"
"0708d6a5-c79a-4f28-9fde-b7126a5c7252","140ad3e4-018f-43f3-a688-0c32f9b341ab","cea1e34b-efa5-4ca8-b776-9651376e96b5","4277adde-3327-4495-9640-5d21008e4025","2025-01-22T15:43:41.848Z","high"
"0708d6a5-c79a-4f28-9fde-b7126a5c7252","140ad3e4-018f-43f3-a688-0c32f9b341ab","cea1e34b-efa5-4ca8-b776-9651376e96b5","56ce612c-c552-472e-b4cf-65c5245d6575","2025-01-22T15:43:41.848Z","high"
"0708d6a5-c79a-4f28-9fde-b7126a5c7252","140ad3e4-018f-43f3-a688-0c32f9b341ab","34def45d-671e-45a9-8be0-a7bdf4094418","SNYK-GOLANG-GOLANGORGXNETHTTP2-5958903","2025-01-23T02:31:59.77Z","high"
"0708d6a5-c79a-4f28-9fde-b7126a5c7252","140ad3e4-018f-43f3-a688-0c32f9b341ab","34def45d-671e-45a9-8be0-a7bdf4094418","SNYK-GOLANG-GOLANGORGXNETHTTP2-3028257","2025-01-23T02:31:59.77Z","high"
"0708d6a5-c79a-4f28-9fde-b7126a5c7252","140ad3e4-018f-43f3-a688-0c32f9b341ab","34def45d-671e-45a9-8be0-a7bdf4094418","SNYK-GOLANG-GOLANGORGXNETHTTP2HPACK-3358253","2025-01-23T02:31:59.77Z","high"
"0708d6a5-c79a-4f28-9fde-b7126a5c7252","140ad3e4-018f-43f3-a688-0c32f9b341ab","34def45d-671e-45a9-8be0-a7bdf4094418","SNYK-GOLANG-K8SIOAPIMACHINERYPKGUTILRUNTIME-8367153","2025-01-23T02:31:59.77Z","high"
"0708d6a5-c79a-4f28-9fde-b7126a5c7252","140ad3e4-018f-43f3-a688-0c32f9b341ab","34def45d-671e-45a9-8be0-a7bdf4094418","SNYK-GOLANG-GOLANGORGXNETHTTP2-2313688","2025-01-23T02:31:59.77Z","high"
"0708d6a5-c79a-4f28-9fde-b7126a5c7252","140ad3e4-018f-43f3-a688-0c32f9b341ab","34def45d-671e-45a9-8be0-a7bdf4094418","SNYK-GOLANG-GOLANGORGXNETHTTP2-5953327","2025-01-23T02:31:59.77Z","high"
"0708d6a5-c79a-4f28-9fde-b7126a5c7252","140ad3e4-018f-43f3-a688-0c32f9b341ab","34def45d-671e-45a9-8be0-a7bdf4094418","SNYK-GOLANG-GOLANGORGXNETHTTP2-3323837","2025-01-23T02:31:59.77Z","high"
"0708d6a5-c79a-4f28-9fde-b7126a5c7252","140ad3e4-018f-43f3-a688-0c32f9b341ab","34def45d-671e-45a9-8be0-a7bdf4094418","SNYK-GOLANG-GOLANGORGXNETHTTP2-6531285","2025-01-23T02:31:59.77Z","high"
"0708d6a5-c79a-4f28-9fde-b7126a5c7252","140ad3e4-018f-43f3-a688-0c32f9b341ab","34def45d-671e-45a9-8be0-a7bdf4094418","SNYK-GOLANG-GITHUBCOMPROMETHEUSCLIENTGOLANGPROMETHEUSPROMHTTP-2401819","2025-01-23T02:31:59.77Z","high"
"0708d6a5-c79a-4f28-9fde-b7126a5c7252","140ad3e4-018f-43f3-a688-0c32f9b341ab","ba9f53bc-5549-403d-b18b-71f2547640c9","SNYK-JS-WEBPACK-3358798","2025-01-24T06:32:16.814Z","high"
"0708d6a5-c79a-4f28-9fde-b7126a5c7252","140ad3e4-018f-43f3-a688-0c32f9b341ab","523f1b1c-3a40-4d07-a57e-588912a7ea50","npm:jsonwebtoken:20150331","2025-01-24T06:33:48.465Z","high"
"0708d6a5-c79a-4f28-9fde-b7126a5c7252","140ad3e4-018f-43f3-a688-0c32f9b341ab","523f1b1c-3a40-4d07-a57e-588912a7ea50","npm:jws:20160726","2025-01-24T06:33:48.465Z","high"
"0708d6a5-c79a-4f28-9fde-b7126a5c7252","140ad3e4-018f-43f3-a688-0c32f9b341ab","523f1b1c-3a40-4d07-a57e-588912a7ea50","SNYK-JS-EXPRESSJWT-575022","2025-01-24T06:33:48.465Z","high"
"0708d6a5-c79a-4f28-9fde-b7126a5c7252","140ad3e4-018f-43f3-a688-0c32f9b341ab","523f1b1c-3a40-4d07-a57e-588912a7ea50","npm:base64url:20180511","2025-01-24T06:33:48.465Z","high"
"0708d6a5-c79a-4f28-9fde-b7126a5c7252","140ad3e4-018f-43f3-a688-0c32f9b341ab","9b92da1e-be72-4f38-9ecc-03ffb624521a","SNYK-UPSTREAM-NODE-8663306","2025-01-29T05:51:22.779Z","high"
"0708d6a5-c79a-4f28-9fde-b7126a5c7252","140ad3e4-018f-43f3-a688-0c32f9b341ab","73daab53-c6c1-4331-8a61-08c77d7272a9","SNYK-UPSTREAM-NODE-8663306","2025-01-29T05:53:26.203Z","high"
"0708d6a5-c79a-4f28-9fde-b7126a5c7252","140ad3e4-018f-43f3-a688-0c32f9b341ab","fc795e0b-e6c6-46a6-9927-db9a7bb372cb","SNYK-DEBIAN11-PERL-1925976","2025-02-19T22:25:07.835Z","high"
"0708d6a5-c79a-4f28-9fde-b7126a5c7252","140ad3e4-018f-43f3-a688-0c32f9b341ab","fc795e0b-e6c6-46a6-9927-db9a7bb372cb","SNYK-DEBIAN11-OPENJPEG2-1301277","2025-02-19T22:25:07.835Z","high"
"0708d6a5-c79a-4f28-9fde-b7126a5c7252","140ad3e4-018f-43f3-a688-0c32f9b341ab","fc795e0b-e6c6-46a6-9927-db9a7bb372cb","SNYK-DEBIAN11-POSTGRESQL13-5519349","2025-02-19T22:25:07.835Z","high"
"0708d6a5-c79a-4f28-9fde-b7126a5c7252","140ad3e4-018f-43f3-a688-0c32f9b341ab","fc795e0b-e6c6-46a6-9927-db9a7bb372cb","SNYK-DEBIAN11-GIT-8622742","2025-02-19T22:25:07.835Z","high"
"0708d6a5-c79a-4f28-9fde-b7126a5c7252","140ad3e4-018f-43f3-a688-0c32f9b341ab","fc795e0b-e6c6-46a6-9927-db9a7bb372cb","SNYK-DEBIAN11-NCURSES-2767191","2025-02-19T22:25:07.835Z","high"
"0708d6a5-c79a-4f28-9fde-b7126a5c7252","140ad3e4-018f-43f3-a688-0c32f9b341ab","fc795e0b-e6c6-46a6-9927-db9a7bb372cb","SNYK-DEBIAN11-SYSTEMD-6277510","2025-02-19T22:25:07.835Z","high"
"0708d6a5-c79a-4f28-9fde-b7126a5c7252","140ad3e4-018f-43f3-a688-0c32f9b341ab","fc795e0b-e6c6-46a6-9927-db9a7bb372cb","SNYK-DEBIAN11-AOM-2309736","2025-02-19T22:25:07.835Z","high"
"0708d6a5-c79a-4f28-9fde-b7126a5c7252","140ad3e4-018f-43f3-a688-0c32f9b341ab","fc795e0b-e6c6-46a6-9927-db9a7bb372cb","SNYK-DEBIAN11-IMAGEMAGICK-1246262","2025-02-19T22:25:07.835Z","high"
"0708d6a5-c79a-4f28-9fde-b7126a5c7252","140ad3e4-018f-43f3-a688-0c32f9b341ab","fc795e0b-e6c6-46a6-9927-db9a7bb372cb","SNYK-DEBIAN11-GIT-537128","2025-02-19T22:25:07.835Z","high"
"0708d6a5-c79a-4f28-9fde-b7126a5c7252","140ad3e4-018f-43f3-a688-0c32f9b341ab","fc795e0b-e6c6-46a6-9927-db9a7bb372cb","SNYK-DEBIAN11-CURL-3066040","2025-02-19T22:25:07.835Z","high"
"0708d6a5-c79a-4f28-9fde-b7126a5c7252","140ad3e4-018f-43f3-a688-0c32f9b341ab","fc795e0b-e6c6-46a6-9927-db9a7bb372cb","SNYK-DEBIAN11-E2FSPROGS-2628459","2025-02-19T22:25:07.835Z","high"
"0708d6a5-c79a-4f28-9fde-b7126a5c7252","140ad3e4-018f-43f3-a688-0c32f9b341ab","fc795e0b-e6c6-46a6-9927-db9a7bb372cb","SNYK-DEBIAN11-LIBWEBP-5893094","2025-02-19T22:25:07.835Z","high"
"0708d6a5-c79a-4f28-9fde-b7126a5c7252","140ad3e4-018f-43f3-a688-0c32f9b341ab","fc795e0b-e6c6-46a6-9927-db9a7bb372cb","SNYK-DEBIAN11-LIBSSH2-5861756","2025-02-19T22:25:07.835Z","high"
"0708d6a5-c79a-4f28-9fde-b7126a5c7252","140ad3e4-018f-43f3-a688-0c32f9b341ab","fc795e0b-e6c6-46a6-9927-db9a7bb372cb","SNYK-DEBIAN11-POSTGRESQL13-8381234","2025-02-19T22:25:07.835Z","high"
"0708d6a5-c79a-4f28-9fde-b7126a5c7252","140ad3e4-018f-43f3-a688-0c32f9b341ab","fc795e0b-e6c6-46a6-9927-db9a7bb372cb","SNYK-DEBIAN11-GNUTLS28-6159419","2025-02-19T22:25:07.835Z","high"
"0708d6a5-c79a-4f28-9fde-b7126a5c7252","140ad3e4-018f-43f3-a688-0c32f9b341ab","fc795e0b-e6c6-46a6-9927-db9a7bb372cb","SNYK-DEBIAN11-OPENSSL-3368735","2025-02-19T22:25:07.835Z","high"
"0708d6a5-c79a-4f28-9fde-b7126a5c7252","140ad3e4-018f-43f3-a688-0c32f9b341ab","fc795e0b-e6c6-46a6-9927-db9a7bb372cb","SNYK-DEBIAN11-GNUTLS28-6159417","2025-02-19T22:25:07.835Z","high"
"0708d6a5-c79a-4f28-9fde-b7126a5c7252","140ad3e4-018f-43f3-a688-0c32f9b341ab","fc795e0b-e6c6-46a6-9927-db9a7bb372cb","SNYK-DEBIAN11-GIT-5461949","2025-02-19T22:25:07.835Z","high"
"0708d6a5-c79a-4f28-9fde-b7126a5c7252","140ad3e4-018f-43f3-a688-0c32f9b341ab","fc795e0b-e6c6-46a6-9927-db9a7bb372cb","SNYK-DEBIAN11-LIBHEIF-8224947","2025-02-19T22:25:07.835Z","high"
"0708d6a5-c79a-4f28-9fde-b7126a5c7252","140ad3e4-018f-43f3-a688-0c32f9b341ab","fc795e0b-e6c6-46a6-9927-db9a7bb372cb","SNYK-DEBIAN11-GLIBC-5927133","2025-02-19T22:25:07.835Z","high"
"0708d6a5-c79a-4f28-9fde-b7126a5c7252","140ad3e4-018f-43f3-a688-0c32f9b341ab","fc795e0b-e6c6-46a6-9927-db9a7bb372cb","SNYK-DEBIAN11-LIBDE265-3336916","2025-02-19T22:25:07.835Z","high"
"0708d6a5-c79a-4f28-9fde-b7126a5c7252","140ad3e4-018f-43f3-a688-0c32f9b341ab","fc795e0b-e6c6-46a6-9927-db9a7bb372cb","SNYK-DEBIAN11-IMAGEMAGICK-1244104","2025-02-19T22:25:07.835Z","high"
"0708d6a5-c79a-4f28-9fde-b7126a5c7252","140ad3e4-018f-43f3-a688-0c32f9b341ab","fc795e0b-e6c6-46a6-9927-db9a7bb372cb","SNYK-DEBIAN11-GIT-6846210","2025-02-19T22:25:07.835Z","high"
"0708d6a5-c79a-4f28-9fde-b7126a5c7252","140ad3e4-018f-43f3-a688-0c32f9b341ab","fc795e0b-e6c6-46a6-9927-db9a7bb372cb","SNYK-DEBIAN11-NCURSES-5421197","2025-02-19T22:25:07.835Z","high"
"0708d6a5-c79a-4f28-9fde-b7126a5c7252","140ad3e4-018f-43f3-a688-0c32f9b341ab","fc795e0b-e6c6-46a6-9927-db9a7bb372cb","SNYK-DEBIAN11-GIT-3051727","2025-02-19T22:25:07.835Z","high"
"0708d6a5-c79a-4f28-9fde-b7126a5c7252","140ad3e4-018f-43f3-a688-0c32f9b341ab","fc795e0b-e6c6-46a6-9927-db9a7bb372cb","SNYK-DEBIAN11-OPENSSL-3314615","2025-02-19T22:25:07.835Z","high"
"0708d6a5-c79a-4f28-9fde-b7126a5c7252","140ad3e4-018f-43f3-a688-0c32f9b341ab","fc795e0b-e6c6-46a6-9927-db9a7bb372cb","SNYK-DEBIAN11-GDKPIXBUF-6207389","2025-02-19T22:25:07.835Z","high"
"0708d6a5-c79a-4f28-9fde-b7126a5c7252","140ad3e4-018f-43f3-a688-0c32f9b341ab","fc795e0b-e6c6-46a6-9927-db9a7bb372cb","SNYK-DEBIAN11-CURL-3366762","2025-02-19T22:25:07.835Z","high"
"0708d6a5-c79a-4f28-9fde-b7126a5c7252","140ad3e4-018f-43f3-a688-0c32f9b341ab","fc795e0b-e6c6-46a6-9927-db9a7bb372cb","SNYK-DEBIAN11-GNUTLS28-3318299","2025-02-19T22:25:07.835Z","high"
"0708d6a5-c79a-4f28-9fde-b7126a5c7252","140ad3e4-018f-43f3-a688-0c32f9b341ab","fc795e0b-e6c6-46a6-9927-db9a7bb372cb","SNYK-DEBIAN11-PERL-6085272","2025-02-19T22:25:07.835Z","high"
"0708d6a5-c79a-4f28-9fde-b7126a5c7252","140ad3e4-018f-43f3-a688-0c32f9b341ab","fc795e0b-e6c6-46a6-9927-db9a7bb372cb","SNYK-DEBIAN11-GIT-6846189","2025-02-19T22:25:07.835Z","high"
"0708d6a5-c79a-4f28-9fde-b7126a5c7252","140ad3e4-018f-43f3-a688-0c32f9b341ab","fc795e0b-e6c6-46a6-9927-db9a7bb372cb","SNYK-DEBIAN11-TIFF-6190609","2025-02-19T22:25:07.835Z","high"
"0708d6a5-c79a-4f28-9fde-b7126a5c7252","140ad3e4-018f-43f3-a688-0c32f9b341ab","fc795e0b-e6c6-46a6-9927-db9a7bb372cb","SNYK-DEBIAN11-PYTHON39-1570176","2025-02-19T22:25:07.835Z","high"
"0708d6a5-c79a-4f28-9fde-b7126a5c7252","140ad3e4-018f-43f3-a688-0c32f9b341ab","fc795e0b-e6c6-46a6-9927-db9a7bb372cb","SNYK-DEBIAN11-GIT-2635965","2025-02-19T22:25:07.835Z","high"
"0708d6a5-c79a-4f28-9fde-b7126a5c7252","140ad3e4-018f-43f3-a688-0c32f9b341ab","fc795e0b-e6c6-46a6-9927-db9a7bb372cb","SNYK-DEBIAN11-TIFF-7642492","2025-02-19T22:25:07.835Z","high"
"0708d6a5-c79a-4f28-9fde-b7126a5c7252","140ad3e4-018f-43f3-a688-0c32f9b341ab","fc795e0b-e6c6-46a6-9927-db9a7bb372cb","SNYK-DEBIAN11-GIT-2949145","2025-02-19T22:25:07.835Z","high"
"0708d6a5-c79a-4f28-9fde-b7126a5c7252","140ad3e4-018f-43f3-a688-0c32f9b341ab","fc795e0b-e6c6-46a6-9927-db9a7bb372cb","SNYK-DEBIAN11-PYTHON39-3325303","2025-02-19T22:25:07.835Z","high"
"0708d6a5-c79a-4f28-9fde-b7126a5c7252","140ad3e4-018f-43f3-a688-0c32f9b341ab","fc795e0b-e6c6-46a6-9927-db9a7bb372cb","SNYK-DEBIAN11-POSTGRESQL13-6239516","2025-02-19T22:25:07.835Z","high"
"0708d6a5-c79a-4f28-9fde-b7126a5c7252","140ad3e4-018f-43f3-a688-0c32f9b341ab","fc795e0b-e6c6-46a6-9927-db9a7bb372cb","SNYK-DEBIAN11-TIFF-3113871","2025-02-19T22:25:07.835Z","high"
"0708d6a5-c79a-4f28-9fde-b7126a5c7252","140ad3e4-018f-43f3-a688-0c32f9b341ab","fc795e0b-e6c6-46a6-9927-db9a7bb372cb","SNYK-DEBIAN11-PYTHON39-3111117","2025-02-19T22:25:07.835Z","high"
"0708d6a5-c79a-4f28-9fde-b7126a5c7252","140ad3e4-018f-43f3-a688-0c32f9b341ab","fc795e0b-e6c6-46a6-9927-db9a7bb372cb","SNYK-DEBIAN11-LIBDE265-3361564","2025-02-19T22:25:07.835Z","high"
"0708d6a5-c79a-4f28-9fde-b7126a5c7252","140ad3e4-018f-43f3-a688-0c32f9b341ab","fc795e0b-e6c6-46a6-9927-db9a7bb372cb","SNYK-DEBIAN11-IMAGEMAGICK-2928981","2025-02-19T22:25:07.835Z","high"
"0708d6a5-c79a-4f28-9fde-b7126a5c7252","140ad3e4-018f-43f3-a688-0c32f9b341ab","fc795e0b-e6c6-46a6-9927-db9a7bb372cb","SNYK-DEBIAN11-LIBDE265-6105346","2025-02-19T22:25:07.835Z","high"
"0708d6a5-c79a-4f28-9fde-b7126a5c7252","140ad3e4-018f-43f3-a688-0c32f9b341ab","fc795e0b-e6c6-46a6-9927-db9a7bb372cb","SNYK-DEBIAN11-AOM-2309719","2025-02-19T22:25:07.835Z","high"
"0708d6a5-c79a-4f28-9fde-b7126a5c7252","140ad3e4-018f-43f3-a688-0c32f9b341ab","fc795e0b-e6c6-46a6-9927-db9a7bb372cb","SNYK-DEBIAN11-POSTGRESQL13-5838224","2025-02-19T22:25:07.835Z","high"
"0708d6a5-c79a-4f28-9fde-b7126a5c7252","140ad3e4-018f-43f3-a688-0c32f9b341ab","fc795e0b-e6c6-46a6-9927-db9a7bb372cb","SNYK-DEBIAN11-LIBX11-5927150","2025-02-19T22:25:07.835Z","high"
"0708d6a5-c79a-4f28-9fde-b7126a5c7252","140ad3e4-018f-43f3-a688-0c32f9b341ab","fc795e0b-e6c6-46a6-9927-db9a7bb372cb","SNYK-DEBIAN11-LIBHEIF-3331227","2025-02-19T22:25:07.835Z","high"
"0708d6a5-c79a-4f28-9fde-b7126a5c7252","140ad3e4-018f-43f3-a688-0c32f9b341ab","fc795e0b-e6c6-46a6-9927-db9a7bb372cb","SNYK-DEBIAN11-PYTHON39-8305720","2025-02-19T22:25:07.835Z","high"
"0708d6a5-c79a-4f28-9fde-b7126a5c7252","140ad3e4-018f-43f3-a688-0c32f9b341ab","fc795e0b-e6c6-46a6-9927-db9a7bb372cb","SNYK-DEBIAN11-PYTHON39-3017608","2025-02-19T22:25:07.835Z","high"
"0708d6a5-c79a-4f28-9fde-b7126a5c7252","140ad3e4-018f-43f3-a688-0c32f9b341ab","fc795e0b-e6c6-46a6-9927-db9a7bb372cb","SNYK-DEBIAN11-GIT-6846205","2025-02-19T22:25:07.835Z","high"
"0708d6a5-c79a-4f28-9fde-b7126a5c7252","140ad3e4-018f-43f3-a688-0c32f9b341ab","fc795e0b-e6c6-46a6-9927-db9a7bb372cb","SNYK-DEBIAN11-IMAGEMAGICK-1312915","2025-02-19T22:25:07.835Z","high"
"0708d6a5-c79a-4f28-9fde-b7126a5c7252","140ad3e4-018f-43f3-a688-0c32f9b341ab","fc795e0b-e6c6-46a6-9927-db9a7bb372cb","SNYK-DEBIAN11-LIBXML2-6227804","2025-02-19T22:25:07.835Z","high"
"0708d6a5-c79a-4f28-9fde-b7126a5c7252","140ad3e4-018f-43f3-a688-0c32f9b341ab","fc795e0b-e6c6-46a6-9927-db9a7bb372cb","SNYK-DEBIAN11-PYTHON39-7707945","2025-02-19T22:25:07.835Z","high"
"0708d6a5-c79a-4f28-9fde-b7126a5c7252","140ad3e4-018f-43f3-a688-0c32f9b341ab","fc795e0b-e6c6-46a6-9927-db9a7bb372cb","SNYK-DEBIAN11-KRB5-7411320","2025-02-19T22:25:07.835Z","high"
"0708d6a5-c79a-4f28-9fde-b7126a5c7252","140ad3e4-018f-43f3-a688-0c32f9b341ab","fc795e0b-e6c6-46a6-9927-db9a7bb372cb","SNYK-DEBIAN11-LIBX11-5710893","2025-02-19T22:25:07.835Z","high"
"0708d6a5-c79a-4f28-9fde-b7126a5c7252","140ad3e4-018f-43f3-a688-0c32f9b341ab","fc795e0b-e6c6-46a6-9927-db9a7bb372cb","SNYK-DEBIAN11-IMAGEMAGICK-2928988","2025-02-19T22:25:07.835Z","high"
"0708d6a5-c79a-4f28-9fde-b7126a5c7252","140ad3e4-018f-43f3-a688-0c32f9b341ab","fc795e0b-e6c6-46a6-9927-db9a7bb372cb","SNYK-DEBIAN11-PERL-5489191","2025-02-19T22:25:07.835Z","high"
"0708d6a5-c79a-4f28-9fde-b7126a5c7252","140ad3e4-018f-43f3-a688-0c32f9b341ab","fc795e0b-e6c6-46a6-9927-db9a7bb372cb","SNYK-DEBIAN11-LIBDE265-3227414","2025-02-19T22:25:07.835Z","high"
"0708d6a5-c79a-4f28-9fde-b7126a5c7252","140ad3e4-018f-43f3-a688-0c32f9b341ab","fc795e0b-e6c6-46a6-9927-db9a7bb372cb","SNYK-DEBIAN11-IMAGEMAGICK-5858556","2025-02-19T22:25:07.835Z","high"
"0708d6a5-c79a-4f28-9fde-b7126a5c7252","140ad3e4-018f-43f3-a688-0c32f9b341ab","fc795e0b-e6c6-46a6-9927-db9a7bb372cb","SNYK-DEBIAN11-CURL-3366772","2025-02-19T22:25:07.835Z","high"
"0708d6a5-c79a-4f28-9fde-b7126a5c7252","140ad3e4-018f-43f3-a688-0c32f9b341ab","fc795e0b-e6c6-46a6-9927-db9a7bb372cb","SNYK-DEBIAN11-GLIB20-5670987","2025-02-19T22:25:07.835Z","high"
"0708d6a5-c79a-4f28-9fde-b7126a5c7252","140ad3e4-018f-43f3-a688-0c32f9b341ab","fc795e0b-e6c6-46a6-9927-db9a7bb372cb","SNYK-DEBIAN11-LIBXML2-8663286","2025-02-19T22:25:07.835Z","high"
"0708d6a5-c79a-4f28-9fde-b7126a5c7252","140ad3e4-018f-43f3-a688-0c32f9b341ab","fc795e0b-e6c6-46a6-9927-db9a7bb372cb","SNYK-DEBIAN11-IMAGEMAGICK-2812515","2025-02-19T22:25:07.835Z","high"
"0708d6a5-c79a-4f28-9fde-b7126a5c7252","140ad3e4-018f-43f3-a688-0c32f9b341ab","fc795e0b-e6c6-46a6-9927-db9a7bb372cb","SNYK-DEBIAN11-NGHTTP2-5953384","2025-02-19T22:25:07.835Z","high"
"0708d6a5-c79a-4f28-9fde-b7126a5c7252","140ad3e4-018f-43f3-a688-0c32f9b341ab","fc795e0b-e6c6-46a6-9927-db9a7bb372cb","SNYK-DEBIAN11-LIBDE265-3342951","2025-02-19T22:25:07.835Z","high"
"0708d6a5-c79a-4f28-9fde-b7126a5c7252","140ad3e4-018f-43f3-a688-0c32f9b341ab","fc795e0b-e6c6-46a6-9927-db9a7bb372cb","SNYK-DEBIAN11-IMAGEMAGICK-2441371","2025-02-19T22:25:07.835Z","high"
"0708d6a5-c79a-4f28-9fde-b7126a5c7252","140ad3e4-018f-43f3-a688-0c32f9b341ab","fc795e0b-e6c6-46a6-9927-db9a7bb372cb","SNYK-DEBIAN11-OPENSSH-1660415","2025-02-19T22:25:07.835Z","high"
"0708d6a5-c79a-4f28-9fde-b7126a5c7252","140ad3e4-018f-43f3-a688-0c32f9b341ab","fc795e0b-e6c6-46a6-9927-db9a7bb372cb","SNYK-DEBIAN11-OPENSSL-3314604","2025-02-19T22:25:07.835Z","high"
"0708d6a5-c79a-4f28-9fde-b7126a5c7252","140ad3e4-018f-43f3-a688-0c32f9b341ab","fc795e0b-e6c6-46a6-9927-db9a7bb372cb","SNYK-DEBIAN11-LIBDE265-6105352","2025-02-19T22:25:07.835Z","high"
"0708d6a5-c79a-4f28-9fde-b7126a5c7252","140ad3e4-018f-43f3-a688-0c32f9b341ab","fc795e0b-e6c6-46a6-9927-db9a7bb372cb","SNYK-DEBIAN11-SQLITE3-1569419","2025-02-19T22:25:07.835Z","high"
"0708d6a5-c79a-4f28-9fde-b7126a5c7252","140ad3e4-018f-43f3-a688-0c32f9b341ab","fc795e0b-e6c6-46a6-9927-db9a7bb372cb","SNYK-DEBIAN11-OPENSSL-3314584","2025-02-19T22:25:07.835Z","high"
"0708d6a5-c79a-4f28-9fde-b7126a5c7252","140ad3e4-018f-43f3-a688-0c32f9b341ab","fc795e0b-e6c6-46a6-9927-db9a7bb372cb","SNYK-DEBIAN11-DAV1D-6252758","2025-02-19T22:25:07.835Z","high"
"0708d6a5-c79a-4f28-9fde-b7126a5c7252","140ad3e4-018f-43f3-a688-0c32f9b341ab","fc795e0b-e6c6-46a6-9927-db9a7bb372cb","SNYK-DEBIAN11-IMAGEMAGICK-2928984","2025-02-19T22:25:07.835Z","high"
"0708d6a5-c79a-4f28-9fde-b7126a5c7252","140ad3e4-018f-43f3-a688-0c32f9b341ab","fc795e0b-e6c6-46a6-9927-db9a7bb372cb","SNYK-DEBIAN11-LIBDE265-6105344","2025-02-19T22:25:07.835Z","high"
"0708d6a5-c79a-4f28-9fde-b7126a5c7252","140ad3e4-018f-43f3-a688-0c32f9b341ab","fc795e0b-e6c6-46a6-9927-db9a7bb372cb","SNYK-DEBIAN11-SYSTEMD-6277512","2025-02-19T22:25:07.835Z","high"
"0708d6a5-c79a-4f28-9fde-b7126a5c7252","140ad3e4-018f-43f3-a688-0c32f9b341ab","fc795e0b-e6c6-46a6-9927-db9a7bb372cb","SNYK-DEBIAN11-GIT-5461943","2025-02-19T22:25:07.835Z","high"
"0708d6a5-c79a-4f28-9fde-b7126a5c7252","140ad3e4-018f-43f3-a688-0c32f9b341ab","fc795e0b-e6c6-46a6-9927-db9a7bb372cb","SNYK-DEBIAN11-GIT-3319756","2025-02-19T22:25:07.835Z","high"
"0708d6a5-c79a-4f28-9fde-b7126a5c7252","140ad3e4-018f-43f3-a688-0c32f9b341ab","fc795e0b-e6c6-46a6-9927-db9a7bb372cb","SNYK-DEBIAN11-LIBXML2-5747746","2025-02-19T22:25:07.835Z","high"
"0708d6a5-c79a-4f28-9fde-b7126a5c7252","140ad3e4-018f-43f3-a688-0c32f9b341ab","fc795e0b-e6c6-46a6-9927-db9a7bb372cb","SNYK-DEBIAN11-EXPAT-7855508","2025-02-19T22:25:07.835Z","high"
"0708d6a5-c79a-4f28-9fde-b7126a5c7252","140ad3e4-018f-43f3-a688-0c32f9b341ab","fc795e0b-e6c6-46a6-9927-db9a7bb372cb","SNYK-DEBIAN11-PYTHON39-2764968","2025-02-19T22:25:07.835Z","high"
"0708d6a5-c79a-4f28-9fde-b7126a5c7252","140ad3e4-018f-43f3-a688-0c32f9b341ab","fc795e0b-e6c6-46a6-9927-db9a7bb372cb","SNYK-DEBIAN11-LIBDE265-2359240","2025-02-19T22:25:07.835Z","high"
"0708d6a5-c79a-4f28-9fde-b7126a5c7252","140ad3e4-018f-43f3-a688-0c32f9b341ab","fc795e0b-e6c6-46a6-9927-db9a7bb372cb","SNYK-DEBIAN11-IMAGEMAGICK-1246513","2025-02-19T22:25:07.835Z","high"
"0708d6a5-c79a-4f28-9fde-b7126a5c7252","140ad3e4-018f-43f3-a688-0c32f9b341ab","fc795e0b-e6c6-46a6-9927-db9a7bb372cb","SNYK-DEBIAN11-EXPAT-6227598","2025-02-19T22:25:07.835Z","high"
"0708d6a5-c79a-4f28-9fde-b7126a5c7252","140ad3e4-018f-43f3-a688-0c32f9b341ab","fc795e0b-e6c6-46a6-9927-db9a7bb372cb","SNYK-DEBIAN11-LIBDE265-1585966","2025-02-19T22:25:07.835Z","high"
"0708d6a5-c79a-4f28-9fde-b7126a5c7252","140ad3e4-018f-43f3-a688-0c32f9b341ab","fc795e0b-e6c6-46a6-9927-db9a7bb372cb","SNYK-DEBIAN11-POSTGRESQL13-6055641","2025-02-19T22:25:07.835Z","high"
"0708d6a5-c79a-4f28-9fde-b7126a5c7252","140ad3e4-018f-43f3-a688-0c32f9b341ab","fc795e0b-e6c6-46a6-9927-db9a7bb372cb","SNYK-DEBIAN11-POSTGRESQL13-7654157","2025-02-19T22:25:07.835Z","high"
"0708d6a5-c79a-4f28-9fde-b7126a5c7252","140ad3e4-018f-43f3-a688-0c32f9b341ab","fc795e0b-e6c6-46a6-9927-db9a7bb372cb","SNYK-DEBIAN11-PYTHON39-2388383","2025-02-19T22:25:07.835Z","high"
"0708d6a5-c79a-4f28-9fde-b7126a5c7252","140ad3e4-018f-43f3-a688-0c32f9b341ab","fc795e0b-e6c6-46a6-9927-db9a7bb372cb","SNYK-DEBIAN11-TIFF-5747600","2025-02-19T22:25:07.835Z","high"
"0708d6a5-c79a-4f28-9fde-b7126a5c7252","140ad3e4-018f-43f3-a688-0c32f9b341ab","fc795e0b-e6c6-46a6-9927-db9a7bb372cb","SNYK-DEBIAN11-LIBDE265-3342948","2025-02-19T22:25:07.835Z","high"
"0708d6a5-c79a-4f28-9fde-b7126a5c7252","140ad3e4-018f-43f3-a688-0c32f9b341ab","fc795e0b-e6c6-46a6-9927-db9a7bb372cb","SNYK-DEBIAN11-PYTHON39-7886326","2025-02-19T22:25:07.835Z","high"
"0708d6a5-c79a-4f28-9fde-b7126a5c7252","140ad3e4-018f-43f3-a688-0c32f9b341ab","fc795e0b-e6c6-46a6-9927-db9a7bb372cb","SNYK-DEBIAN11-PYTHON39-3092471","2025-02-19T22:25:07.835Z","high"
"0708d6a5-c79a-4f28-9fde-b7126a5c7252","140ad3e4-018f-43f3-a688-0c32f9b341ab","fc795e0b-e6c6-46a6-9927-db9a7bb372cb","SNYK-DEBIAN11-LIBXML2-8732580","2025-02-19T22:25:07.835Z","high"
"0708d6a5-c79a-4f28-9fde-b7126a5c7252","140ad3e4-018f-43f3-a688-0c32f9b341ab","fc795e0b-e6c6-46a6-9927-db9a7bb372cb","SNYK-DEBIAN11-LIBWEBP-5489177","2025-02-19T22:25:07.835Z","high"
"0708d6a5-c79a-4f28-9fde-b7126a5c7252","140ad3e4-018f-43f3-a688-0c32f9b341ab","fc795e0b-e6c6-46a6-9927-db9a7bb372cb","SNYK-DEBIAN11-PYTHON39-3032984","2025-02-19T22:25:07.835Z","high"
"0708d6a5-c79a-4f28-9fde-b7126a5c7252","140ad3e4-018f-43f3-a688-0c32f9b341ab","fc795e0b-e6c6-46a6-9927-db9a7bb372cb","SNYK-DEBIAN11-LIBDE265-6070698","2025-02-19T22:25:07.835Z","high"
"0708d6a5-c79a-4f28-9fde-b7126a5c7252","140ad3e4-018f-43f3-a688-0c32f9b341ab","fc795e0b-e6c6-46a6-9927-db9a7bb372cb","SNYK-DEBIAN11-SQLITE3-6139925","2025-02-19T22:25:07.835Z","high"
"0708d6a5-c79a-4f28-9fde-b7126a5c7252","140ad3e4-018f-43f3-a688-0c32f9b341ab","fc795e0b-e6c6-46a6-9927-db9a7bb372cb","SNYK-DEBIAN11-CURL-3179181","2025-02-19T22:25:07.835Z","high"
"0708d6a5-c79a-4f28-9fde-b7126a5c7252","140ad3e4-018f-43f3-a688-0c32f9b341ab","51d5db80-2c70-4306-8ae4-e47f6c0d807b","npm:marked:20170815","2025-02-19T22:25:07.964Z","high"
"0708d6a5-c79a-4f28-9fde-b7126a5c7252","140ad3e4-018f-43f3-a688-0c32f9b341ab","51d5db80-2c70-4306-8ae4-e47f6c0d807b","SNYK-JS-HANDLEBARS-173692","2025-02-19T22:25:07.964Z","high"
"0708d6a5-c79a-4f28-9fde-b7126a5c7252","140ad3e4-018f-43f3-a688-0c32f9b341ab","51d5db80-2c70-4306-8ae4-e47f6c0d807b","SNYK-JS-ASYNC-2441827","2025-02-19T22:25:07.964Z","high"
"0708d6a5-c79a-4f28-9fde-b7126a5c7252","140ad3e4-018f-43f3-a688-0c32f9b341ab","51d5db80-2c70-4306-8ae4-e47f6c0d807b","SNYK-JS-INI-1048974","2025-02-19T22:25:07.964Z","high"
"0708d6a5-c79a-4f28-9fde-b7126a5c7252","140ad3e4-018f-43f3-a688-0c32f9b341ab","51d5db80-2c70-4306-8ae4-e47f6c0d807b","npm:npmconf:20180512","2025-02-19T22:25:07.964Z","high"
"0708d6a5-c79a-4f28-9fde-b7126a5c7252","140ad3e4-018f-43f3-a688-0c32f9b341ab","51d5db80-2c70-4306-8ae4-e47f6c0d807b","SNYK-JS-SEMVER-3247795","2025-02-19T22:25:07.964Z","high"
"0708d6a5-c79a-4f28-9fde-b7126a5c7252","140ad3e4-018f-43f3-a688-0c32f9b341ab","51d5db80-2c70-4306-8ae4-e47f6c0d807b","SNYK-JS-HANDLEBARS-469063","2025-02-19T22:25:07.964Z","high"
"0708d6a5-c79a-4f28-9fde-b7126a5c7252","140ad3e4-018f-43f3-a688-0c32f9b341ab","51d5db80-2c70-4306-8ae4-e47f6c0d807b","SNYK-JS-DUSTJSLINKEDIN-1089257","2025-02-19T22:25:07.964Z","high"
"0708d6a5-c79a-4f28-9fde-b7126a5c7252","140ad3e4-018f-43f3-a688-0c32f9b341ab","51d5db80-2c70-4306-8ae4-e47f6c0d807b","SNYK-JS-BODYPARSER-7926860","2025-02-19T22:25:07.964Z","high"
"0708d6a5-c79a-4f28-9fde-b7126a5c7252","140ad3e4-018f-43f3-a688-0c32f9b341ab","51d5db80-2c70-4306-8ae4-e47f6c0d807b","npm:ejs:20161128","2025-02-19T22:25:07.964Z","high"
"0708d6a5-c79a-4f28-9fde-b7126a5c7252","140ad3e4-018f-43f3-a688-0c32f9b341ab","51d5db80-2c70-4306-8ae4-e47f6c0d807b","SNYK-JS-LODASH-608086","2025-02-19T22:25:07.964Z","high"
"0708d6a5-c79a-4f28-9fde-b7126a5c7252","140ad3e4-018f-43f3-a688-0c32f9b341ab","51d5db80-2c70-4306-8ae4-e47f6c0d807b","SNYK-JS-HANDLEBARS-534478","2025-02-19T22:25:07.964Z","high"
"0708d6a5-c79a-4f28-9fde-b7126a5c7252","140ad3e4-018f-43f3-a688-0c32f9b341ab","51d5db80-2c70-4306-8ae4-e47f6c0d807b","SNYK-JS-UNSETVALUE-2400660","2025-02-19T22:25:07.964Z","high"
"0708d6a5-c79a-4f28-9fde-b7126a5c7252","140ad3e4-018f-43f3-a688-0c32f9b341ab","51d5db80-2c70-4306-8ae4-e47f6c0d807b","SNYK-JS-HANDLEBARS-174183","2025-02-19T22:25:07.964Z","high"
"0708d6a5-c79a-4f28-9fde-b7126a5c7252","140ad3e4-018f-43f3-a688-0c32f9b341ab","51d5db80-2c70-4306-8ae4-e47f6c0d807b","SNYK-JS-HANDLEBARS-480388","2025-02-19T22:25:07.964Z","high"
"0708d6a5-c79a-4f28-9fde-b7126a5c7252","140ad3e4-018f-43f3-a688-0c32f9b341ab","51d5db80-2c70-4306-8ae4-e47f6c0d807b","SNYK-JS-DECODEURICOMPONENT-3149970","2025-02-19T22:25:07.964Z","high"
"0708d6a5-c79a-4f28-9fde-b7126a5c7252","140ad3e4-018f-43f3-a688-0c32f9b341ab","51d5db80-2c70-4306-8ae4-e47f6c0d807b","SNYK-JS-MOMENT-2440688","2025-02-19T22:25:07.964Z","high"
"0708d6a5-c79a-4f28-9fde-b7126a5c7252","140ad3e4-018f-43f3-a688-0c32f9b341ab","51d5db80-2c70-4306-8ae4-e47f6c0d807b","npm:marked:20180225","2025-02-19T22:25:07.964Z","high"
"0708d6a5-c79a-4f28-9fde-b7126a5c7252","140ad3e4-018f-43f3-a688-0c32f9b341ab","51d5db80-2c70-4306-8ae4-e47f6c0d807b","SNYK-JS-LODASH-1040724","2025-02-19T22:25:07.964Z","high"
"0708d6a5-c79a-4f28-9fde-b7126a5c7252","140ad3e4-018f-43f3-a688-0c32f9b341ab","51d5db80-2c70-4306-8ae4-e47f6c0d807b","SNYK-JS-DICER-2311764","2025-02-19T22:25:07.964Z","high"
"0708d6a5-c79a-4f28-9fde-b7126a5c7252","140ad3e4-018f-43f3-a688-0c32f9b341ab","51d5db80-2c70-4306-8ae4-e47f6c0d807b","SNYK-JS-EJS-2803307","2025-02-19T22:25:07.964Z","high"
"0708d6a5-c79a-4f28-9fde-b7126a5c7252","140ad3e4-018f-43f3-a688-0c32f9b341ab","51d5db80-2c70-4306-8ae4-e47f6c0d807b","npm:marked:20170907","2025-02-19T22:25:07.964Z","high"
"0708d6a5-c79a-4f28-9fde-b7126a5c7252","140ad3e4-018f-43f3-a688-0c32f9b341ab","51d5db80-2c70-4306-8ae4-e47f6c0d807b","SNYK-JS-JSONSCHEMA-1920922","2025-02-19T22:25:07.964Z","high"
"0708d6a5-c79a-4f28-9fde-b7126a5c7252","140ad3e4-018f-43f3-a688-0c32f9b341ab","51d5db80-2c70-4306-8ae4-e47f6c0d807b","SNYK-JS-QS-3153490","2025-02-19T22:25:07.964Z","high"
"0708d6a5-c79a-4f28-9fde-b7126a5c7252","140ad3e4-018f-43f3-a688-0c32f9b341ab","51d5db80-2c70-4306-8ae4-e47f6c0d807b","SNYK-JS-KERBEROS-568900","2025-02-19T22:25:07.964Z","high"
"0708d6a5-c79a-4f28-9fde-b7126a5c7252","140ad3e4-018f-43f3-a688-0c32f9b341ab","51d5db80-2c70-4306-8ae4-e47f6c0d807b","SNYK-JS-MONGOOSE-8623536","2025-02-19T22:25:07.964Z","high"
"0708d6a5-c79a-4f28-9fde-b7126a5c7252","140ad3e4-018f-43f3-a688-0c32f9b341ab","51d5db80-2c70-4306-8ae4-e47f6c0d807b","SNYK-JS-ADMZIP-1065796","2025-02-19T22:25:07.964Z","high"
"0708d6a5-c79a-4f28-9fde-b7126a5c7252","140ad3e4-018f-43f3-a688-0c32f9b341ab","51d5db80-2c70-4306-8ae4-e47f6c0d807b","SNYK-JS-LODASH-450202","2025-02-19T22:25:07.964Z","high"
"0708d6a5-c79a-4f28-9fde-b7126a5c7252","140ad3e4-018f-43f3-a688-0c32f9b341ab","51d5db80-2c70-4306-8ae4-e47f6c0d807b","SNYK-JS-Y18N-1021887","2025-02-19T22:25:07.964Z","high"
"0708d6a5-c79a-4f28-9fde-b7126a5c7252","140ad3e4-018f-43f3-a688-0c32f9b341ab","51d5db80-2c70-4306-8ae4-e47f6c0d807b","SNYK-JS-MIXINDEEP-450212","2025-02-19T22:25:07.964Z","high"
"0708d6a5-c79a-4f28-9fde-b7126a5c7252","140ad3e4-018f-43f3-a688-0c32f9b341ab","51d5db80-2c70-4306-8ae4-e47f6c0d807b","SNYK-JS-EXPRESSFILEUPLOAD-473997","2025-02-19T22:25:07.964Z","high"
"0708d6a5-c79a-4f28-9fde-b7126a5c7252","140ad3e4-018f-43f3-a688-0c32f9b341ab","51d5db80-2c70-4306-8ae4-e47f6c0d807b","SNYK-JS-MONGODB-473855","2025-02-19T22:25:07.964Z","high"
"0708d6a5-c79a-4f28-9fde-b7126a5c7252","140ad3e4-018f-43f3-a688-0c32f9b341ab","51d5db80-2c70-4306-8ae4-e47f6c0d807b","SNYK-JS-SETVALUE-1540541","2025-02-19T22:25:07.964Z","high"
"0708d6a5-c79a-4f28-9fde-b7126a5c7252","140ad3e4-018f-43f3-a688-0c32f9b341ab","51d5db80-2c70-4306-8ae4-e47f6c0d807b","SNYK-JS-LODASH-73638","2025-02-19T22:25:07.964Z","high"
"0708d6a5-c79a-4f28-9fde-b7126a5c7252","140ad3e4-018f-43f3-a688-0c32f9b341ab","51d5db80-2c70-4306-8ae4-e47f6c0d807b","SNYK-JS-ANSIREGEX-1583908","2025-02-19T22:25:07.964Z","high"
"0708d6a5-c79a-4f28-9fde-b7126a5c7252","140ad3e4-018f-43f3-a688-0c32f9b341ab","51d5db80-2c70-4306-8ae4-e47f6c0d807b","SNYK-JS-CROSSSPAWN-8303230","2025-02-19T22:25:07.964Z","high"
"0708d6a5-c79a-4f28-9fde-b7126a5c7252","140ad3e4-018f-43f3-a688-0c32f9b341ab","51d5db80-2c70-4306-8ae4-e47f6c0d807b","SNYK-JS-TYPEORM-590152","2025-02-19T22:25:07.964Z","high"
"0708d6a5-c79a-4f28-9fde-b7126a5c7252","140ad3e4-018f-43f3-a688-0c32f9b341ab","51d5db80-2c70-4306-8ae4-e47f6c0d807b","npm:marked:20150520","2025-02-19T22:25:07.964Z","high"
"0708d6a5-c79a-4f28-9fde-b7126a5c7252","140ad3e4-018f-43f3-a688-0c32f9b341ab","51d5db80-2c70-4306-8ae4-e47f6c0d807b","npm:fresh:20170908","2025-02-19T22:25:07.964Z","high"
"0708d6a5-c79a-4f28-9fde-b7126a5c7252","140ad3e4-018f-43f3-a688-0c32f9b341ab","51d5db80-2c70-4306-8ae4-e47f6c0d807b","SNYK-JS-LODASH-567746","2025-02-19T22:25:07.964Z","high"
"0708d6a5-c79a-4f28-9fde-b7126a5c7252","140ad3e4-018f-43f3-a688-0c32f9b341ab","51d5db80-2c70-4306-8ae4-e47f6c0d807b","SNYK-JS-AJV-584908","2025-02-19T22:25:07.964Z","high"
"0708d6a5-c79a-4f28-9fde-b7126a5c7252","140ad3e4-018f-43f3-a688-0c32f9b341ab","51d5db80-2c70-4306-8ae4-e47f6c0d807b","SNYK-JS-MONGOOSE-8446504","2025-02-19T22:25:07.964Z","high"
"0708d6a5-c79a-4f28-9fde-b7126a5c7252","140ad3e4-018f-43f3-a688-0c32f9b341ab","51d5db80-2c70-4306-8ae4-e47f6c0d807b","SNYK-JS-EXPRESSFILEUPLOAD-595969","2025-02-19T22:25:07.964Z","high"
"0708d6a5-c79a-4f28-9fde-b7126a5c7252","140ad3e4-018f-43f3-a688-0c32f9b341ab","51d5db80-2c70-4306-8ae4-e47f6c0d807b","SNYK-JS-LODASH-6139239","2025-02-19T22:25:07.964Z","high"
"0708d6a5-c79a-4f28-9fde-b7126a5c7252","140ad3e4-018f-43f3-a688-0c32f9b341ab","51d5db80-2c70-4306-8ae4-e47f6c0d807b","npm:negotiator:20160616","2025-02-19T22:25:07.964Z","high"
"0708d6a5-c79a-4f28-9fde-b7126a5c7252","140ad3e4-018f-43f3-a688-0c32f9b341ab","51d5db80-2c70-4306-8ae4-e47f6c0d807b","SNYK-JS-HANDLEBARS-1056767","2025-02-19T22:25:07.964Z","high"
"0708d6a5-c79a-4f28-9fde-b7126a5c7252","140ad3e4-018f-43f3-a688-0c32f9b341ab","51d5db80-2c70-4306-8ae4-e47f6c0d807b","SNYK-JS-BL-608877","2025-02-19T22:25:07.964Z","high"
"0708d6a5-c79a-4f28-9fde-b7126a5c7252","140ad3e4-018f-43f3-a688-0c32f9b341ab","51d5db80-2c70-4306-8ae4-e47f6c0d807b","SNYK-JS-SETVALUE-450213","2025-02-19T22:25:07.964Z","high"
"0708d6a5-c79a-4f28-9fde-b7126a5c7252","140ad3e4-018f-43f3-a688-0c32f9b341ab","51d5db80-2c70-4306-8ae4-e47f6c0d807b","SNYK-JS-BRACES-6838727","2025-02-19T22:25:07.964Z","high"
"0708d6a5-c79a-4f28-9fde-b7126a5c7252","140ad3e4-018f-43f3-a688-0c32f9b341ab","51d5db80-2c70-4306-8ae4-e47f6c0d807b","npm:qs:20170213","2025-02-19T22:25:07.964Z","high"
"0708d6a5-c79a-4f28-9fde-b7126a5c7252","140ad3e4-018f-43f3-a688-0c32f9b341ab","51d5db80-2c70-4306-8ae4-e47f6c0d807b","SNYK-JS-MQUERY-1089718","2025-02-19T22:25:07.964Z","high"
"0708d6a5-c79a-4f28-9fde-b7126a5c7252","140ad3e4-018f-43f3-a688-0c32f9b341ab","51d5db80-2c70-4306-8ae4-e47f6c0d807b","SNYK-JS-MONGOOSE-5777721","2025-02-19T22:25:07.964Z","high"
"0708d6a5-c79a-4f28-9fde-b7126a5c7252","140ad3e4-018f-43f3-a688-0c32f9b341ab","51d5db80-2c70-4306-8ae4-e47f6c0d807b","SNYK-JS-MONGOOSE-2961688","2025-02-19T22:25:07.964Z","high"
"0708d6a5-c79a-4f28-9fde-b7126a5c7252","140ad3e4-018f-43f3-a688-0c32f9b341ab","51d5db80-2c70-4306-8ae4-e47f6c0d807b","npm:marked:20170112","2025-02-19T22:25:07.964Z","high"
"0708d6a5-c79a-4f28-9fde-b7126a5c7252","140ad3e4-018f-43f3-a688-0c32f9b341ab","51d5db80-2c70-4306-8ae4-e47f6c0d807b","npm:dustjs-linkedin:20160819","2025-02-19T22:25:07.964Z","high"
"0708d6a5-c79a-4f28-9fde-b7126a5c7252","140ad3e4-018f-43f3-a688-0c32f9b341ab","51d5db80-2c70-4306-8ae4-e47f6c0d807b","SNYK-JS-MQUERY-1050858","2025-02-19T22:25:07.964Z","high"
"0708d6a5-c79a-4f28-9fde-b7126a5c7252","140ad3e4-018f-43f3-a688-0c32f9b341ab","ea0c8ebc-df1e-49d2-a88b-0f6e4da4d01e","5e791e7b-fb4d-42e1-9fbb-0a9e628a5ab4","2025-02-19T22:25:34.957Z","high"
"0708d6a5-c79a-4f28-9fde-b7126a5c7252","140ad3e4-018f-43f3-a688-0c32f9b341ab","ea0c8ebc-df1e-49d2-a88b-0f6e4da4d01e","8cb1217a-1a95-4c41-9d04-482f102e2ed9","2025-02-19T22:25:34.957Z","high"
"0708d6a5-c79a-4f28-9fde-b7126a5c7252","140ad3e4-018f-43f3-a688-0c32f9b341ab","ea0c8ebc-df1e-49d2-a88b-0f6e4da4d01e","662b4936-1152-4542-81c3-b4bdb85c8ee2","2025-02-19T22:25:34.957Z","high"
"0708d6a5-c79a-4f28-9fde-b7126a5c7252","140ad3e4-018f-43f3-a688-0c32f9b341ab","444afc23-d3fc-4a19-98ca-e7b842c7e9e4","SNYK-DEBIAN11-GIT-5461943","2025-02-19T23:41:35.242Z","high"
"0708d6a5-c79a-4f28-9fde-b7126a5c7252","140ad3e4-018f-43f3-a688-0c32f9b341ab","444afc23-d3fc-4a19-98ca-e7b842c7e9e4","SNYK-DEBIAN11-GLIBC-5927133","2025-02-19T23:41:35.242Z","high"
"0708d6a5-c79a-4f28-9fde-b7126a5c7252","140ad3e4-018f-43f3-a688-0c32f9b341ab","444afc23-d3fc-4a19-98ca-e7b842c7e9e4","SNYK-DEBIAN11-LIBDE265-1585966","2025-02-19T23:41:35.242Z","high"
"0708d6a5-c79a-4f28-9fde-b7126a5c7252","140ad3e4-018f-43f3-a688-0c32f9b341ab","444afc23-d3fc-4a19-98ca-e7b842c7e9e4","SNYK-DEBIAN11-LIBX11-5710893","2025-02-19T23:41:35.242Z","high"
"0708d6a5-c79a-4f28-9fde-b7126a5c7252","140ad3e4-018f-43f3-a688-0c32f9b341ab","444afc23-d3fc-4a19-98ca-e7b842c7e9e4","SNYK-DEBIAN11-OPENJPEG2-1301277","2025-02-19T23:41:35.242Z","high"
"0708d6a5-c79a-4f28-9fde-b7126a5c7252","140ad3e4-018f-43f3-a688-0c32f9b341ab","444afc23-d3fc-4a19-98ca-e7b842c7e9e4","SNYK-DEBIAN11-EXPAT-7855508","2025-02-19T23:41:35.242Z","high"
"0708d6a5-c79a-4f28-9fde-b7126a5c7252","140ad3e4-018f-43f3-a688-0c32f9b341ab","444afc23-d3fc-4a19-98ca-e7b842c7e9e4","SNYK-DEBIAN11-TIFF-3113871","2025-02-19T23:41:35.242Z","high"
"0708d6a5-c79a-4f28-9fde-b7126a5c7252","140ad3e4-018f-43f3-a688-0c32f9b341ab","444afc23-d3fc-4a19-98ca-e7b842c7e9e4","SNYK-DEBIAN11-LIBDE265-6070698","2025-02-19T23:41:35.242Z","high"
"0708d6a5-c79a-4f28-9fde-b7126a5c7252","140ad3e4-018f-43f3-a688-0c32f9b341ab","444afc23-d3fc-4a19-98ca-e7b842c7e9e4","SNYK-DEBIAN11-GIT-3051727","2025-02-19T23:41:35.242Z","high"
"0708d6a5-c79a-4f28-9fde-b7126a5c7252","140ad3e4-018f-43f3-a688-0c32f9b341ab","444afc23-d3fc-4a19-98ca-e7b842c7e9e4","SNYK-DEBIAN11-POSTGRESQL13-5838224","2025-02-19T23:41:35.242Z","high"
"0708d6a5-c79a-4f28-9fde-b7126a5c7252","140ad3e4-018f-43f3-a688-0c32f9b341ab","444afc23-d3fc-4a19-98ca-e7b842c7e9e4","SNYK-DEBIAN11-POSTGRESQL13-8381234","2025-02-19T23:41:35.242Z","high"
"0708d6a5-c79a-4f28-9fde-b7126a5c7252","140ad3e4-018f-43f3-a688-0c32f9b341ab","444afc23-d3fc-4a19-98ca-e7b842c7e9e4","SNYK-DEBIAN11-GIT-3319756","2025-02-19T23:41:35.242Z","high"
"0708d6a5-c79a-4f28-9fde-b7126a5c7252","140ad3e4-018f-43f3-a688-0c32f9b341ab","444afc23-d3fc-4a19-98ca-e7b842c7e9e4","SNYK-DEBIAN11-OPENSSL-3314584","2025-02-19T23:41:35.242Z","high"
"0708d6a5-c79a-4f28-9fde-b7126a5c7252","140ad3e4-018f-43f3-a688-0c32f9b341ab","444afc23-d3fc-4a19-98ca-e7b842c7e9e4","SNYK-DEBIAN11-TIFF-5747600","2025-02-19T23:41:35.242Z","high"
"0708d6a5-c79a-4f28-9fde-b7126a5c7252","140ad3e4-018f-43f3-a688-0c32f9b341ab","444afc23-d3fc-4a19-98ca-e7b842c7e9e4","SNYK-DEBIAN11-GDKPIXBUF-6207389","2025-02-19T23:41:35.242Z","high"
"0708d6a5-c79a-4f28-9fde-b7126a5c7252","140ad3e4-018f-43f3-a688-0c32f9b341ab","444afc23-d3fc-4a19-98ca-e7b842c7e9e4","SNYK-DEBIAN11-PYTHON39-3092471","2025-02-19T23:41:35.242Z","high"
"0708d6a5-c79a-4f28-9fde-b7126a5c7252","140ad3e4-018f-43f3-a688-0c32f9b341ab","444afc23-d3fc-4a19-98ca-e7b842c7e9e4","SNYK-DEBIAN11-GNUTLS28-3318299","2025-02-19T23:41:35.242Z","high"
"0708d6a5-c79a-4f28-9fde-b7126a5c7252","140ad3e4-018f-43f3-a688-0c32f9b341ab","444afc23-d3fc-4a19-98ca-e7b842c7e9e4","SNYK-DEBIAN11-PYTHON39-2388383","2025-02-19T23:41:35.242Z","high"
"0708d6a5-c79a-4f28-9fde-b7126a5c7252","140ad3e4-018f-43f3-a688-0c32f9b341ab","444afc23-d3fc-4a19-98ca-e7b842c7e9e4","SNYK-DEBIAN11-GIT-2635965","2025-02-19T23:41:35.242Z","high"
"0708d6a5-c79a-4f28-9fde-b7126a5c7252","140ad3e4-018f-43f3-a688-0c32f9b341ab","444afc23-d3fc-4a19-98ca-e7b842c7e9e4","SNYK-DEBIAN11-PYTHON39-3111117","2025-02-19T23:41:35.242Z","high"
"0708d6a5-c79a-4f28-9fde-b7126a5c7252","140ad3e4-018f-43f3-a688-0c32f9b341ab","444afc23-d3fc-4a19-98ca-e7b842c7e9e4","SNYK-DEBIAN11-SQLITE3-1569419","2025-02-19T23:41:35.242Z","high"
"0708d6a5-c79a-4f28-9fde-b7126a5c7252","140ad3e4-018f-43f3-a688-0c32f9b341ab","444afc23-d3fc-4a19-98ca-e7b842c7e9e4","SNYK-DEBIAN11-AOM-2309736","2025-02-19T23:41:35.242Z","high"
"0708d6a5-c79a-4f28-9fde-b7126a5c7252","140ad3e4-018f-43f3-a688-0c32f9b341ab","444afc23-d3fc-4a19-98ca-e7b842c7e9e4","SNYK-DEBIAN11-OPENSSL-3368735","2025-02-19T23:41:35.242Z","high"
"0708d6a5-c79a-4f28-9fde-b7126a5c7252","140ad3e4-018f-43f3-a688-0c32f9b341ab","444afc23-d3fc-4a19-98ca-e7b842c7e9e4","SNYK-DEBIAN11-POSTGRESQL13-7654157","2025-02-19T23:41:35.242Z","high"
"0708d6a5-c79a-4f28-9fde-b7126a5c7252","140ad3e4-018f-43f3-a688-0c32f9b341ab","444afc23-d3fc-4a19-98ca-e7b842c7e9e4","SNYK-DEBIAN11-PYTHON39-8305720","2025-02-19T23:41:35.242Z","high"
"0708d6a5-c79a-4f28-9fde-b7126a5c7252","140ad3e4-018f-43f3-a688-0c32f9b341ab","444afc23-d3fc-4a19-98ca-e7b842c7e9e4","SNYK-DEBIAN11-GNUTLS28-6159417","2025-02-19T23:41:35.242Z","high"
"0708d6a5-c79a-4f28-9fde-b7126a5c7252","140ad3e4-018f-43f3-a688-0c32f9b341ab","444afc23-d3fc-4a19-98ca-e7b842c7e9e4","SNYK-DEBIAN11-PYTHON39-7886326","2025-02-19T23:41:35.242Z","high"
"0708d6a5-c79a-4f28-9fde-b7126a5c7252","140ad3e4-018f-43f3-a688-0c32f9b341ab","444afc23-d3fc-4a19-98ca-e7b842c7e9e4","SNYK-DEBIAN11-GLIB20-5670987","2025-02-19T23:41:35.242Z","high"
"0708d6a5-c79a-4f28-9fde-b7126a5c7252","140ad3e4-018f-43f3-a688-0c32f9b341ab","444afc23-d3fc-4a19-98ca-e7b842c7e9e4","SNYK-DEBIAN11-POSTGRESQL13-6239516","2025-02-19T23:41:35.242Z","high"
"0708d6a5-c79a-4f28-9fde-b7126a5c7252","140ad3e4-018f-43f3-a688-0c32f9b341ab","444afc23-d3fc-4a19-98ca-e7b842c7e9e4","SNYK-DEBIAN11-IMAGEMAGICK-1244104","2025-02-19T23:41:35.242Z","high"
"0708d6a5-c79a-4f28-9fde-b7126a5c7252","140ad3e4-018f-43f3-a688-0c32f9b341ab","444afc23-d3fc-4a19-98ca-e7b842c7e9e4","SNYK-DEBIAN11-POSTGRESQL13-5519349","2025-02-19T23:41:35.242Z","high"
"0708d6a5-c79a-4f28-9fde-b7126a5c7252","140ad3e4-018f-43f3-a688-0c32f9b341ab","444afc23-d3fc-4a19-98ca-e7b842c7e9e4","SNYK-DEBIAN11-IMAGEMAGICK-2928984","2025-02-19T23:41:35.242Z","high"
"0708d6a5-c79a-4f28-9fde-b7126a5c7252","140ad3e4-018f-43f3-a688-0c32f9b341ab","444afc23-d3fc-4a19-98ca-e7b842c7e9e4","SNYK-DEBIAN11-LIBXML2-6227804","2025-02-19T23:41:35.242Z","high"
"0708d6a5-c79a-4f28-9fde-b7126a5c7252","140ad3e4-018f-43f3-a688-0c32f9b341ab","444afc23-d3fc-4a19-98ca-e7b842c7e9e4","SNYK-DEBIAN11-LIBXML2-8732580","2025-02-19T23:41:35.242Z","high"
"0708d6a5-c79a-4f28-9fde-b7126a5c7252","140ad3e4-018f-43f3-a688-0c32f9b341ab","444afc23-d3fc-4a19-98ca-e7b842c7e9e4","SNYK-DEBIAN11-NCURSES-2767191","2025-02-19T23:41:35.242Z","high"
"0708d6a5-c79a-4f28-9fde-b7126a5c7252","140ad3e4-018f-43f3-a688-0c32f9b341ab","444afc23-d3fc-4a19-98ca-e7b842c7e9e4","SNYK-DEBIAN11-LIBXML2-8663286","2025-02-19T23:41:35.242Z","high"
"0708d6a5-c79a-4f28-9fde-b7126a5c7252","140ad3e4-018f-43f3-a688-0c32f9b341ab","444afc23-d3fc-4a19-98ca-e7b842c7e9e4","SNYK-DEBIAN11-GIT-6846210","2025-02-19T23:41:35.242Z","high"
"0708d6a5-c79a-4f28-9fde-b7126a5c7252","140ad3e4-018f-43f3-a688-0c32f9b341ab","444afc23-d3fc-4a19-98ca-e7b842c7e9e4","SNYK-DEBIAN11-IMAGEMAGICK-1312915","2025-02-19T23:41:35.242Z","high"
"0708d6a5-c79a-4f28-9fde-b7126a5c7252","140ad3e4-018f-43f3-a688-0c32f9b341ab","444afc23-d3fc-4a19-98ca-e7b842c7e9e4","SNYK-DEBIAN11-DAV1D-6252758","2025-02-19T23:41:35.242Z","high"
"0708d6a5-c79a-4f28-9fde-b7126a5c7252","140ad3e4-018f-43f3-a688-0c32f9b341ab","444afc23-d3fc-4a19-98ca-e7b842c7e9e4","SNYK-DEBIAN11-LIBWEBP-5893094","2025-02-19T23:41:35.242Z","high"
"0708d6a5-c79a-4f28-9fde-b7126a5c7252","140ad3e4-018f-43f3-a688-0c32f9b341ab","444afc23-d3fc-4a19-98ca-e7b842c7e9e4","SNYK-DEBIAN11-CURL-3366762","2025-02-19T23:41:35.242Z","high"
"0708d6a5-c79a-4f28-9fde-b7126a5c7252","140ad3e4-018f-43f3-a688-0c32f9b341ab","444afc23-d3fc-4a19-98ca-e7b842c7e9e4","SNYK-DEBIAN11-IMAGEMAGICK-2928981","2025-02-19T23:41:35.242Z","high"
"0708d6a5-c79a-4f28-9fde-b7126a5c7252","140ad3e4-018f-43f3-a688-0c32f9b341ab","444afc23-d3fc-4a19-98ca-e7b842c7e9e4","SNYK-DEBIAN11-LIBSSH2-5861756","2025-02-19T23:41:35.242Z","high"
"0708d6a5-c79a-4f28-9fde-b7126a5c7252","140ad3e4-018f-43f3-a688-0c32f9b341ab","444afc23-d3fc-4a19-98ca-e7b842c7e9e4","SNYK-DEBIAN11-LIBDE265-6105346","2025-02-19T23:41:35.242Z","high"
"0708d6a5-c79a-4f28-9fde-b7126a5c7252","140ad3e4-018f-43f3-a688-0c32f9b341ab","444afc23-d3fc-4a19-98ca-e7b842c7e9e4","SNYK-DEBIAN11-POSTGRESQL13-6055641","2025-02-19T23:41:35.242Z","high"
"0708d6a5-c79a-4f28-9fde-b7126a5c7252","140ad3e4-018f-43f3-a688-0c32f9b341ab","444afc23-d3fc-4a19-98ca-e7b842c7e9e4","SNYK-DEBIAN11-PYTHON39-2764968","2025-02-19T23:41:35.242Z","high"
"0708d6a5-c79a-4f28-9fde-b7126a5c7252","140ad3e4-018f-43f3-a688-0c32f9b341ab","444afc23-d3fc-4a19-98ca-e7b842c7e9e4","SNYK-DEBIAN11-LIBDE265-3342948","2025-02-19T23:41:35.242Z","high"
"0708d6a5-c79a-4f28-9fde-b7126a5c7252","140ad3e4-018f-43f3-a688-0c32f9b341ab","444afc23-d3fc-4a19-98ca-e7b842c7e9e4","SNYK-DEBIAN11-LIBWEBP-5489177","2025-02-19T23:41:35.242Z","high"
"0708d6a5-c79a-4f28-9fde-b7126a5c7252","140ad3e4-018f-43f3-a688-0c32f9b341ab","444afc23-d3fc-4a19-98ca-e7b842c7e9e4","SNYK-DEBIAN11-EXPAT-6227598","2025-02-19T23:41:35.242Z","high"
"0708d6a5-c79a-4f28-9fde-b7126a5c7252","140ad3e4-018f-43f3-a688-0c32f9b341ab","444afc23-d3fc-4a19-98ca-e7b842c7e9e4","SNYK-DEBIAN11-PYTHON39-1570176","2025-02-19T23:41:35.242Z","high"
"0708d6a5-c79a-4f28-9fde-b7126a5c7252","140ad3e4-018f-43f3-a688-0c32f9b341ab","444afc23-d3fc-4a19-98ca-e7b842c7e9e4","SNYK-DEBIAN11-SYSTEMD-6277510","2025-02-19T23:41:35.242Z","high"
"0708d6a5-c79a-4f28-9fde-b7126a5c7252","140ad3e4-018f-43f3-a688-0c32f9b341ab","444afc23-d3fc-4a19-98ca-e7b842c7e9e4","SNYK-DEBIAN11-CURL-3366772","2025-02-19T23:41:35.242Z","high"
"0708d6a5-c79a-4f28-9fde-b7126a5c7252","140ad3e4-018f-43f3-a688-0c32f9b341ab","444afc23-d3fc-4a19-98ca-e7b842c7e9e4","SNYK-DEBIAN11-PYTHON39-3325303","2025-02-19T23:41:35.242Z","high"
"0708d6a5-c79a-4f28-9fde-b7126a5c7252","140ad3e4-018f-43f3-a688-0c32f9b341ab","444afc23-d3fc-4a19-98ca-e7b842c7e9e4","SNYK-DEBIAN11-PYTHON39-3032984","2025-02-19T23:41:35.242Z","high"
"0708d6a5-c79a-4f28-9fde-b7126a5c7252","140ad3e4-018f-43f3-a688-0c32f9b341ab","444afc23-d3fc-4a19-98ca-e7b842c7e9e4","SNYK-DEBIAN11-OPENSSH-1660415","2025-02-19T23:41:35.242Z","high"
"0708d6a5-c79a-4f28-9fde-b7126a5c7252","140ad3e4-018f-43f3-a688-0c32f9b341ab","444afc23-d3fc-4a19-98ca-e7b842c7e9e4","SNYK-DEBIAN11-KRB5-7411320","2025-02-19T23:41:35.242Z","high"
"0708d6a5-c79a-4f28-9fde-b7126a5c7252","140ad3e4-018f-43f3-a688-0c32f9b341ab","444afc23-d3fc-4a19-98ca-e7b842c7e9e4","SNYK-DEBIAN11-IMAGEMAGICK-2812515","2025-02-19T23:41:35.242Z","high"
"0708d6a5-c79a-4f28-9fde-b7126a5c7252","140ad3e4-018f-43f3-a688-0c32f9b341ab","444afc23-d3fc-4a19-98ca-e7b842c7e9e4","SNYK-DEBIAN11-GIT-6846205","2025-02-19T23:41:35.242Z","high"
"0708d6a5-c79a-4f28-9fde-b7126a5c7252","140ad3e4-018f-43f3-a688-0c32f9b341ab","444afc23-d3fc-4a19-98ca-e7b842c7e9e4","SNYK-DEBIAN11-GIT-5461949","2025-02-19T23:41:35.242Z","high"
"0708d6a5-c79a-4f28-9fde-b7126a5c7252","140ad3e4-018f-43f3-a688-0c32f9b341ab","444afc23-d3fc-4a19-98ca-e7b842c7e9e4","SNYK-DEBIAN11-IMAGEMAGICK-1246262","2025-02-19T23:41:35.242Z","high"
"0708d6a5-c79a-4f28-9fde-b7126a5c7252","140ad3e4-018f-43f3-a688-0c32f9b341ab","444afc23-d3fc-4a19-98ca-e7b842c7e9e4","SNYK-DEBIAN11-LIBDE265-3342951","2025-02-19T23:41:35.242Z","high"
"0708d6a5-c79a-4f28-9fde-b7126a5c7252","140ad3e4-018f-43f3-a688-0c32f9b341ab","444afc23-d3fc-4a19-98ca-e7b842c7e9e4","SNYK-DEBIAN11-LIBDE265-3227414","2025-02-19T23:41:35.242Z","high"
"0708d6a5-c79a-4f28-9fde-b7126a5c7252","140ad3e4-018f-43f3-a688-0c32f9b341ab","444afc23-d3fc-4a19-98ca-e7b842c7e9e4","SNYK-DEBIAN11-LIBXML2-5747746","2025-02-19T23:41:35.242Z","high"
"0708d6a5-c79a-4f28-9fde-b7126a5c7252","140ad3e4-018f-43f3-a688-0c32f9b341ab","444afc23-d3fc-4a19-98ca-e7b842c7e9e4","SNYK-DEBIAN11-LIBX11-5927150","2025-02-19T23:41:35.242Z","high"
"0708d6a5-c79a-4f28-9fde-b7126a5c7252","140ad3e4-018f-43f3-a688-0c32f9b341ab","444afc23-d3fc-4a19-98ca-e7b842c7e9e4","SNYK-DEBIAN11-OPENSSL-3314604","2025-02-19T23:41:35.242Z","high"
"0708d6a5-c79a-4f28-9fde-b7126a5c7252","140ad3e4-018f-43f3-a688-0c32f9b341ab","444afc23-d3fc-4a19-98ca-e7b842c7e9e4","SNYK-DEBIAN11-LIBDE265-6105344","2025-02-19T23:41:35.242Z","high"
"0708d6a5-c79a-4f28-9fde-b7126a5c7252","140ad3e4-018f-43f3-a688-0c32f9b341ab","444afc23-d3fc-4a19-98ca-e7b842c7e9e4","SNYK-DEBIAN11-LIBHEIF-8224947","2025-02-19T23:41:35.242Z","high"
"0708d6a5-c79a-4f28-9fde-b7126a5c7252","140ad3e4-018f-43f3-a688-0c32f9b341ab","444afc23-d3fc-4a19-98ca-e7b842c7e9e4","SNYK-DEBIAN11-GIT-537128","2025-02-19T23:41:35.242Z","high"
"0708d6a5-c79a-4f28-9fde-b7126a5c7252","140ad3e4-018f-43f3-a688-0c32f9b341ab","444afc23-d3fc-4a19-98ca-e7b842c7e9e4","SNYK-DEBIAN11-GNUTLS28-6159419","2025-02-19T23:41:35.242Z","high"
"0708d6a5-c79a-4f28-9fde-b7126a5c7252","140ad3e4-018f-43f3-a688-0c32f9b341ab","444afc23-d3fc-4a19-98ca-e7b842c7e9e4","SNYK-DEBIAN11-IMAGEMAGICK-1246513","2025-02-19T23:41:35.242Z","high"
"0708d6a5-c79a-4f28-9fde-b7126a5c7252","140ad3e4-018f-43f3-a688-0c32f9b341ab","444afc23-d3fc-4a19-98ca-e7b842c7e9e4","SNYK-DEBIAN11-OPENSSL-3314615","2025-02-19T23:41:35.242Z","high"
"0708d6a5-c79a-4f28-9fde-b7126a5c7252","140ad3e4-018f-43f3-a688-0c32f9b341ab","444afc23-d3fc-4a19-98ca-e7b842c7e9e4","SNYK-DEBIAN11-PERL-5489191","2025-02-19T23:41:35.242Z","high"
"0708d6a5-c79a-4f28-9fde-b7126a5c7252","140ad3e4-018f-43f3-a688-0c32f9b341ab","444afc23-d3fc-4a19-98ca-e7b842c7e9e4","SNYK-DEBIAN11-AOM-2309719","2025-02-19T23:41:35.242Z","high"
"0708d6a5-c79a-4f28-9fde-b7126a5c7252","140ad3e4-018f-43f3-a688-0c32f9b341ab","444afc23-d3fc-4a19-98ca-e7b842c7e9e4","SNYK-DEBIAN11-CURL-3066040","2025-02-19T23:41:35.242Z","high"
"0708d6a5-c79a-4f28-9fde-b7126a5c7252","140ad3e4-018f-43f3-a688-0c32f9b341ab","444afc23-d3fc-4a19-98ca-e7b842c7e9e4","SNYK-DEBIAN11-TIFF-6190609","2025-02-19T23:41:35.242Z","high"
"0708d6a5-c79a-4f28-9fde-b7126a5c7252","140ad3e4-018f-43f3-a688-0c32f9b341ab","444afc23-d3fc-4a19-98ca-e7b842c7e9e4","SNYK-DEBIAN11-NCURSES-5421197","2025-02-19T23:41:35.242Z","high"
"0708d6a5-c79a-4f28-9fde-b7126a5c7252","140ad3e4-018f-43f3-a688-0c32f9b341ab","444afc23-d3fc-4a19-98ca-e7b842c7e9e4","SNYK-DEBIAN11-IMAGEMAGICK-2441371","2025-02-19T23:41:35.242Z","high"
"0708d6a5-c79a-4f28-9fde-b7126a5c7252","140ad3e4-018f-43f3-a688-0c32f9b341ab","444afc23-d3fc-4a19-98ca-e7b842c7e9e4","SNYK-DEBIAN11-LIBHEIF-3331227","2025-02-19T23:41:35.242Z","high"
"0708d6a5-c79a-4f28-9fde-b7126a5c7252","140ad3e4-018f-43f3-a688-0c32f9b341ab","444afc23-d3fc-4a19-98ca-e7b842c7e9e4","SNYK-DEBIAN11-GIT-2949145","2025-02-19T23:41:35.242Z","high"
"0708d6a5-c79a-4f28-9fde-b7126a5c7252","140ad3e4-018f-43f3-a688-0c32f9b341ab","444afc23-d3fc-4a19-98ca-e7b842c7e9e4","SNYK-DEBIAN11-NGHTTP2-5953384","2025-02-19T23:41:35.242Z","high"
"0708d6a5-c79a-4f28-9fde-b7126a5c7252","140ad3e4-018f-43f3-a688-0c32f9b341ab","444afc23-d3fc-4a19-98ca-e7b842c7e9e4","SNYK-DEBIAN11-PYTHON39-7707945","2025-02-19T23:41:35.242Z","high"
"0708d6a5-c79a-4f28-9fde-b7126a5c7252","140ad3e4-018f-43f3-a688-0c32f9b341ab","444afc23-d3fc-4a19-98ca-e7b842c7e9e4","SNYK-DEBIAN11-GIT-6846189","2025-02-19T23:41:35.242Z","high"
"0708d6a5-c79a-4f28-9fde-b7126a5c7252","140ad3e4-018f-43f3-a688-0c32f9b341ab","444afc23-d3fc-4a19-98ca-e7b842c7e9e4","SNYK-DEBIAN11-LIBDE265-3336916","2025-02-19T23:41:35.242Z","high"
"0708d6a5-c79a-4f28-9fde-b7126a5c7252","140ad3e4-018f-43f3-a688-0c32f9b341ab","444afc23-d3fc-4a19-98ca-e7b842c7e9e4","SNYK-DEBIAN11-TIFF-7642492","2025-02-19T23:41:35.242Z","high"
"0708d6a5-c79a-4f28-9fde-b7126a5c7252","140ad3e4-018f-43f3-a688-0c32f9b341ab","444afc23-d3fc-4a19-98ca-e7b842c7e9e4","SNYK-DEBIAN11-E2FSPROGS-2628459","2025-02-19T23:41:35.242Z","high"
"0708d6a5-c79a-4f28-9fde-b7126a5c7252","140ad3e4-018f-43f3-a688-0c32f9b341ab","444afc23-d3fc-4a19-98ca-e7b842c7e9e4","SNYK-DEBIAN11-IMAGEMAGICK-5858556","2025-02-19T23:41:35.242Z","high"
"0708d6a5-c79a-4f28-9fde-b7126a5c7252","140ad3e4-018f-43f3-a688-0c32f9b341ab","444afc23-d3fc-4a19-98ca-e7b842c7e9e4","SNYK-DEBIAN11-PERL-6085272","2025-02-19T23:41:35.242Z","high"
"0708d6a5-c79a-4f28-9fde-b7126a5c7252","140ad3e4-018f-43f3-a688-0c32f9b341ab","444afc23-d3fc-4a19-98ca-e7b842c7e9e4","SNYK-DEBIAN11-LIBDE265-6105352","2025-02-19T23:41:35.242Z","high"
"0708d6a5-c79a-4f28-9fde-b7126a5c7252","140ad3e4-018f-43f3-a688-0c32f9b341ab","444afc23-d3fc-4a19-98ca-e7b842c7e9e4","SNYK-DEBIAN11-PYTHON39-3017608","2025-02-19T23:41:35.242Z","high"
"0708d6a5-c79a-4f28-9fde-b7126a5c7252","140ad3e4-018f-43f3-a688-0c32f9b341ab","444afc23-d3fc-4a19-98ca-e7b842c7e9e4","SNYK-DEBIAN11-LIBDE265-2359240","2025-02-19T23:41:35.242Z","high"
"0708d6a5-c79a-4f28-9fde-b7126a5c7252","140ad3e4-018f-43f3-a688-0c32f9b341ab","444afc23-d3fc-4a19-98ca-e7b842c7e9e4","SNYK-DEBIAN11-PERL-1925976","2025-02-19T23:41:35.242Z","high"
"0708d6a5-c79a-4f28-9fde-b7126a5c7252","140ad3e4-018f-43f3-a688-0c32f9b341ab","444afc23-d3fc-4a19-98ca-e7b842c7e9e4","SNYK-DEBIAN11-CURL-3179181","2025-02-19T23:41:35.242Z","high"
"0708d6a5-c79a-4f28-9fde-b7126a5c7252","140ad3e4-018f-43f3-a688-0c32f9b341ab","444afc23-d3fc-4a19-98ca-e7b842c7e9e4","SNYK-DEBIAN11-SYSTEMD-6277512","2025-02-19T23:41:35.242Z","high"
"0708d6a5-c79a-4f28-9fde-b7126a5c7252","140ad3e4-018f-43f3-a688-0c32f9b341ab","444afc23-d3fc-4a19-98ca-e7b842c7e9e4","SNYK-DEBIAN11-LIBDE265-3361564","2025-02-19T23:41:35.242Z","high"
"0708d6a5-c79a-4f28-9fde-b7126a5c7252","140ad3e4-018f-43f3-a688-0c32f9b341ab","444afc23-d3fc-4a19-98ca-e7b842c7e9e4","SNYK-DEBIAN11-IMAGEMAGICK-2928988","2025-02-19T23:41:35.242Z","high"
"0708d6a5-c79a-4f28-9fde-b7126a5c7252","140ad3e4-018f-43f3-a688-0c32f9b341ab","444afc23-d3fc-4a19-98ca-e7b842c7e9e4","SNYK-DEBIAN11-GIT-8622742","2025-02-19T23:41:35.242Z","high"
"0708d6a5-c79a-4f28-9fde-b7126a5c7252","140ad3e4-018f-43f3-a688-0c32f9b341ab","444afc23-d3fc-4a19-98ca-e7b842c7e9e4","SNYK-DEBIAN11-SQLITE3-6139925","2025-02-19T23:41:35.242Z","high"
"0708d6a5-c79a-4f28-9fde-b7126a5c7252","140ad3e4-018f-43f3-a688-0c32f9b341ab","2805c91b-b446-466f-904f-02ec9e912e2a","543b28e3-6b49-48cf-b176-c9a8ab6a38ff","2025-02-19T23:41:40.31Z","high"
"0708d6a5-c79a-4f28-9fde-b7126a5c7252","140ad3e4-018f-43f3-a688-0c32f9b341ab","2805c91b-b446-466f-904f-02ec9e912e2a","64d81648-9cb9-436b-a3eb-8cfa042f33d7","2025-02-19T23:41:40.31Z","high"
"0708d6a5-c79a-4f28-9fde-b7126a5c7252","140ad3e4-018f-43f3-a688-0c32f9b341ab","2805c91b-b446-466f-904f-02ec9e912e2a","285362c9-66e0-4f35-8bea-ec1a6d459277","2025-02-19T23:41:40.31Z","high"
"0708d6a5-c79a-4f28-9fde-b7126a5c7252","140ad3e4-018f-43f3-a688-0c32f9b341ab","e3d18293-e29c-497e-bf2f-e08096427a7b","SNYK-JS-JSONSCHEMA-1920922","2025-02-19T23:41:51.332Z","high"
"0708d6a5-c79a-4f28-9fde-b7126a5c7252","140ad3e4-018f-43f3-a688-0c32f9b341ab","e3d18293-e29c-497e-bf2f-e08096427a7b","SNYK-JS-LODASH-1040724","2025-02-19T23:41:51.332Z","high"
"0708d6a5-c79a-4f28-9fde-b7126a5c7252","140ad3e4-018f-43f3-a688-0c32f9b341ab","e3d18293-e29c-497e-bf2f-e08096427a7b","SNYK-JS-BL-608877","2025-02-19T23:41:51.332Z","high"
"0708d6a5-c79a-4f28-9fde-b7126a5c7252","140ad3e4-018f-43f3-a688-0c32f9b341ab","e3d18293-e29c-497e-bf2f-e08096427a7b","SNYK-JS-EJS-2803307","2025-02-19T23:41:51.332Z","high"
"0708d6a5-c79a-4f28-9fde-b7126a5c7252","140ad3e4-018f-43f3-a688-0c32f9b341ab","e3d18293-e29c-497e-bf2f-e08096427a7b","SNYK-JS-HANDLEBARS-174183","2025-02-19T23:41:51.332Z","high"
"0708d6a5-c79a-4f28-9fde-b7126a5c7252","140ad3e4-018f-43f3-a688-0c32f9b341ab","e3d18293-e29c-497e-bf2f-e08096427a7b","SNYK-JS-LODASH-608086","2025-02-19T23:41:51.332Z","high"
"0708d6a5-c79a-4f28-9fde-b7126a5c7252","140ad3e4-018f-43f3-a688-0c32f9b341ab","e3d18293-e29c-497e-bf2f-e08096427a7b","SNYK-JS-MONGOOSE-8446504","2025-02-19T23:41:51.332Z","high"
"0708d6a5-c79a-4f28-9fde-b7126a5c7252","140ad3e4-018f-43f3-a688-0c32f9b341ab","e3d18293-e29c-497e-bf2f-e08096427a7b","SNYK-JS-LODASH-73638","2025-02-19T23:41:51.332Z","high"
"0708d6a5-c79a-4f28-9fde-b7126a5c7252","140ad3e4-018f-43f3-a688-0c32f9b341ab","e3d18293-e29c-497e-bf2f-e08096427a7b","SNYK-JS-UNSETVALUE-2400660","2025-02-19T23:41:51.332Z","high"
"0708d6a5-c79a-4f28-9fde-b7126a5c7252","140ad3e4-018f-43f3-a688-0c32f9b341ab","e3d18293-e29c-497e-bf2f-e08096427a7b","SNYK-JS-MQUERY-1050858","2025-02-19T23:41:51.332Z","high"
"0708d6a5-c79a-4f28-9fde-b7126a5c7252","140ad3e4-018f-43f3-a688-0c32f9b341ab","e3d18293-e29c-497e-bf2f-e08096427a7b","SNYK-JS-HANDLEBARS-469063","2025-02-19T23:41:51.332Z","high"
"0708d6a5-c79a-4f28-9fde-b7126a5c7252","140ad3e4-018f-43f3-a688-0c32f9b341ab","e3d18293-e29c-497e-bf2f-e08096427a7b","SNYK-JS-Y18N-1021887","2025-02-19T23:41:51.332Z","high"
"0708d6a5-c79a-4f28-9fde-b7126a5c7252","140ad3e4-018f-43f3-a688-0c32f9b341ab","e3d18293-e29c-497e-bf2f-e08096427a7b","SNYK-JS-HANDLEBARS-173692","2025-02-19T23:41:51.332Z","high"
"0708d6a5-c79a-4f28-9fde-b7126a5c7252","140ad3e4-018f-43f3-a688-0c32f9b341ab","e3d18293-e29c-497e-bf2f-e08096427a7b","npm:fresh:20170908","2025-02-19T23:41:51.332Z","high"
"0708d6a5-c79a-4f28-9fde-b7126a5c7252","140ad3e4-018f-43f3-a688-0c32f9b341ab","e3d18293-e29c-497e-bf2f-e08096427a7b","SNYK-JS-DECODEURICOMPONENT-3149970","2025-02-19T23:41:51.332Z","high"
"0708d6a5-c79a-4f28-9fde-b7126a5c7252","140ad3e4-018f-43f3-a688-0c32f9b341ab","e3d18293-e29c-497e-bf2f-e08096427a7b","npm:marked:20180225","2025-02-19T23:41:51.332Z","high"
"0708d6a5-c79a-4f28-9fde-b7126a5c7252","140ad3e4-018f-43f3-a688-0c32f9b341ab","e3d18293-e29c-497e-bf2f-e08096427a7b","SNYK-JS-MOMENT-2440688","2025-02-19T23:41:51.332Z","high"
"0708d6a5-c79a-4f28-9fde-b7126a5c7252","140ad3e4-018f-43f3-a688-0c32f9b341ab","e3d18293-e29c-497e-bf2f-e08096427a7b","npm:ejs:20161128","2025-02-19T23:41:51.332Z","high"
"0708d6a5-c79a-4f28-9fde-b7126a5c7252","140ad3e4-018f-43f3-a688-0c32f9b341ab","e3d18293-e29c-497e-bf2f-e08096427a7b","SNYK-JS-LODASH-6139239","2025-02-19T23:41:51.332Z","high"
"0708d6a5-c79a-4f28-9fde-b7126a5c7252","140ad3e4-018f-43f3-a688-0c32f9b341ab","e3d18293-e29c-497e-bf2f-e08096427a7b","npm:marked:20170112","2025-02-19T23:41:51.332Z","high"
"0708d6a5-c79a-4f28-9fde-b7126a5c7252","140ad3e4-018f-43f3-a688-0c32f9b341ab","e3d18293-e29c-497e-bf2f-e08096427a7b","SNYK-JS-SEMVER-3247795","2025-02-19T23:41:51.332Z","high"
"0708d6a5-c79a-4f28-9fde-b7126a5c7252","140ad3e4-018f-43f3-a688-0c32f9b341ab","e3d18293-e29c-497e-bf2f-e08096427a7b","SNYK-JS-LODASH-450202","2025-02-19T23:41:51.332Z","high"
"0708d6a5-c79a-4f28-9fde-b7126a5c7252","140ad3e4-018f-43f3-a688-0c32f9b341ab","e3d18293-e29c-497e-bf2f-e08096427a7b","SNYK-JS-EXPRESSFILEUPLOAD-595969","2025-02-19T23:41:51.332Z","high"
"0708d6a5-c79a-4f28-9fde-b7126a5c7252","140ad3e4-018f-43f3-a688-0c32f9b341ab","e3d18293-e29c-497e-bf2f-e08096427a7b","SNYK-JS-TYPEORM-590152","2025-02-19T23:41:51.332Z","high"
"0708d6a5-c79a-4f28-9fde-b7126a5c7252","140ad3e4-018f-43f3-a688-0c32f9b341ab","e3d18293-e29c-497e-bf2f-e08096427a7b","SNYK-JS-HANDLEBARS-480388","2025-02-19T23:41:51.332Z","high"
"0708d6a5-c79a-4f28-9fde-b7126a5c7252","140ad3e4-018f-43f3-a688-0c32f9b341ab","e3d18293-e29c-497e-bf2f-e08096427a7b","SNYK-JS-CROSSSPAWN-8303230","2025-02-19T23:41:51.332Z","high"
"0708d6a5-c79a-4f28-9fde-b7126a5c7252","140ad3e4-018f-43f3-a688-0c32f9b341ab","e3d18293-e29c-497e-bf2f-e08096427a7b","SNYK-JS-HANDLEBARS-1056767","2025-02-19T23:41:51.332Z","high"
"0708d6a5-c79a-4f28-9fde-b7126a5c7252","140ad3e4-018f-43f3-a688-0c32f9b341ab","e3d18293-e29c-497e-bf2f-e08096427a7b","SNYK-JS-DICER-2311764","2025-02-19T23:41:51.332Z","high"
"0708d6a5-c79a-4f28-9fde-b7126a5c7252","140ad3e4-018f-43f3-a688-0c32f9b341ab","e3d18293-e29c-497e-bf2f-e08096427a7b","npm:npmconf:20180512","2025-02-19T23:41:51.332Z","high"
"0708d6a5-c79a-4f28-9fde-b7126a5c7252","140ad3e4-018f-43f3-a688-0c32f9b341ab","e3d18293-e29c-497e-bf2f-e08096427a7b","npm:marked:20170907","2025-02-19T23:41:51.332Z","high"
"0708d6a5-c79a-4f28-9fde-b7126a5c7252","140ad3e4-018f-43f3-a688-0c32f9b341ab","e3d18293-e29c-497e-bf2f-e08096427a7b","SNYK-JS-BRACES-6838727","2025-02-19T23:41:51.332Z","high"
"0708d6a5-c79a-4f28-9fde-b7126a5c7252","140ad3e4-018f-43f3-a688-0c32f9b341ab","e3d18293-e29c-497e-bf2f-e08096427a7b","npm:marked:20150520","2025-02-19T23:41:51.332Z","high"
"0708d6a5-c79a-4f28-9fde-b7126a5c7252","140ad3e4-018f-43f3-a688-0c32f9b341ab","e3d18293-e29c-497e-bf2f-e08096427a7b","npm:qs:20170213","2025-02-19T23:41:51.332Z","high"
"0708d6a5-c79a-4f28-9fde-b7126a5c7252","140ad3e4-018f-43f3-a688-0c32f9b341ab","e3d18293-e29c-497e-bf2f-e08096427a7b","SNYK-JS-ADMZIP-1065796","2025-02-19T23:41:51.332Z","high"
"0708d6a5-c79a-4f28-9fde-b7126a5c7252","140ad3e4-018f-43f3-a688-0c32f9b341ab","e3d18293-e29c-497e-bf2f-e08096427a7b","SNYK-JS-DUSTJSLINKEDIN-1089257","2025-02-19T23:41:51.332Z","high"
"0708d6a5-c79a-4f28-9fde-b7126a5c7252","140ad3e4-018f-43f3-a688-0c32f9b341ab","e3d18293-e29c-497e-bf2f-e08096427a7b","SNYK-JS-HANDLEBARS-534478","2025-02-19T23:41:51.332Z","high"
"0708d6a5-c79a-4f28-9fde-b7126a5c7252","140ad3e4-018f-43f3-a688-0c32f9b341ab","e3d18293-e29c-497e-bf2f-e08096427a7b","SNYK-JS-MQUERY-1089718","2025-02-19T23:41:51.332Z","high"
"0708d6a5-c79a-4f28-9fde-b7126a5c7252","140ad3e4-018f-43f3-a688-0c32f9b341ab","e3d18293-e29c-497e-bf2f-e08096427a7b","SNYK-JS-ANSIREGEX-1583908","2025-02-19T23:41:51.332Z","high"
"0708d6a5-c79a-4f28-9fde-b7126a5c7252","140ad3e4-018f-43f3-a688-0c32f9b341ab","e3d18293-e29c-497e-bf2f-e08096427a7b","SNYK-JS-AJV-584908","2025-02-19T23:41:51.332Z","high"
"0708d6a5-c79a-4f28-9fde-b7126a5c7252","140ad3e4-018f-43f3-a688-0c32f9b341ab","e3d18293-e29c-497e-bf2f-e08096427a7b","SNYK-JS-SETVALUE-1540541","2025-02-19T23:41:51.332Z","high"
"0708d6a5-c79a-4f28-9fde-b7126a5c7252","140ad3e4-018f-43f3-a688-0c32f9b341ab","e3d18293-e29c-497e-bf2f-e08096427a7b","npm:negotiator:20160616","2025-02-19T23:41:51.332Z","high"
"0708d6a5-c79a-4f28-9fde-b7126a5c7252","140ad3e4-018f-43f3-a688-0c32f9b341ab","e3d18293-e29c-497e-bf2f-e08096427a7b","SNYK-JS-QS-3153490","2025-02-19T23:41:51.332Z","high"
"0708d6a5-c79a-4f28-9fde-b7126a5c7252","140ad3e4-018f-43f3-a688-0c32f9b341ab","e3d18293-e29c-497e-bf2f-e08096427a7b","SNYK-JS-MONGOOSE-8623536","2025-02-19T23:41:51.332Z","high"
"0708d6a5-c79a-4f28-9fde-b7126a5c7252","140ad3e4-018f-43f3-a688-0c32f9b341ab","e3d18293-e29c-497e-bf2f-e08096427a7b","SNYK-JS-MONGOOSE-2961688","2025-02-19T23:41:51.332Z","high"
"0708d6a5-c79a-4f28-9fde-b7126a5c7252","140ad3e4-018f-43f3-a688-0c32f9b341ab","e3d18293-e29c-497e-bf2f-e08096427a7b","SNYK-JS-SETVALUE-450213","2025-02-19T23:41:51.332Z","high"
"0708d6a5-c79a-4f28-9fde-b7126a5c7252","140ad3e4-018f-43f3-a688-0c32f9b341ab","e3d18293-e29c-497e-bf2f-e08096427a7b","SNYK-JS-MONGOOSE-5777721","2025-02-19T23:41:51.332Z","high"
"0708d6a5-c79a-4f28-9fde-b7126a5c7252","140ad3e4-018f-43f3-a688-0c32f9b341ab","e3d18293-e29c-497e-bf2f-e08096427a7b","SNYK-JS-LODASH-567746","2025-02-19T23:41:51.332Z","high"
"0708d6a5-c79a-4f28-9fde-b7126a5c7252","140ad3e4-018f-43f3-a688-0c32f9b341ab","e3d18293-e29c-497e-bf2f-e08096427a7b","SNYK-JS-ASYNC-2441827","2025-02-19T23:41:51.332Z","high"
"0708d6a5-c79a-4f28-9fde-b7126a5c7252","140ad3e4-018f-43f3-a688-0c32f9b341ab","e3d18293-e29c-497e-bf2f-e08096427a7b","npm:dustjs-linkedin:20160819","2025-02-19T23:41:51.332Z","high"
"0708d6a5-c79a-4f28-9fde-b7126a5c7252","140ad3e4-018f-43f3-a688-0c32f9b341ab","e3d18293-e29c-497e-bf2f-e08096427a7b","npm:marked:20170815","2025-02-19T23:41:51.332Z","high"
"0708d6a5-c79a-4f28-9fde-b7126a5c7252","140ad3e4-018f-43f3-a688-0c32f9b341ab","e3d18293-e29c-497e-bf2f-e08096427a7b","SNYK-JS-BODYPARSER-7926860","2025-02-19T23:41:51.332Z","high"
"0708d6a5-c79a-4f28-9fde-b7126a5c7252","140ad3e4-018f-43f3-a688-0c32f9b341ab","e3d18293-e29c-497e-bf2f-e08096427a7b","SNYK-JS-MIXINDEEP-450212","2025-02-19T23:41:51.332Z","high"
"0708d6a5-c79a-4f28-9fde-b7126a5c7252","140ad3e4-018f-43f3-a688-0c32f9b341ab","e3d18293-e29c-497e-bf2f-e08096427a7b","SNYK-JS-INI-1048974","2025-02-19T23:41:51.332Z","high"
"0708d6a5-c79a-4f28-9fde-b7126a5c7252","140ad3e4-018f-43f3-a688-0c32f9b341ab","e3d18293-e29c-497e-bf2f-e08096427a7b","SNYK-JS-KERBEROS-568900","2025-02-19T23:41:51.332Z","high"
"0708d6a5-c79a-4f28-9fde-b7126a5c7252","140ad3e4-018f-43f3-a688-0c32f9b341ab","e3d18293-e29c-497e-bf2f-e08096427a7b","SNYK-JS-EXPRESSFILEUPLOAD-473997","2025-02-19T23:41:51.332Z","high"
"0708d6a5-c79a-4f28-9fde-b7126a5c7252","140ad3e4-018f-43f3-a688-0c32f9b341ab","e3d18293-e29c-497e-bf2f-e08096427a7b","SNYK-JS-MONGODB-473855","2025-02-19T23:41:51.332Z","high"
"0708d6a5-c79a-4f28-9fde-b7126a5c7252","140ad3e4-018f-43f3-a688-0c32f9b341ab","fc795e0b-e6c6-46a6-9927-db9a7bb372cb","SNYK-DEBIAN11-LIBXML2-8738026","2025-02-20T19:06:27.776Z","high"
"0708d6a5-c79a-4f28-9fde-b7126a5c7252","140ad3e4-018f-43f3-a688-0c32f9b341ab","444afc23-d3fc-4a19-98ca-e7b842c7e9e4","SNYK-DEBIAN11-LIBXML2-8738026","2025-02-22T07:05:42.426Z","high"
"0708d6a5-c79a-4f28-9fde-b7126a5c7252","140ad3e4-018f-43f3-a688-0c32f9b341ab","884adcc7-88ba-440d-9893-da34ddfe9ecb","SNYK-GOLANG-GOLANGORGXNETHTTPHTTPPROXY-9058601","2025-03-06T01:59:21.042Z","high"
"0708d6a5-c79a-4f28-9fde-b7126a5c7252","140ad3e4-018f-43f3-a688-0c32f9b341ab","34def45d-671e-45a9-8be0-a7bdf4094418","SNYK-GOLANG-GOLANGORGXNETHTTPHTTPPROXY-9058601","2025-03-06T02:02:20.469Z","high"
"0708d6a5-c79a-4f28-9fde-b7126a5c7252","140ad3e4-018f-43f3-a688-0c32f9b341ab","fc795e0b-e6c6-46a6-9927-db9a7bb372cb","SNYK-DEBIAN11-FREETYPE-9402510","2025-03-13T02:56:30.444Z","high"
"0708d6a5-c79a-4f28-9fde-b7126a5c7252","140ad3e4-018f-43f3-a688-0c32f9b341ab","444afc23-d3fc-4a19-98ca-e7b842c7e9e4","SNYK-DEBIAN11-FREETYPE-9402510","2025-03-13T03:48:08.191Z","high"
"0708d6a5-c79a-4f28-9fde-b7126a5c7252","140ad3e4-018f-43f3-a688-0c32f9b341ab","fc795e0b-e6c6-46a6-9927-db9a7bb372cb","SNYK-DEBIAN11-LIBXSLT-9407509","2025-03-15T06:00:00.171Z","high"
"0708d6a5-c79a-4f28-9fde-b7126a5c7252","140ad3e4-018f-43f3-a688-0c32f9b341ab","fc795e0b-e6c6-46a6-9927-db9a7bb372cb","SNYK-DEBIAN11-LIBXSLT-9407505","2025-03-15T06:00:00.171Z","high"
"0708d6a5-c79a-4f28-9fde-b7126a5c7252","140ad3e4-018f-43f3-a688-0c32f9b341ab","444afc23-d3fc-4a19-98ca-e7b842c7e9e4","SNYK-DEBIAN11-LIBXSLT-9407509","2025-03-15T06:12:46.11Z","high"
"0708d6a5-c79a-4f28-9fde-b7126a5c7252","140ad3e4-018f-43f3-a688-0c32f9b341ab","444afc23-d3fc-4a19-98ca-e7b842c7e9e4","SNYK-DEBIAN11-LIBXSLT-9407505","2025-03-15T06:12:46.11Z","high"
"0708d6a5-c79a-4f28-9fde-b7126a5c7252","140ad3e4-018f-43f3-a688-0c32f9b341ab","523f1b1c-3a40-4d07-a57e-588912a7ea50","SNYK-JS-TARFS-9535930","2025-03-29T06:07:47.739Z","high"
"0708d6a5-c79a-4f28-9fde-b7126a5c7252","140ad3e4-018f-43f3-a688-0c32f9b341ab","e63ef815-f29a-4f25-a42d-acdf3b736058","SNYK-JS-TARFS-9535930","2025-03-29T06:15:27.184Z","high"
"0708d6a5-c79a-4f28-9fde-b7126a5c7252","140ad3e4-018f-43f3-a688-0c32f9b341ab","d800a837-6283-4f6a-a02d-e4fd71f4fb11","SNYK-JS-TARFS-9535930","2025-04-03T03:25:08.498Z","high"
"0708d6a5-c79a-4f28-9fde-b7126a5c7252","140ad3e4-018f-43f3-a688-0c32f9b341ab","444afc23-d3fc-4a19-98ca-e7b842c7e9e4","SNYK-DEBIAN11-LIBXML2-9673942","2025-04-09T06:41:12.087Z","high"
"0708d6a5-c79a-4f28-9fde-b7126a5c7252","140ad3e4-018f-43f3-a688-0c32f9b341ab","fc795e0b-e6c6-46a6-9927-db9a7bb372cb","SNYK-DEBIAN11-LIBXML2-9673942","2025-04-09T06:52:55.457Z","high"
"0708d6a5-c79a-4f28-9fde-b7126a5c7252","140ad3e4-018f-43f3-a688-0c32f9b341ab","fc795e0b-e6c6-46a6-9927-db9a7bb372cb","SNYK-DEBIAN11-LIBXML2-9747194","2025-04-18T06:22:44.692Z","high"
"0708d6a5-c79a-4f28-9fde-b7126a5c7252","140ad3e4-018f-43f3-a688-0c32f9b341ab","444afc23-d3fc-4a19-98ca-e7b842c7e9e4","SNYK-DEBIAN11-LIBXML2-9747194","2025-04-18T06:38:36.057Z","high"
"0708d6a5-c79a-4f28-9fde-b7126a5c7252","140ad3e4-018f-43f3-a688-0c32f9b341ab","fc795e0b-e6c6-46a6-9927-db9a7bb372cb","SNYK-DEBIAN11-LIBHEIF-9788813","2025-04-22T05:53:44.047Z","high"
"0708d6a5-c79a-4f28-9fde-b7126a5c7252","140ad3e4-018f-43f3-a688-0c32f9b341ab","fc795e0b-e6c6-46a6-9927-db9a7bb372cb","SNYK-DEBIAN11-LIBHEIF-9788819","2025-04-22T05:53:44.047Z","high"
"0708d6a5-c79a-4f28-9fde-b7126a5c7252","140ad3e4-018f-43f3-a688-0c32f9b341ab","444afc23-d3fc-4a19-98ca-e7b842c7e9e4","SNYK-DEBIAN11-LIBHEIF-9788813","2025-04-22T06:28:03.068Z","high"
"0708d6a5-c79a-4f28-9fde-b7126a5c7252","140ad3e4-018f-43f3-a688-0c32f9b341ab","444afc23-d3fc-4a19-98ca-e7b842c7e9e4","SNYK-DEBIAN11-LIBHEIF-9788819","2025-04-22T06:28:03.068Z","high"
"0708d6a5-c79a-4f28-9fde-b7126a5c7252","140ad3e4-018f-43f3-a688-0c32f9b341ab","444afc23-d3fc-4a19-98ca-e7b842c7e9e4","SNYK-DEBIAN11-IMAGEMAGICK-9802134","2025-04-24T03:00:38.78Z","high"
"0708d6a5-c79a-4f28-9fde-b7126a5c7252","140ad3e4-018f-43f3-a688-0c32f9b341ab","fc795e0b-e6c6-46a6-9927-db9a7bb372cb","SNYK-DEBIAN11-IMAGEMAGICK-9802134","2025-04-24T04:04:44.413Z","high"
"0708d6a5-c79a-4f28-9fde-b7126a5c7252","140ad3e4-018f-43f3-a688-0c32f9b341ab","91260a5f-945e-44de-98ab-e845c6608a7e","fb351b3e-5317-4f0d-9f79-e51bfe143e4c","2025-05-01T19:07:03.726Z","high"
"0708d6a5-c79a-4f28-9fde-b7126a5c7252","140ad3e4-018f-43f3-a688-0c32f9b341ab","91260a5f-945e-44de-98ab-e845c6608a7e","06bfdbd8-cd46-4425-b7a7-2b038b1ce967","2025-05-01T19:07:03.726Z","high"
"0708d6a5-c79a-4f28-9fde-b7126a5c7252","140ad3e4-018f-43f3-a688-0c32f9b341ab","91260a5f-945e-44de-98ab-e845c6608a7e","300a0277-021f-4e8e-9723-98f31c7a9a0e","2025-05-01T19:07:03.726Z","high"
"0708d6a5-c79a-4f28-9fde-b7126a5c7252","140ad3e4-018f-43f3-a688-0c32f9b341ab","133a60b1-9ab9-4403-ab25-5d4338d5b1ad","SNYK-DEBIAN11-LIBXML2-8732580","2025-05-01T19:07:03.916Z","high"
"0708d6a5-c79a-4f28-9fde-b7126a5c7252","140ad3e4-018f-43f3-a688-0c32f9b341ab","133a60b1-9ab9-4403-ab25-5d4338d5b1ad","SNYK-DEBIAN11-CURL-3366762","2025-05-01T19:07:03.916Z","high"
"0708d6a5-c79a-4f28-9fde-b7126a5c7252","140ad3e4-018f-43f3-a688-0c32f9b341ab","133a60b1-9ab9-4403-ab25-5d4338d5b1ad","SNYK-DEBIAN11-GIT-537128","2025-05-01T19:07:03.916Z","high"
"0708d6a5-c79a-4f28-9fde-b7126a5c7252","140ad3e4-018f-43f3-a688-0c32f9b341ab","133a60b1-9ab9-4403-ab25-5d4338d5b1ad","SNYK-DEBIAN11-LIBDE265-3361564","2025-05-01T19:07:03.916Z","high"
"0708d6a5-c79a-4f28-9fde-b7126a5c7252","140ad3e4-018f-43f3-a688-0c32f9b341ab","133a60b1-9ab9-4403-ab25-5d4338d5b1ad","SNYK-DEBIAN11-SYSTEMD-6277510","2025-05-01T19:07:03.916Z","high"
"0708d6a5-c79a-4f28-9fde-b7126a5c7252","140ad3e4-018f-43f3-a688-0c32f9b341ab","133a60b1-9ab9-4403-ab25-5d4338d5b1ad","SNYK-DEBIAN11-IMAGEMAGICK-2812515","2025-05-01T19:07:03.916Z","high"
"0708d6a5-c79a-4f28-9fde-b7126a5c7252","140ad3e4-018f-43f3-a688-0c32f9b341ab","133a60b1-9ab9-4403-ab25-5d4338d5b1ad","SNYK-DEBIAN11-GIT-2949145","2025-05-01T19:07:03.916Z","high"
"0708d6a5-c79a-4f28-9fde-b7126a5c7252","140ad3e4-018f-43f3-a688-0c32f9b341ab","133a60b1-9ab9-4403-ab25-5d4338d5b1ad","SNYK-DEBIAN11-SQLITE3-1569419","2025-05-01T19:07:03.916Z","high"
"0708d6a5-c79a-4f28-9fde-b7126a5c7252","140ad3e4-018f-43f3-a688-0c32f9b341ab","133a60b1-9ab9-4403-ab25-5d4338d5b1ad","SNYK-DEBIAN11-DAV1D-6252758","2025-05-01T19:07:03.916Z","high"
"0708d6a5-c79a-4f28-9fde-b7126a5c7252","140ad3e4-018f-43f3-a688-0c32f9b341ab","133a60b1-9ab9-4403-ab25-5d4338d5b1ad","SNYK-DEBIAN11-GLIBC-5927133","2025-05-01T19:07:03.916Z","high"
"0708d6a5-c79a-4f28-9fde-b7126a5c7252","140ad3e4-018f-43f3-a688-0c32f9b341ab","133a60b1-9ab9-4403-ab25-5d4338d5b1ad","SNYK-DEBIAN11-SQLITE3-6139925","2025-05-01T19:07:03.916Z","high"
"0708d6a5-c79a-4f28-9fde-b7126a5c7252","140ad3e4-018f-43f3-a688-0c32f9b341ab","133a60b1-9ab9-4403-ab25-5d4338d5b1ad","SNYK-DEBIAN11-GLIB20-5670987","2025-05-01T19:07:03.916Z","high"
"0708d6a5-c79a-4f28-9fde-b7126a5c7252","140ad3e4-018f-43f3-a688-0c32f9b341ab","133a60b1-9ab9-4403-ab25-5d4338d5b1ad","SNYK-DEBIAN11-OPENSSL-3314584","2025-05-01T19:07:03.916Z","high"
"0708d6a5-c79a-4f28-9fde-b7126a5c7252","140ad3e4-018f-43f3-a688-0c32f9b341ab","133a60b1-9ab9-4403-ab25-5d4338d5b1ad","SNYK-DEBIAN11-LIBX11-5927150","2025-05-01T19:07:03.916Z","high"
"0708d6a5-c79a-4f28-9fde-b7126a5c7252","140ad3e4-018f-43f3-a688-0c32f9b341ab","133a60b1-9ab9-4403-ab25-5d4338d5b1ad","SNYK-DEBIAN11-KRB5-7411320","2025-05-01T19:07:03.916Z","high"
"0708d6a5-c79a-4f28-9fde-b7126a5c7252","140ad3e4-018f-43f3-a688-0c32f9b341ab","133a60b1-9ab9-4403-ab25-5d4338d5b1ad","SNYK-DEBIAN11-LIBXSLT-9407505","2025-05-01T19:07:03.916Z","high"
"0708d6a5-c79a-4f28-9fde-b7126a5c7252","140ad3e4-018f-43f3-a688-0c32f9b341ab","133a60b1-9ab9-4403-ab25-5d4338d5b1ad","SNYK-DEBIAN11-PERL-6085272","2025-05-01T19:07:03.916Z","high"
"0708d6a5-c79a-4f28-9fde-b7126a5c7252","140ad3e4-018f-43f3-a688-0c32f9b341ab","133a60b1-9ab9-4403-ab25-5d4338d5b1ad","SNYK-DEBIAN11-OPENSSL-3314604","2025-05-01T19:07:03.916Z","high"
"0708d6a5-c79a-4f28-9fde-b7126a5c7252","140ad3e4-018f-43f3-a688-0c32f9b341ab","133a60b1-9ab9-4403-ab25-5d4338d5b1ad","SNYK-DEBIAN11-POSTGRESQL13-6055641","2025-05-01T19:07:03.916Z","high"
"0708d6a5-c79a-4f28-9fde-b7126a5c7252","140ad3e4-018f-43f3-a688-0c32f9b341ab","133a60b1-9ab9-4403-ab25-5d4338d5b1ad","SNYK-DEBIAN11-LIBDE265-1585966","2025-05-01T19:07:03.916Z","high"
"0708d6a5-c79a-4f28-9fde-b7126a5c7252","140ad3e4-018f-43f3-a688-0c32f9b341ab","133a60b1-9ab9-4403-ab25-5d4338d5b1ad","SNYK-DEBIAN11-LIBDE265-3342948","2025-05-01T19:07:03.916Z","high"
"0708d6a5-c79a-4f28-9fde-b7126a5c7252","140ad3e4-018f-43f3-a688-0c32f9b341ab","133a60b1-9ab9-4403-ab25-5d4338d5b1ad","SNYK-DEBIAN11-LIBHEIF-9788819","2025-05-01T19:07:03.916Z","high"
"0708d6a5-c79a-4f28-9fde-b7126a5c7252","140ad3e4-018f-43f3-a688-0c32f9b341ab","133a60b1-9ab9-4403-ab25-5d4338d5b1ad","SNYK-DEBIAN11-LIBHEIF-9788813","2025-05-01T19:07:03.916Z","high"
"0708d6a5-c79a-4f28-9fde-b7126a5c7252","140ad3e4-018f-43f3-a688-0c32f9b341ab","133a60b1-9ab9-4403-ab25-5d4338d5b1ad","SNYK-DEBIAN11-GDKPIXBUF-6207389","2025-05-01T19:07:03.916Z","high"
"0708d6a5-c79a-4f28-9fde-b7126a5c7252","140ad3e4-018f-43f3-a688-0c32f9b341ab","133a60b1-9ab9-4403-ab25-5d4338d5b1ad","SNYK-DEBIAN11-CURL-3179181","2025-05-01T19:07:03.916Z","high"
"0708d6a5-c79a-4f28-9fde-b7126a5c7252","140ad3e4-018f-43f3-a688-0c32f9b341ab","133a60b1-9ab9-4403-ab25-5d4338d5b1ad","SNYK-DEBIAN11-POSTGRESQL13-6239516","2025-05-01T19:07:03.916Z","high"
"0708d6a5-c79a-4f28-9fde-b7126a5c7252","140ad3e4-018f-43f3-a688-0c32f9b341ab","133a60b1-9ab9-4403-ab25-5d4338d5b1ad","SNYK-DEBIAN11-GIT-8622742","2025-05-01T19:07:03.916Z","high"
"0708d6a5-c79a-4f28-9fde-b7126a5c7252","140ad3e4-018f-43f3-a688-0c32f9b341ab","133a60b1-9ab9-4403-ab25-5d4338d5b1ad","SNYK-DEBIAN11-IMAGEMAGICK-2928981","2025-05-01T19:07:03.916Z","high"
"0708d6a5-c79a-4f28-9fde-b7126a5c7252","140ad3e4-018f-43f3-a688-0c32f9b341ab","133a60b1-9ab9-4403-ab25-5d4338d5b1ad","SNYK-DEBIAN11-LIBDE265-3336916","2025-05-01T19:07:03.916Z","high"
"0708d6a5-c79a-4f28-9fde-b7126a5c7252","140ad3e4-018f-43f3-a688-0c32f9b341ab","133a60b1-9ab9-4403-ab25-5d4338d5b1ad","SNYK-DEBIAN11-GIT-6846205","2025-05-01T19:07:03.916Z","high"
"0708d6a5-c79a-4f28-9fde-b7126a5c7252","140ad3e4-018f-43f3-a688-0c32f9b341ab","133a60b1-9ab9-4403-ab25-5d4338d5b1ad","SNYK-DEBIAN11-GIT-5461943","2025-05-01T19:07:03.916Z","high"
"0708d6a5-c79a-4f28-9fde-b7126a5c7252","140ad3e4-018f-43f3-a688-0c32f9b341ab","133a60b1-9ab9-4403-ab25-5d4338d5b1ad","SNYK-DEBIAN11-IMAGEMAGICK-2928988","2025-05-01T19:07:03.916Z","high"
"0708d6a5-c79a-4f28-9fde-b7126a5c7252","140ad3e4-018f-43f3-a688-0c32f9b341ab","133a60b1-9ab9-4403-ab25-5d4338d5b1ad","SNYK-DEBIAN11-PYTHON39-8305720","2025-05-01T19:07:03.916Z","high"
"0708d6a5-c79a-4f28-9fde-b7126a5c7252","140ad3e4-018f-43f3-a688-0c32f9b341ab","133a60b1-9ab9-4403-ab25-5d4338d5b1ad","SNYK-DEBIAN11-CURL-3366772","2025-05-01T19:07:03.916Z","high"
"0708d6a5-c79a-4f28-9fde-b7126a5c7252","140ad3e4-018f-43f3-a688-0c32f9b341ab","133a60b1-9ab9-4403-ab25-5d4338d5b1ad","SNYK-DEBIAN11-IMAGEMAGICK-5858556","2025-05-01T19:07:03.916Z","high"
"0708d6a5-c79a-4f28-9fde-b7126a5c7252","140ad3e4-018f-43f3-a688-0c32f9b341ab","133a60b1-9ab9-4403-ab25-5d4338d5b1ad","SNYK-DEBIAN11-LIBXML2-9673942","2025-05-01T19:07:03.916Z","high"
"0708d6a5-c79a-4f28-9fde-b7126a5c7252","140ad3e4-018f-43f3-a688-0c32f9b341ab","133a60b1-9ab9-4403-ab25-5d4338d5b1ad","SNYK-DEBIAN11-PYTHON39-3111117","2025-05-01T19:07:03.916Z","high"
"0708d6a5-c79a-4f28-9fde-b7126a5c7252","140ad3e4-018f-43f3-a688-0c32f9b341ab","133a60b1-9ab9-4403-ab25-5d4338d5b1ad","SNYK-DEBIAN11-IMAGEMAGICK-1244104","2025-05-01T19:07:03.916Z","high"
"0708d6a5-c79a-4f28-9fde-b7126a5c7252","140ad3e4-018f-43f3-a688-0c32f9b341ab","133a60b1-9ab9-4403-ab25-5d4338d5b1ad","SNYK-DEBIAN11-LIBHEIF-3331227","2025-05-01T19:07:03.916Z","high"
"0708d6a5-c79a-4f28-9fde-b7126a5c7252","140ad3e4-018f-43f3-a688-0c32f9b341ab","133a60b1-9ab9-4403-ab25-5d4338d5b1ad","SNYK-DEBIAN11-LIBDE265-3227414","2025-05-01T19:07:03.916Z","high"
"0708d6a5-c79a-4f28-9fde-b7126a5c7252","140ad3e4-018f-43f3-a688-0c32f9b341ab","133a60b1-9ab9-4403-ab25-5d4338d5b1ad","SNYK-DEBIAN11-LIBDE265-6105344","2025-05-01T19:07:03.916Z","high"
"0708d6a5-c79a-4f28-9fde-b7126a5c7252","140ad3e4-018f-43f3-a688-0c32f9b341ab","133a60b1-9ab9-4403-ab25-5d4338d5b1ad","SNYK-DEBIAN11-IMAGEMAGICK-1246262","2025-05-01T19:07:03.916Z","high"
"0708d6a5-c79a-4f28-9fde-b7126a5c7252","140ad3e4-018f-43f3-a688-0c32f9b341ab","133a60b1-9ab9-4403-ab25-5d4338d5b1ad","SNYK-DEBIAN11-LIBDE265-3342951","2025-05-01T19:07:03.916Z","high"
"0708d6a5-c79a-4f28-9fde-b7126a5c7252","140ad3e4-018f-43f3-a688-0c32f9b341ab","133a60b1-9ab9-4403-ab25-5d4338d5b1ad","SNYK-DEBIAN11-GNUTLS28-3318299","2025-05-01T19:07:03.916Z","high"
"0708d6a5-c79a-4f28-9fde-b7126a5c7252","140ad3e4-018f-43f3-a688-0c32f9b341ab","133a60b1-9ab9-4403-ab25-5d4338d5b1ad","SNYK-DEBIAN11-OPENJPEG2-1301277","2025-05-01T19:07:03.916Z","high"
"0708d6a5-c79a-4f28-9fde-b7126a5c7252","140ad3e4-018f-43f3-a688-0c32f9b341ab","133a60b1-9ab9-4403-ab25-5d4338d5b1ad","SNYK-DEBIAN11-LIBSSH2-5861756","2025-05-01T19:07:03.916Z","high"
"0708d6a5-c79a-4f28-9fde-b7126a5c7252","140ad3e4-018f-43f3-a688-0c32f9b341ab","133a60b1-9ab9-4403-ab25-5d4338d5b1ad","SNYK-DEBIAN11-E2FSPROGS-2628459","2025-05-01T19:07:03.916Z","high"
"0708d6a5-c79a-4f28-9fde-b7126a5c7252","140ad3e4-018f-43f3-a688-0c32f9b341ab","133a60b1-9ab9-4403-ab25-5d4338d5b1ad","SNYK-DEBIAN11-LIBDE265-6070698","2025-05-01T19:07:03.916Z","high"
"0708d6a5-c79a-4f28-9fde-b7126a5c7252","140ad3e4-018f-43f3-a688-0c32f9b341ab","133a60b1-9ab9-4403-ab25-5d4338d5b1ad","SNYK-DEBIAN11-LIBDE265-2359240","2025-05-01T19:07:03.916Z","high"
"0708d6a5-c79a-4f28-9fde-b7126a5c7252","140ad3e4-018f-43f3-a688-0c32f9b341ab","133a60b1-9ab9-4403-ab25-5d4338d5b1ad","SNYK-DEBIAN11-NGHTTP2-5953384","2025-05-01T19:07:03.916Z","high"
"0708d6a5-c79a-4f28-9fde-b7126a5c7252","140ad3e4-018f-43f3-a688-0c32f9b341ab","133a60b1-9ab9-4403-ab25-5d4338d5b1ad","SNYK-DEBIAN11-LIBDE265-6105352","2025-05-01T19:07:03.916Z","high"
"0708d6a5-c79a-4f28-9fde-b7126a5c7252","140ad3e4-018f-43f3-a688-0c32f9b341ab","133a60b1-9ab9-4403-ab25-5d4338d5b1ad","SNYK-DEBIAN11-TIFF-6190609","2025-05-01T19:07:03.916Z","high"
"0708d6a5-c79a-4f28-9fde-b7126a5c7252","140ad3e4-018f-43f3-a688-0c32f9b341ab","133a60b1-9ab9-4403-ab25-5d4338d5b1ad","SNYK-DEBIAN11-GIT-3051727","2025-05-01T19:07:03.916Z","high"
"0708d6a5-c79a-4f28-9fde-b7126a5c7252","140ad3e4-018f-43f3-a688-0c32f9b341ab","133a60b1-9ab9-4403-ab25-5d4338d5b1ad","SNYK-DEBIAN11-AOM-2309736","2025-05-01T19:07:03.916Z","high"
"0708d6a5-c79a-4f28-9fde-b7126a5c7252","140ad3e4-018f-43f3-a688-0c32f9b341ab","133a60b1-9ab9-4403-ab25-5d4338d5b1ad","SNYK-DEBIAN11-OPENSSH-1660415","2025-05-01T19:07:03.916Z","high"
"0708d6a5-c79a-4f28-9fde-b7126a5c7252","140ad3e4-018f-43f3-a688-0c32f9b341ab","133a60b1-9ab9-4403-ab25-5d4338d5b1ad","SNYK-DEBIAN11-PYTHON39-3325303","2025-05-01T19:07:03.916Z","high"
"0708d6a5-c79a-4f28-9fde-b7126a5c7252","140ad3e4-018f-43f3-a688-0c32f9b341ab","133a60b1-9ab9-4403-ab25-5d4338d5b1ad","SNYK-DEBIAN11-PYTHON39-1570176","2025-05-01T19:07:03.916Z","high"
"0708d6a5-c79a-4f28-9fde-b7126a5c7252","140ad3e4-018f-43f3-a688-0c32f9b341ab","133a60b1-9ab9-4403-ab25-5d4338d5b1ad","SNYK-DEBIAN11-AOM-2309719","2025-05-01T19:07:03.916Z","high"
"0708d6a5-c79a-4f28-9fde-b7126a5c7252","140ad3e4-018f-43f3-a688-0c32f9b341ab","133a60b1-9ab9-4403-ab25-5d4338d5b1ad","SNYK-DEBIAN11-TIFF-7642492","2025-05-01T19:07:03.916Z","high"
"0708d6a5-c79a-4f28-9fde-b7126a5c7252","140ad3e4-018f-43f3-a688-0c32f9b341ab","133a60b1-9ab9-4403-ab25-5d4338d5b1ad","SNYK-DEBIAN11-IMAGEMAGICK-1312915","2025-05-01T19:07:03.916Z","high"
"0708d6a5-c79a-4f28-9fde-b7126a5c7252","140ad3e4-018f-43f3-a688-0c32f9b341ab","133a60b1-9ab9-4403-ab25-5d4338d5b1ad","SNYK-DEBIAN11-PYTHON39-3017608","2025-05-01T19:07:03.916Z","high"
"0708d6a5-c79a-4f28-9fde-b7126a5c7252","140ad3e4-018f-43f3-a688-0c32f9b341ab","133a60b1-9ab9-4403-ab25-5d4338d5b1ad","SNYK-DEBIAN11-OPENSSL-3314615","2025-05-01T19:07:03.916Z","high"
"0708d6a5-c79a-4f28-9fde-b7126a5c7252","140ad3e4-018f-43f3-a688-0c32f9b341ab","133a60b1-9ab9-4403-ab25-5d4338d5b1ad","SNYK-DEBIAN11-POSTGRESQL13-5838224","2025-05-01T19:07:03.916Z","high"
"0708d6a5-c79a-4f28-9fde-b7126a5c7252","140ad3e4-018f-43f3-a688-0c32f9b341ab","133a60b1-9ab9-4403-ab25-5d4338d5b1ad","SNYK-DEBIAN11-GIT-6846189","2025-05-01T19:07:03.916Z","high"
"0708d6a5-c79a-4f28-9fde-b7126a5c7252","140ad3e4-018f-43f3-a688-0c32f9b341ab","133a60b1-9ab9-4403-ab25-5d4338d5b1ad","SNYK-DEBIAN11-PYTHON39-7886326","2025-05-01T19:07:03.916Z","high"
"0708d6a5-c79a-4f28-9fde-b7126a5c7252","140ad3e4-018f-43f3-a688-0c32f9b341ab","133a60b1-9ab9-4403-ab25-5d4338d5b1ad","SNYK-DEBIAN11-IMAGEMAGICK-2928984","2025-05-01T19:07:03.916Z","high"
"0708d6a5-c79a-4f28-9fde-b7126a5c7252","140ad3e4-018f-43f3-a688-0c32f9b341ab","133a60b1-9ab9-4403-ab25-5d4338d5b1ad","SNYK-DEBIAN11-LIBWEBP-5893094","2025-05-01T19:07:03.916Z","high"
"0708d6a5-c79a-4f28-9fde-b7126a5c7252","140ad3e4-018f-43f3-a688-0c32f9b341ab","133a60b1-9ab9-4403-ab25-5d4338d5b1ad","SNYK-DEBIAN11-LIBWEBP-5489177","2025-05-01T19:07:03.916Z","high"
"0708d6a5-c79a-4f28-9fde-b7126a5c7252","140ad3e4-018f-43f3-a688-0c32f9b341ab","133a60b1-9ab9-4403-ab25-5d4338d5b1ad","SNYK-DEBIAN11-GNUTLS28-6159419","2025-05-01T19:07:03.916Z","high"
"0708d6a5-c79a-4f28-9fde-b7126a5c7252","140ad3e4-018f-43f3-a688-0c32f9b341ab","133a60b1-9ab9-4403-ab25-5d4338d5b1ad","SNYK-DEBIAN11-IMAGEMAGICK-9802134","2025-05-01T19:07:03.916Z","high"
"0708d6a5-c79a-4f28-9fde-b7126a5c7252","140ad3e4-018f-43f3-a688-0c32f9b341ab","133a60b1-9ab9-4403-ab25-5d4338d5b1ad","SNYK-DEBIAN11-PYTHON39-3092471","2025-05-01T19:07:03.916Z","high"
"0708d6a5-c79a-4f28-9fde-b7126a5c7252","140ad3e4-018f-43f3-a688-0c32f9b341ab","133a60b1-9ab9-4403-ab25-5d4338d5b1ad","SNYK-DEBIAN11-NCURSES-2767191","2025-05-01T19:07:03.916Z","high"
"0708d6a5-c79a-4f28-9fde-b7126a5c7252","140ad3e4-018f-43f3-a688-0c32f9b341ab","133a60b1-9ab9-4403-ab25-5d4338d5b1ad","SNYK-DEBIAN11-PERL-5489191","2025-05-01T19:07:03.916Z","high"
"0708d6a5-c79a-4f28-9fde-b7126a5c7252","140ad3e4-018f-43f3-a688-0c32f9b341ab","133a60b1-9ab9-4403-ab25-5d4338d5b1ad","SNYK-DEBIAN11-LIBX11-5710893","2025-05-01T19:07:03.916Z","high"
"0708d6a5-c79a-4f28-9fde-b7126a5c7252","140ad3e4-018f-43f3-a688-0c32f9b341ab","133a60b1-9ab9-4403-ab25-5d4338d5b1ad","SNYK-DEBIAN11-PYTHON39-2388383","2025-05-01T19:07:03.916Z","high"
"0708d6a5-c79a-4f28-9fde-b7126a5c7252","140ad3e4-018f-43f3-a688-0c32f9b341ab","133a60b1-9ab9-4403-ab25-5d4338d5b1ad","SNYK-DEBIAN11-GNUTLS28-6159417","2025-05-01T19:07:03.916Z","high"
"0708d6a5-c79a-4f28-9fde-b7126a5c7252","140ad3e4-018f-43f3-a688-0c32f9b341ab","133a60b1-9ab9-4403-ab25-5d4338d5b1ad","SNYK-DEBIAN11-IMAGEMAGICK-2441371","2025-05-01T19:07:03.916Z","high"
"0708d6a5-c79a-4f28-9fde-b7126a5c7252","140ad3e4-018f-43f3-a688-0c32f9b341ab","133a60b1-9ab9-4403-ab25-5d4338d5b1ad","SNYK-DEBIAN11-GIT-3319756","2025-05-01T19:07:03.916Z","high"
"0708d6a5-c79a-4f28-9fde-b7126a5c7252","140ad3e4-018f-43f3-a688-0c32f9b341ab","133a60b1-9ab9-4403-ab25-5d4338d5b1ad","SNYK-DEBIAN11-POSTGRESQL13-5519349","2025-05-01T19:07:03.916Z","high"
"0708d6a5-c79a-4f28-9fde-b7126a5c7252","140ad3e4-018f-43f3-a688-0c32f9b341ab","133a60b1-9ab9-4403-ab25-5d4338d5b1ad","SNYK-DEBIAN11-LIBXSLT-9407509","2025-05-01T19:07:03.916Z","high"
"0708d6a5-c79a-4f28-9fde-b7126a5c7252","140ad3e4-018f-43f3-a688-0c32f9b341ab","133a60b1-9ab9-4403-ab25-5d4338d5b1ad","SNYK-DEBIAN11-LIBXML2-8663286","2025-05-01T19:07:03.916Z","high"
"0708d6a5-c79a-4f28-9fde-b7126a5c7252","140ad3e4-018f-43f3-a688-0c32f9b341ab","133a60b1-9ab9-4403-ab25-5d4338d5b1ad","SNYK-DEBIAN11-PYTHON39-7707945","2025-05-01T19:07:03.916Z","high"
"0708d6a5-c79a-4f28-9fde-b7126a5c7252","140ad3e4-018f-43f3-a688-0c32f9b341ab","133a60b1-9ab9-4403-ab25-5d4338d5b1ad","SNYK-DEBIAN11-GIT-2635965","2025-05-01T19:07:03.916Z","high"
"0708d6a5-c79a-4f28-9fde-b7126a5c7252","140ad3e4-018f-43f3-a688-0c32f9b341ab","133a60b1-9ab9-4403-ab25-5d4338d5b1ad","SNYK-DEBIAN11-OPENSSL-3368735","2025-05-01T19:07:03.916Z","high"
"0708d6a5-c79a-4f28-9fde-b7126a5c7252","140ad3e4-018f-43f3-a688-0c32f9b341ab","133a60b1-9ab9-4403-ab25-5d4338d5b1ad","SNYK-DEBIAN11-EXPAT-7855508","2025-05-01T19:07:03.916Z","high"
"0708d6a5-c79a-4f28-9fde-b7126a5c7252","140ad3e4-018f-43f3-a688-0c32f9b341ab","133a60b1-9ab9-4403-ab25-5d4338d5b1ad","SNYK-DEBIAN11-PYTHON39-2764968","2025-05-01T19:07:03.916Z","high"
"0708d6a5-c79a-4f28-9fde-b7126a5c7252","140ad3e4-018f-43f3-a688-0c32f9b341ab","133a60b1-9ab9-4403-ab25-5d4338d5b1ad","SNYK-DEBIAN11-LIBHEIF-8224947","2025-05-01T19:07:03.916Z","high"
"0708d6a5-c79a-4f28-9fde-b7126a5c7252","140ad3e4-018f-43f3-a688-0c32f9b341ab","133a60b1-9ab9-4403-ab25-5d4338d5b1ad","SNYK-DEBIAN11-IMAGEMAGICK-1246513","2025-05-01T19:07:03.916Z","high"
"0708d6a5-c79a-4f28-9fde-b7126a5c7252","140ad3e4-018f-43f3-a688-0c32f9b341ab","133a60b1-9ab9-4403-ab25-5d4338d5b1ad","SNYK-DEBIAN11-LIBDE265-6105346","2025-05-01T19:07:03.916Z","high"
"0708d6a5-c79a-4f28-9fde-b7126a5c7252","140ad3e4-018f-43f3-a688-0c32f9b341ab","133a60b1-9ab9-4403-ab25-5d4338d5b1ad","SNYK-DEBIAN11-EXPAT-6227598","2025-05-01T19:07:03.916Z","high"
"0708d6a5-c79a-4f28-9fde-b7126a5c7252","140ad3e4-018f-43f3-a688-0c32f9b341ab","133a60b1-9ab9-4403-ab25-5d4338d5b1ad","SNYK-DEBIAN11-POSTGRESQL13-8381234","2025-05-01T19:07:03.916Z","high"
"0708d6a5-c79a-4f28-9fde-b7126a5c7252","140ad3e4-018f-43f3-a688-0c32f9b341ab","133a60b1-9ab9-4403-ab25-5d4338d5b1ad","SNYK-DEBIAN11-LIBXML2-9747194","2025-05-01T19:07:03.916Z","high"
"0708d6a5-c79a-4f28-9fde-b7126a5c7252","140ad3e4-018f-43f3-a688-0c32f9b341ab","133a60b1-9ab9-4403-ab25-5d4338d5b1ad","SNYK-DEBIAN11-LIBXML2-5747746","2025-05-01T19:07:03.916Z","high"
"0708d6a5-c79a-4f28-9fde-b7126a5c7252","140ad3e4-018f-43f3-a688-0c32f9b341ab","133a60b1-9ab9-4403-ab25-5d4338d5b1ad","SNYK-DEBIAN11-CURL-3066040","2025-05-01T19:07:03.916Z","high"
"0708d6a5-c79a-4f28-9fde-b7126a5c7252","140ad3e4-018f-43f3-a688-0c32f9b341ab","133a60b1-9ab9-4403-ab25-5d4338d5b1ad","SNYK-DEBIAN11-NCURSES-5421197","2025-05-01T19:07:03.916Z","high"
"0708d6a5-c79a-4f28-9fde-b7126a5c7252","140ad3e4-018f-43f3-a688-0c32f9b341ab","133a60b1-9ab9-4403-ab25-5d4338d5b1ad","SNYK-DEBIAN11-TIFF-5747600","2025-05-01T19:07:03.916Z","high"
"0708d6a5-c79a-4f28-9fde-b7126a5c7252","140ad3e4-018f-43f3-a688-0c32f9b341ab","133a60b1-9ab9-4403-ab25-5d4338d5b1ad","SNYK-DEBIAN11-GIT-6846210","2025-05-01T19:07:03.916Z","high"
"0708d6a5-c79a-4f28-9fde-b7126a5c7252","140ad3e4-018f-43f3-a688-0c32f9b341ab","133a60b1-9ab9-4403-ab25-5d4338d5b1ad","SNYK-DEBIAN11-PYTHON39-3032984","2025-05-01T19:07:03.916Z","high"
"0708d6a5-c79a-4f28-9fde-b7126a5c7252","140ad3e4-018f-43f3-a688-0c32f9b341ab","133a60b1-9ab9-4403-ab25-5d4338d5b1ad","SNYK-DEBIAN11-SYSTEMD-6277512","2025-05-01T19:07:03.916Z","high"
"0708d6a5-c79a-4f28-9fde-b7126a5c7252","140ad3e4-018f-43f3-a688-0c32f9b341ab","133a60b1-9ab9-4403-ab25-5d4338d5b1ad","SNYK-DEBIAN11-FREETYPE-9402510","2025-05-01T19:07:03.916Z","high"
"0708d6a5-c79a-4f28-9fde-b7126a5c7252","140ad3e4-018f-43f3-a688-0c32f9b341ab","133a60b1-9ab9-4403-ab25-5d4338d5b1ad","SNYK-DEBIAN11-LIBXML2-6227804","2025-05-01T19:07:03.916Z","high"
"0708d6a5-c79a-4f28-9fde-b7126a5c7252","140ad3e4-018f-43f3-a688-0c32f9b341ab","133a60b1-9ab9-4403-ab25-5d4338d5b1ad","SNYK-DEBIAN11-TIFF-3113871","2025-05-01T19:07:03.916Z","high"
"0708d6a5-c79a-4f28-9fde-b7126a5c7252","140ad3e4-018f-43f3-a688-0c32f9b341ab","133a60b1-9ab9-4403-ab25-5d4338d5b1ad","SNYK-DEBIAN11-LIBXML2-8738026","2025-05-01T19:07:03.916Z","high"
"0708d6a5-c79a-4f28-9fde-b7126a5c7252","140ad3e4-018f-43f3-a688-0c32f9b341ab","133a60b1-9ab9-4403-ab25-5d4338d5b1ad","SNYK-DEBIAN11-POSTGRESQL13-7654157","2025-05-01T19:07:03.916Z","high"
"0708d6a5-c79a-4f28-9fde-b7126a5c7252","140ad3e4-018f-43f3-a688-0c32f9b341ab","133a60b1-9ab9-4403-ab25-5d4338d5b1ad","SNYK-DEBIAN11-PERL-1925976","2025-05-01T19:07:03.916Z","high"
"0708d6a5-c79a-4f28-9fde-b7126a5c7252","140ad3e4-018f-43f3-a688-0c32f9b341ab","133a60b1-9ab9-4403-ab25-5d4338d5b1ad","SNYK-DEBIAN11-GIT-5461949","2025-05-01T19:07:03.916Z","high"
"0708d6a5-c79a-4f28-9fde-b7126a5c7252","140ad3e4-018f-43f3-a688-0c32f9b341ab","914a92d1-1384-461d-9798-06f87b4c8267","npm:qs:20170213","2025-05-01T19:07:07.405Z","high"
"0708d6a5-c79a-4f28-9fde-b7126a5c7252","140ad3e4-018f-43f3-a688-0c32f9b341ab","914a92d1-1384-461d-9798-06f87b4c8267","npm:ejs:20161128","2025-05-01T19:07:07.405Z","high"
"0708d6a5-c79a-4f28-9fde-b7126a5c7252","140ad3e4-018f-43f3-a688-0c32f9b341ab","914a92d1-1384-461d-9798-06f87b4c8267","SNYK-JS-SETVALUE-1540541","2025-05-01T19:07:07.405Z","high"
"0708d6a5-c79a-4f28-9fde-b7126a5c7252","140ad3e4-018f-43f3-a688-0c32f9b341ab","914a92d1-1384-461d-9798-06f87b4c8267","SNYK-JS-HANDLEBARS-173692","2025-05-01T19:07:07.405Z","high"
"0708d6a5-c79a-4f28-9fde-b7126a5c7252","140ad3e4-018f-43f3-a688-0c32f9b341ab","914a92d1-1384-461d-9798-06f87b4c8267","SNYK-JS-HANDLEBARS-480388","2025-05-01T19:07:07.405Z","high"
"0708d6a5-c79a-4f28-9fde-b7126a5c7252","140ad3e4-018f-43f3-a688-0c32f9b341ab","914a92d1-1384-461d-9798-06f87b4c8267","SNYK-JS-EXPRESSFILEUPLOAD-595969","2025-05-01T19:07:07.405Z","high"
"0708d6a5-c79a-4f28-9fde-b7126a5c7252","140ad3e4-018f-43f3-a688-0c32f9b341ab","914a92d1-1384-461d-9798-06f87b4c8267","SNYK-JS-HANDLEBARS-469063","2025-05-01T19:07:07.405Z","high"
"0708d6a5-c79a-4f28-9fde-b7126a5c7252","140ad3e4-018f-43f3-a688-0c32f9b341ab","914a92d1-1384-461d-9798-06f87b4c8267","SNYK-JS-TYPEORM-590152","2025-05-01T19:07:07.405Z","high"
"0708d6a5-c79a-4f28-9fde-b7126a5c7252","140ad3e4-018f-43f3-a688-0c32f9b341ab","914a92d1-1384-461d-9798-06f87b4c8267","SNYK-JS-BL-608877","2025-05-01T19:07:07.405Z","high"
"0708d6a5-c79a-4f28-9fde-b7126a5c7252","140ad3e4-018f-43f3-a688-0c32f9b341ab","914a92d1-1384-461d-9798-06f87b4c8267","SNYK-JS-LODASH-567746","2025-05-01T19:07:07.405Z","high"
"0708d6a5-c79a-4f28-9fde-b7126a5c7252","140ad3e4-018f-43f3-a688-0c32f9b341ab","914a92d1-1384-461d-9798-06f87b4c8267","npm:marked:20170815","2025-05-01T19:07:07.405Z","high"
"0708d6a5-c79a-4f28-9fde-b7126a5c7252","140ad3e4-018f-43f3-a688-0c32f9b341ab","914a92d1-1384-461d-9798-06f87b4c8267","SNYK-JS-MONGOOSE-5777721","2025-05-01T19:07:07.405Z","high"
"0708d6a5-c79a-4f28-9fde-b7126a5c7252","140ad3e4-018f-43f3-a688-0c32f9b341ab","914a92d1-1384-461d-9798-06f87b4c8267","SNYK-JS-DUSTJSLINKEDIN-1089257","2025-05-01T19:07:07.405Z","high"
"0708d6a5-c79a-4f28-9fde-b7126a5c7252","140ad3e4-018f-43f3-a688-0c32f9b341ab","914a92d1-1384-461d-9798-06f87b4c8267","SNYK-JS-LODASH-450202","2025-05-01T19:07:07.405Z","high"
"0708d6a5-c79a-4f28-9fde-b7126a5c7252","140ad3e4-018f-43f3-a688-0c32f9b341ab","914a92d1-1384-461d-9798-06f87b4c8267","SNYK-JS-ASYNC-2441827","2025-05-01T19:07:07.405Z","high"
"0708d6a5-c79a-4f28-9fde-b7126a5c7252","140ad3e4-018f-43f3-a688-0c32f9b341ab","914a92d1-1384-461d-9798-06f87b4c8267","SNYK-JS-KERBEROS-568900","2025-05-01T19:07:07.405Z","high"
"0708d6a5-c79a-4f28-9fde-b7126a5c7252","140ad3e4-018f-43f3-a688-0c32f9b341ab","914a92d1-1384-461d-9798-06f87b4c8267","SNYK-JS-QS-3153490","2025-05-01T19:07:07.405Z","high"
"0708d6a5-c79a-4f28-9fde-b7126a5c7252","140ad3e4-018f-43f3-a688-0c32f9b341ab","914a92d1-1384-461d-9798-06f87b4c8267","npm:dustjs-linkedin:20160819","2025-05-01T19:07:07.405Z","high"
"0708d6a5-c79a-4f28-9fde-b7126a5c7252","140ad3e4-018f-43f3-a688-0c32f9b341ab","914a92d1-1384-461d-9798-06f87b4c8267","SNYK-JS-MQUERY-1050858","2025-05-01T19:07:07.405Z","high"
"0708d6a5-c79a-4f28-9fde-b7126a5c7252","140ad3e4-018f-43f3-a688-0c32f9b341ab","914a92d1-1384-461d-9798-06f87b4c8267","SNYK-JS-ANSIREGEX-1583908","2025-05-01T19:07:07.405Z","high"
"0708d6a5-c79a-4f28-9fde-b7126a5c7252","140ad3e4-018f-43f3-a688-0c32f9b341ab","914a92d1-1384-461d-9798-06f87b4c8267","SNYK-JS-LODASH-1040724","2025-05-01T19:07:07.405Z","high"
"0708d6a5-c79a-4f28-9fde-b7126a5c7252","140ad3e4-018f-43f3-a688-0c32f9b341ab","914a92d1-1384-461d-9798-06f87b4c8267","SNYK-JS-BODYPARSER-7926860","2025-05-01T19:07:07.405Z","high"
"0708d6a5-c79a-4f28-9fde-b7126a5c7252","140ad3e4-018f-43f3-a688-0c32f9b341ab","914a92d1-1384-461d-9798-06f87b4c8267","SNYK-JS-BRACES-6838727","2025-05-01T19:07:07.405Z","high"
"0708d6a5-c79a-4f28-9fde-b7126a5c7252","140ad3e4-018f-43f3-a688-0c32f9b341ab","914a92d1-1384-461d-9798-06f87b4c8267","SNYK-JS-LODASH-6139239","2025-05-01T19:07:07.405Z","high"
"0708d6a5-c79a-4f28-9fde-b7126a5c7252","140ad3e4-018f-43f3-a688-0c32f9b341ab","914a92d1-1384-461d-9798-06f87b4c8267","npm:negotiator:20160616","2025-05-01T19:07:07.405Z","high"
"0708d6a5-c79a-4f28-9fde-b7126a5c7252","140ad3e4-018f-43f3-a688-0c32f9b341ab","914a92d1-1384-461d-9798-06f87b4c8267","SNYK-JS-DECODEURICOMPONENT-3149970","2025-05-01T19:07:07.405Z","high"
"0708d6a5-c79a-4f28-9fde-b7126a5c7252","140ad3e4-018f-43f3-a688-0c32f9b341ab","914a92d1-1384-461d-9798-06f87b4c8267","SNYK-JS-MONGODB-473855","2025-05-01T19:07:07.405Z","high"
"0708d6a5-c79a-4f28-9fde-b7126a5c7252","140ad3e4-018f-43f3-a688-0c32f9b341ab","914a92d1-1384-461d-9798-06f87b4c8267","SNYK-JS-MONGOOSE-8446504","2025-05-01T19:07:07.405Z","high"
"0708d6a5-c79a-4f28-9fde-b7126a5c7252","140ad3e4-018f-43f3-a688-0c32f9b341ab","914a92d1-1384-461d-9798-06f87b4c8267","SNYK-JS-AJV-584908","2025-05-01T19:07:07.405Z","high"
"0708d6a5-c79a-4f28-9fde-b7126a5c7252","140ad3e4-018f-43f3-a688-0c32f9b341ab","914a92d1-1384-461d-9798-06f87b4c8267","SNYK-JS-HANDLEBARS-1056767","2025-05-01T19:07:07.405Z","high"
"0708d6a5-c79a-4f28-9fde-b7126a5c7252","140ad3e4-018f-43f3-a688-0c32f9b341ab","914a92d1-1384-461d-9798-06f87b4c8267","SNYK-JS-MQUERY-1089718","2025-05-01T19:07:07.405Z","high"
"0708d6a5-c79a-4f28-9fde-b7126a5c7252","140ad3e4-018f-43f3-a688-0c32f9b341ab","914a92d1-1384-461d-9798-06f87b4c8267","SNYK-JS-CROSSSPAWN-8303230","2025-05-01T19:07:07.405Z","high"
"0708d6a5-c79a-4f28-9fde-b7126a5c7252","140ad3e4-018f-43f3-a688-0c32f9b341ab","914a92d1-1384-461d-9798-06f87b4c8267","SNYK-JS-MIXINDEEP-450212","2025-05-01T19:07:07.405Z","high"
"0708d6a5-c79a-4f28-9fde-b7126a5c7252","140ad3e4-018f-43f3-a688-0c32f9b341ab","914a92d1-1384-461d-9798-06f87b4c8267","SNYK-JS-INI-1048974","2025-05-01T19:07:07.405Z","high"
"0708d6a5-c79a-4f28-9fde-b7126a5c7252","140ad3e4-018f-43f3-a688-0c32f9b341ab","914a92d1-1384-461d-9798-06f87b4c8267","SNYK-JS-SETVALUE-450213","2025-05-01T19:07:07.405Z","high"
"0708d6a5-c79a-4f28-9fde-b7126a5c7252","140ad3e4-018f-43f3-a688-0c32f9b341ab","914a92d1-1384-461d-9798-06f87b4c8267","SNYK-JS-DICER-2311764","2025-05-01T19:07:07.405Z","high"
"0708d6a5-c79a-4f28-9fde-b7126a5c7252","140ad3e4-018f-43f3-a688-0c32f9b341ab","914a92d1-1384-461d-9798-06f87b4c8267","SNYK-JS-MOMENT-2440688","2025-05-01T19:07:07.405Z","high"
"0708d6a5-c79a-4f28-9fde-b7126a5c7252","140ad3e4-018f-43f3-a688-0c32f9b341ab","914a92d1-1384-461d-9798-06f87b4c8267","SNYK-JS-EXPRESSFILEUPLOAD-473997","2025-05-01T19:07:07.405Z","high"
"0708d6a5-c79a-4f28-9fde-b7126a5c7252","140ad3e4-018f-43f3-a688-0c32f9b341ab","914a92d1-1384-461d-9798-06f87b4c8267","SNYK-JS-ADMZIP-1065796","2025-05-01T19:07:07.405Z","high"
"0708d6a5-c79a-4f28-9fde-b7126a5c7252","140ad3e4-018f-43f3-a688-0c32f9b341ab","914a92d1-1384-461d-9798-06f87b4c8267","npm:marked:20170907","2025-05-01T19:07:07.405Z","high"
"0708d6a5-c79a-4f28-9fde-b7126a5c7252","140ad3e4-018f-43f3-a688-0c32f9b341ab","914a92d1-1384-461d-9798-06f87b4c8267","npm:fresh:20170908","2025-05-01T19:07:07.405Z","high"
"0708d6a5-c79a-4f28-9fde-b7126a5c7252","140ad3e4-018f-43f3-a688-0c32f9b341ab","914a92d1-1384-461d-9798-06f87b4c8267","SNYK-JS-LODASH-608086","2025-05-01T19:07:07.405Z","high"
"0708d6a5-c79a-4f28-9fde-b7126a5c7252","140ad3e4-018f-43f3-a688-0c32f9b341ab","914a92d1-1384-461d-9798-06f87b4c8267","SNYK-JS-EJS-2803307","2025-05-01T19:07:07.405Z","high"
"0708d6a5-c79a-4f28-9fde-b7126a5c7252","140ad3e4-018f-43f3-a688-0c32f9b341ab","914a92d1-1384-461d-9798-06f87b4c8267","SNYK-JS-MONGOOSE-8623536","2025-05-01T19:07:07.405Z","high"
"0708d6a5-c79a-4f28-9fde-b7126a5c7252","140ad3e4-018f-43f3-a688-0c32f9b341ab","914a92d1-1384-461d-9798-06f87b4c8267","SNYK-JS-JSONSCHEMA-1920922","2025-05-01T19:07:07.405Z","high"
"0708d6a5-c79a-4f28-9fde-b7126a5c7252","140ad3e4-018f-43f3-a688-0c32f9b341ab","914a92d1-1384-461d-9798-06f87b4c8267","SNYK-JS-UNSETVALUE-2400660","2025-05-01T19:07:07.405Z","high"
"0708d6a5-c79a-4f28-9fde-b7126a5c7252","140ad3e4-018f-43f3-a688-0c32f9b341ab","914a92d1-1384-461d-9798-06f87b4c8267","npm:marked:20180225","2025-05-01T19:07:07.405Z","high"
"0708d6a5-c79a-4f28-9fde-b7126a5c7252","140ad3e4-018f-43f3-a688-0c32f9b341ab","914a92d1-1384-461d-9798-06f87b4c8267","SNYK-JS-SEMVER-3247795","2025-05-01T19:07:07.405Z","high"
"0708d6a5-c79a-4f28-9fde-b7126a5c7252","140ad3e4-018f-43f3-a688-0c32f9b341ab","914a92d1-1384-461d-9798-06f87b4c8267","SNYK-JS-Y18N-1021887","2025-05-01T19:07:07.405Z","high"
"0708d6a5-c79a-4f28-9fde-b7126a5c7252","140ad3e4-018f-43f3-a688-0c32f9b341ab","914a92d1-1384-461d-9798-06f87b4c8267","npm:marked:20170112","2025-05-01T19:07:07.405Z","high"
"0708d6a5-c79a-4f28-9fde-b7126a5c7252","140ad3e4-018f-43f3-a688-0c32f9b341ab","914a92d1-1384-461d-9798-06f87b4c8267","npm:marked:20150520","2025-05-01T19:07:07.405Z","high"
"0708d6a5-c79a-4f28-9fde-b7126a5c7252","140ad3e4-018f-43f3-a688-0c32f9b341ab","914a92d1-1384-461d-9798-06f87b4c8267","SNYK-JS-LODASH-73638","2025-05-01T19:07:07.405Z","high"
"0708d6a5-c79a-4f28-9fde-b7126a5c7252","140ad3e4-018f-43f3-a688-0c32f9b341ab","914a92d1-1384-461d-9798-06f87b4c8267","npm:npmconf:20180512","2025-05-01T19:07:07.405Z","high"
"0708d6a5-c79a-4f28-9fde-b7126a5c7252","140ad3e4-018f-43f3-a688-0c32f9b341ab","914a92d1-1384-461d-9798-06f87b4c8267","SNYK-JS-HANDLEBARS-534478","2025-05-01T19:07:07.405Z","high"
"0708d6a5-c79a-4f28-9fde-b7126a5c7252","140ad3e4-018f-43f3-a688-0c32f9b341ab","914a92d1-1384-461d-9798-06f87b4c8267","SNYK-JS-MONGOOSE-2961688","2025-05-01T19:07:07.405Z","high"
"0708d6a5-c79a-4f28-9fde-b7126a5c7252","140ad3e4-018f-43f3-a688-0c32f9b341ab","914a92d1-1384-461d-9798-06f87b4c8267","SNYK-JS-HANDLEBARS-174183","2025-05-01T19:07:07.405Z","high"
"0708d6a5-c79a-4f28-9fde-b7126a5c7252","140ad3e4-018f-43f3-a688-0c32f9b341ab","e63ef815-f29a-4f25-a42d-acdf3b736058","SNYK-JS-MULTER-10185673","2025-05-21T07:52:59.146Z","high"
"0708d6a5-c79a-4f28-9fde-b7126a5c7252","140ad3e4-018f-43f3-a688-0c32f9b341ab","e63ef815-f29a-4f25-a42d-acdf3b736058","SNYK-JS-MULTER-10185675","2025-05-21T07:52:59.146Z","high"
"0708d6a5-c79a-4f28-9fde-b7126a5c7252","140ad3e4-018f-43f3-a688-0c32f9b341ab","523f1b1c-3a40-4d07-a57e-588912a7ea50","SNYK-JS-MULTER-10185675","2025-05-21T08:11:00.546Z","high"
"0708d6a5-c79a-4f28-9fde-b7126a5c7252","140ad3e4-018f-43f3-a688-0c32f9b341ab","523f1b1c-3a40-4d07-a57e-588912a7ea50","SNYK-JS-MULTER-10185673","2025-05-21T08:11:00.546Z","high"
"0708d6a5-c79a-4f28-9fde-b7126a5c7252","140ad3e4-018f-43f3-a688-0c32f9b341ab","d800a837-6283-4f6a-a02d-e4fd71f4fb11","SNYK-JS-MULTER-10185675","2025-05-22T04:16:21.343Z","high"
"0708d6a5-c79a-4f28-9fde-b7126a5c7252","140ad3e4-018f-43f3-a688-0c32f9b341ab","d800a837-6283-4f6a-a02d-e4fd71f4fb11","SNYK-JS-MULTER-10185673","2025-05-22T04:16:21.343Z","high"
"0708d6a5-c79a-4f28-9fde-b7126a5c7252","140ad3e4-018f-43f3-a688-0c32f9b341ab","444afc23-d3fc-4a19-98ca-e7b842c7e9e4","SNYK-DEBIAN11-ICU-10254388","2025-05-28T07:02:17.511Z","high"
"0708d6a5-c79a-4f28-9fde-b7126a5c7252","140ad3e4-018f-43f3-a688-0c32f9b341ab","fc795e0b-e6c6-46a6-9927-db9a7bb372cb","SNYK-DEBIAN11-ICU-10254388","2025-05-28T07:04:56.78Z","high"
"0708d6a5-c79a-4f28-9fde-b7126a5c7252","140ad3e4-018f-43f3-a688-0c32f9b341ab","133a60b1-9ab9-4403-ab25-5d4338d5b1ad","SNYK-DEBIAN11-ICU-10254388","2025-05-28T07:09:53.375Z","high"
"0708d6a5-c79a-4f28-9fde-b7126a5c7252","140ad3e4-018f-43f3-a688-0c32f9b341ab","e63ef815-f29a-4f25-a42d-acdf3b736058","SNYK-JS-TARFS-10293725","2025-06-04T02:02:52.016Z","high"
"0708d6a5-c79a-4f28-9fde-b7126a5c7252","140ad3e4-018f-43f3-a688-0c32f9b341ab","523f1b1c-3a40-4d07-a57e-588912a7ea50","SNYK-JS-TARFS-10293725","2025-06-04T02:35:55.208Z","high"
"0708d6a5-c79a-4f28-9fde-b7126a5c7252","140ad3e4-018f-43f3-a688-0c32f9b341ab","ba9f53bc-5549-403d-b18b-71f2547640c9","SNYK-JS-WEBPACKDEVSERVER-10300775","2025-06-05T10:17:07.955Z","high"
"0708d6a5-c79a-4f28-9fde-b7126a5c7252","140ad3e4-018f-43f3-a688-0c32f9b341ab","d800a837-6283-4f6a-a02d-e4fd71f4fb11","SNYK-JS-TARFS-10293725","2025-06-05T10:30:04.607Z","high"
"0708d6a5-c79a-4f28-9fde-b7126a5c7252","140ad3e4-018f-43f3-a688-0c32f9b341ab","d04b70dc-c890-41ca-aa2e-4c338c58631e","SNYK-JS-WEBPACKDEVSERVER-10300775","2025-06-05T10:30:34.397Z","high"
"0708d6a5-c79a-4f28-9fde-b7126a5c7252","140ad3e4-018f-43f3-a688-0c32f9b341ab","fc795e0b-e6c6-46a6-9927-db9a7bb372cb","SNYK-DEBIAN11-LIBXML2-10345641","2025-06-13T09:12:58.699Z","high"
"0708d6a5-c79a-4f28-9fde-b7126a5c7252","140ad3e4-018f-43f3-a688-0c32f9b341ab","444afc23-d3fc-4a19-98ca-e7b842c7e9e4","SNYK-DEBIAN11-LIBXML2-10345641","2025-06-13T09:18:31.22Z","high"
"0708d6a5-c79a-4f28-9fde-b7126a5c7252","140ad3e4-018f-43f3-a688-0c32f9b341ab","133a60b1-9ab9-4403-ab25-5d4338d5b1ad","SNYK-DEBIAN11-LIBXML2-10345641","2025-06-13T09:22:10.083Z","high"
"0708d6a5-c79a-4f28-9fde-b7126a5c7252","140ad3e4-018f-43f3-a688-0c32f9b341ab","133a60b1-9ab9-4403-ab25-5d4338d5b1ad","SNYK-DEBIAN11-LIBXML2-10350660","2025-06-14T09:26:55.213Z","high"
"0708d6a5-c79a-4f28-9fde-b7126a5c7252","140ad3e4-018f-43f3-a688-0c32f9b341ab","fc795e0b-e6c6-46a6-9927-db9a7bb372cb","SNYK-DEBIAN11-LIBXML2-10350660","2025-06-14T09:40:10.217Z","high"
"0708d6a5-c79a-4f28-9fde-b7126a5c7252","140ad3e4-018f-43f3-a688-0c32f9b341ab","444afc23-d3fc-4a19-98ca-e7b842c7e9e4","SNYK-DEBIAN11-LIBXML2-10350660","2025-06-14T09:40:20.128Z","high"
"0708d6a5-c79a-4f28-9fde-b7126a5c7252","140ad3e4-018f-43f3-a688-0c32f9b341ab","133a60b1-9ab9-4403-ab25-5d4338d5b1ad","SNYK-DEBIAN11-PAM-10378967","2025-06-19T03:44:13.973Z","high"
"0708d6a5-c79a-4f28-9fde-b7126a5c7252","140ad3e4-018f-43f3-a688-0c32f9b341ab","444afc23-d3fc-4a19-98ca-e7b842c7e9e4","SNYK-DEBIAN11-PAM-10378967","2025-06-19T04:51:35.586Z","high"
"0708d6a5-c79a-4f28-9fde-b7126a5c7252","140ad3e4-018f-43f3-a688-0c32f9b341ab","794893ec-0b41-4931-b54f-0b4517c9d663","SNYK-DEBIAN11-PAM-10378967","2025-06-19T05:07:20.787Z","high"
"0708d6a5-c79a-4f28-9fde-b7126a5c7252","140ad3e4-018f-43f3-a688-0c32f9b341ab","fc795e0b-e6c6-46a6-9927-db9a7bb372cb","SNYK-DEBIAN11-PAM-10378967","2025-06-19T05:11:50.661Z","high"
"0708d6a5-c79a-4f28-9fde-b7126a5c7252","140ad3e4-018f-43f3-a688-0c32f9b341ab","48571bba-a84a-4472-9dae-3eff40b803b4","SNYK-DEBIAN11-PAM-10378967","2025-06-19T05:57:37.302Z","high"
"0708d6a5-c79a-4f28-9fde-b7126a5c7252","140ad3e4-018f-43f3-a688-0c32f9b341ab","806c9b97-69a9-4124-96f3-91ea4b8067a0","SNYK-DEBIAN11-PAM-10378967","2025-06-19T06:05:54.375Z","high"
"0708d6a5-c79a-4f28-9fde-b7126a5c7252","140ad3e4-018f-43f3-a688-0c32f9b341ab","444afc23-d3fc-4a19-98ca-e7b842c7e9e4","SNYK-DEBIAN11-GDKPIXBUF-10663979","2025-07-09T05:41:14.127Z","high"
"0708d6a5-c79a-4f28-9fde-b7126a5c7252","140ad3e4-018f-43f3-a688-0c32f9b341ab","fc795e0b-e6c6-46a6-9927-db9a7bb372cb","SNYK-DEBIAN11-GDKPIXBUF-10663979","2025-07-09T06:01:23.475Z","high"
"0708d6a5-c79a-4f28-9fde-b7126a5c7252","140ad3e4-018f-43f3-a688-0c32f9b341ab","133a60b1-9ab9-4403-ab25-5d4338d5b1ad","SNYK-DEBIAN11-GDKPIXBUF-10663979","2025-07-09T06:12:13.498Z","high"
"0708d6a5-c79a-4f28-9fde-b7126a5c7252","140ad3e4-018f-43f3-a688-0c32f9b341ab","fc795e0b-e6c6-46a6-9927-db9a7bb372cb","SNYK-DEBIAN11-LIBXSLT-10691004","2025-07-11T04:15:42.776Z","high"
"0708d6a5-c79a-4f28-9fde-b7126a5c7252","140ad3e4-018f-43f3-a688-0c32f9b341ab","fc795e0b-e6c6-46a6-9927-db9a7bb372cb","SNYK-DEBIAN11-GNUTLS28-10690986","2025-07-11T04:15:42.776Z","high"
"0708d6a5-c79a-4f28-9fde-b7126a5c7252","140ad3e4-018f-43f3-a688-0c32f9b341ab","fc795e0b-e6c6-46a6-9927-db9a7bb372cb","SNYK-DEBIAN11-LIBXSLT-10691006","2025-07-11T04:15:42.776Z","high"
"0708d6a5-c79a-4f28-9fde-b7126a5c7252","140ad3e4-018f-43f3-a688-0c32f9b341ab","fc795e0b-e6c6-46a6-9927-db9a7bb372cb","SNYK-DEBIAN11-GNUTLS28-10690988","2025-07-11T04:15:42.776Z","high"
"0708d6a5-c79a-4f28-9fde-b7126a5c7252","140ad3e4-018f-43f3-a688-0c32f9b341ab","48571bba-a84a-4472-9dae-3eff40b803b4","SNYK-DEBIAN11-GNUTLS28-10690988","2025-07-11T04:27:15.802Z","high"
"0708d6a5-c79a-4f28-9fde-b7126a5c7252","140ad3e4-018f-43f3-a688-0c32f9b341ab","48571bba-a84a-4472-9dae-3eff40b803b4","SNYK-DEBIAN11-GNUTLS28-10690986","2025-07-11T04:27:15.802Z","high"
"0708d6a5-c79a-4f28-9fde-b7126a5c7252","140ad3e4-018f-43f3-a688-0c32f9b341ab","133a60b1-9ab9-4403-ab25-5d4338d5b1ad","SNYK-DEBIAN11-GNUTLS28-10690988","2025-07-11T04:40:17.751Z","high"
"0708d6a5-c79a-4f28-9fde-b7126a5c7252","140ad3e4-018f-43f3-a688-0c32f9b341ab","133a60b1-9ab9-4403-ab25-5d4338d5b1ad","SNYK-DEBIAN11-GNUTLS28-10690986","2025-07-11T04:40:17.751Z","high"
"0708d6a5-c79a-4f28-9fde-b7126a5c7252","140ad3e4-018f-43f3-a688-0c32f9b341ab","133a60b1-9ab9-4403-ab25-5d4338d5b1ad","SNYK-DEBIAN11-LIBXSLT-10691006","2025-07-11T04:40:17.751Z","high"
"0708d6a5-c79a-4f28-9fde-b7126a5c7252","140ad3e4-018f-43f3-a688-0c32f9b341ab","133a60b1-9ab9-4403-ab25-5d4338d5b1ad","SNYK-DEBIAN11-LIBXSLT-10691004","2025-07-11T04:40:17.751Z","high"
"0708d6a5-c79a-4f28-9fde-b7126a5c7252","140ad3e4-018f-43f3-a688-0c32f9b341ab","444afc23-d3fc-4a19-98ca-e7b842c7e9e4","SNYK-DEBIAN11-LIBXSLT-10691006","2025-07-11T04:59:29.235Z","high"
"0708d6a5-c79a-4f28-9fde-b7126a5c7252","140ad3e4-018f-43f3-a688-0c32f9b341ab","444afc23-d3fc-4a19-98ca-e7b842c7e9e4","SNYK-DEBIAN11-GNUTLS28-10690988","2025-07-11T04:59:29.235Z","high"
"0708d6a5-c79a-4f28-9fde-b7126a5c7252","140ad3e4-018f-43f3-a688-0c32f9b341ab","444afc23-d3fc-4a19-98ca-e7b842c7e9e4","SNYK-DEBIAN11-GNUTLS28-10690986","2025-07-11T04:59:29.235Z","high"
"0708d6a5-c79a-4f28-9fde-b7126a5c7252","140ad3e4-018f-43f3-a688-0c32f9b341ab","444afc23-d3fc-4a19-98ca-e7b842c7e9e4","SNYK-DEBIAN11-LIBXSLT-10691004","2025-07-11T04:59:29.235Z","high"
"0708d6a5-c79a-4f28-9fde-b7126a5c7252","140ad3e4-018f-43f3-a688-0c32f9b341ab","794893ec-0b41-4931-b54f-0b4517c9d663","SNYK-DEBIAN11-GNUTLS28-10690988","2025-07-11T05:01:15.212Z","high"
"0708d6a5-c79a-4f28-9fde-b7126a5c7252","140ad3e4-018f-43f3-a688-0c32f9b341ab","794893ec-0b41-4931-b54f-0b4517c9d663","SNYK-DEBIAN11-GNUTLS28-10690986","2025-07-11T05:01:15.212Z","high"
"0708d6a5-c79a-4f28-9fde-b7126a5c7252","140ad3e4-018f-43f3-a688-0c32f9b341ab","806c9b97-69a9-4124-96f3-91ea4b8067a0","SNYK-DEBIAN11-GNUTLS28-10690986","2025-07-11T05:05:05.753Z","high"
"0708d6a5-c79a-4f28-9fde-b7126a5c7252","140ad3e4-018f-43f3-a688-0c32f9b341ab","806c9b97-69a9-4124-96f3-91ea4b8067a0","SNYK-DEBIAN11-GNUTLS28-10690988","2025-07-11T05:05:05.753Z","high"
"0708d6a5-c79a-4f28-9fde-b7126a5c7252","140ad3e4-018f-43f3-a688-0c32f9b341ab","4574f599-1167-4c44-b3e6-1f9cdbf025c3","d50a13dd-d376-452e-a67d-2ebd7486a898","2025-07-11T22:51:10.012Z","high"
"0708d6a5-c79a-4f28-9fde-b7126a5c7252","140ad3e4-018f-43f3-a688-0c32f9b341ab","4574f599-1167-4c44-b3e6-1f9cdbf025c3","ebebfee8-dd45-4cbf-8d65-887d0c9b8f0d","2025-07-11T22:51:10.012Z","high"
"0708d6a5-c79a-4f28-9fde-b7126a5c7252","140ad3e4-018f-43f3-a688-0c32f9b341ab","4574f599-1167-4c44-b3e6-1f9cdbf025c3","f3133852-3047-4b30-bab1-b9ee89612bbd","2025-07-11T22:51:10.012Z","high"
"0708d6a5-c79a-4f28-9fde-b7126a5c7252","140ad3e4-018f-43f3-a688-0c32f9b341ab","4574f599-1167-4c44-b3e6-1f9cdbf025c3","a31ccc6f-0fbf-48ba-bf14-09e4d099f23c","2025-07-11T22:51:10.012Z","high"
"0708d6a5-c79a-4f28-9fde-b7126a5c7252","140ad3e4-018f-43f3-a688-0c32f9b341ab","cea1e34b-efa5-4ca8-b776-9651376e96b5","db955bab-fd0a-41ab-990b-61f1b03a6c34","2025-07-11T23:06:42.591Z","high"
"0708d6a5-c79a-4f28-9fde-b7126a5c7252","140ad3e4-018f-43f3-a688-0c32f9b341ab","cea1e34b-efa5-4ca8-b776-9651376e96b5","79ea623c-5379-4b98-9a22-ead9b08a0216","2025-07-11T23:06:42.591Z","high"
"0708d6a5-c79a-4f28-9fde-b7126a5c7252","140ad3e4-018f-43f3-a688-0c32f9b341ab","cea1e34b-efa5-4ca8-b776-9651376e96b5","4e28aee0-12d4-43ee-9a6b-25aacb7e6577","2025-07-11T23:06:42.591Z","high"
"0708d6a5-c79a-4f28-9fde-b7126a5c7252","140ad3e4-018f-43f3-a688-0c32f9b341ab","cea1e34b-efa5-4ca8-b776-9651376e96b5","02d27828-0768-4680-bef2-fa41d10e59fc","2025-07-11T23:06:42.591Z","high"
"0708d6a5-c79a-4f28-9fde-b7126a5c7252","140ad3e4-018f-43f3-a688-0c32f9b341ab","444afc23-d3fc-4a19-98ca-e7b842c7e9e4","SNYK-DEBIAN11-IMAGEMAGICK-10752985","2025-07-16T08:01:06.827Z","high"
"0708d6a5-c79a-4f28-9fde-b7126a5c7252","140ad3e4-018f-43f3-a688-0c32f9b341ab","133a60b1-9ab9-4403-ab25-5d4338d5b1ad","SNYK-DEBIAN11-IMAGEMAGICK-10752985","2025-07-16T08:12:42.681Z","high"
"0708d6a5-c79a-4f28-9fde-b7126a5c7252","140ad3e4-018f-43f3-a688-0c32f9b341ab","fc795e0b-e6c6-46a6-9927-db9a7bb372cb","SNYK-DEBIAN11-IMAGEMAGICK-10752985","2025-07-16T08:14:36.6Z","high"
"0708d6a5-c79a-4f28-9fde-b7126a5c7252","140ad3e4-018f-43f3-a688-0c32f9b341ab","523f1b1c-3a40-4d07-a57e-588912a7ea50","SNYK-JS-MULTER-10773732","2025-07-18T07:53:56.541Z","high"
"0708d6a5-c79a-4f28-9fde-b7126a5c7252","140ad3e4-018f-43f3-a688-0c32f9b341ab","e63ef815-f29a-4f25-a42d-acdf3b736058","SNYK-JS-MULTER-10773732","2025-07-18T08:08:20.64Z","high"
"0708d6a5-c79a-4f28-9fde-b7126a5c7252","140ad3e4-018f-43f3-a688-0c32f9b341ab","d800a837-6283-4f6a-a02d-e4fd71f4fb11","SNYK-JS-MULTER-10773732","2025-07-24T05:34:10.449Z","high"
"0708d6a5-c79a-4f28-9fde-b7126a5c7252","140ad3e4-018f-43f3-a688-0c32f9b341ab","133a60b1-9ab9-4403-ab25-5d4338d5b1ad","SNYK-DEBIAN11-IMAGEMAGICK-11808490","2025-08-15T07:14:03.874Z","high"
"0708d6a5-c79a-4f28-9fde-b7126a5c7252","140ad3e4-018f-43f3-a688-0c32f9b341ab","fc795e0b-e6c6-46a6-9927-db9a7bb372cb","SNYK-DEBIAN11-IMAGEMAGICK-11808490","2025-08-15T07:15:33.483Z","high"
"0708d6a5-c79a-4f28-9fde-b7126a5c7252","140ad3e4-018f-43f3-a688-0c32f9b341ab","444afc23-d3fc-4a19-98ca-e7b842c7e9e4","SNYK-DEBIAN11-IMAGEMAGICK-11808490","2025-08-15T07:17:00.04Z","high"
"0708d6a5-c79a-4f28-9fde-b7126a5c7252","140ad3e4-018f-43f3-a688-0c32f9b341ab","fc795e0b-e6c6-46a6-9927-db9a7bb372cb","SNYK-DEBIAN11-IMAGEMAGICK-12202818","2025-08-27T06:43:32Z","high"
"0708d6a5-c79a-4f28-9fde-b7126a5c7252","140ad3e4-018f-43f3-a688-0c32f9b341ab","fc795e0b-e6c6-46a6-9927-db9a7bb372cb","SNYK-DEBIAN11-IMAGEMAGICK-12202825","2025-08-27T06:43:32Z","high"
"0708d6a5-c79a-4f28-9fde-b7126a5c7252","140ad3e4-018f-43f3-a688-0c32f9b341ab","fc795e0b-e6c6-46a6-9927-db9a7bb372cb","SNYK-DEBIAN11-IMAGEMAGICK-12202814","2025-08-27T06:43:32Z","high"
"0708d6a5-c79a-4f28-9fde-b7126a5c7252","140ad3e4-018f-43f3-a688-0c32f9b341ab","444afc23-d3fc-4a19-98ca-e7b842c7e9e4","SNYK-DEBIAN11-IMAGEMAGICK-12202814","2025-08-27T07:19:23.581Z","high"
"0708d6a5-c79a-4f28-9fde-b7126a5c7252","140ad3e4-018f-43f3-a688-0c32f9b341ab","444afc23-d3fc-4a19-98ca-e7b842c7e9e4","SNYK-DEBIAN11-IMAGEMAGICK-12202818","2025-08-27T07:19:23.581Z","high"
"0708d6a5-c79a-4f28-9fde-b7126a5c7252","140ad3e4-018f-43f3-a688-0c32f9b341ab","444afc23-d3fc-4a19-98ca-e7b842c7e9e4","SNYK-DEBIAN11-IMAGEMAGICK-12202825","2025-08-27T07:19:23.581Z","high"
"0708d6a5-c79a-4f28-9fde-b7126a5c7252","140ad3e4-018f-43f3-a688-0c32f9b341ab","133a60b1-9ab9-4403-ab25-5d4338d5b1ad","SNYK-DEBIAN11-IMAGEMAGICK-12202818","2025-08-27T07:20:26.944Z","high"
"0708d6a5-c79a-4f28-9fde-b7126a5c7252","140ad3e4-018f-43f3-a688-0c32f9b341ab","133a60b1-9ab9-4403-ab25-5d4338d5b1ad","SNYK-DEBIAN11-IMAGEMAGICK-12202814","2025-08-27T07:20:26.944Z","high"
"0708d6a5-c79a-4f28-9fde-b7126a5c7252","140ad3e4-018f-43f3-a688-0c32f9b341ab","133a60b1-9ab9-4403-ab25-5d4338d5b1ad","SNYK-DEBIAN11-IMAGEMAGICK-12202825","2025-08-27T07:20:26.944Z","high"
"0708d6a5-c79a-4f28-9fde-b7126a5c7252","140ad3e4-018f-43f3-a688-0c32f9b341ab","d04b70dc-c890-41ca-aa2e-4c338c58631e","SNYK-JS-IP-12704893","2025-09-17T08:42:08.167Z","high"
"0708d6a5-c79a-4f28-9fde-b7126a5c7252","140ad3e4-018f-43f3-a688-0c32f9b341ab","d04b70dc-c890-41ca-aa2e-4c338c58631e","SNYK-JS-IP-12761655","2025-09-17T08:42:08.167Z","high"
"0708d6a5-c79a-4f28-9fde-b7126a5c7252","140ad3e4-018f-43f3-a688-0c32f9b341ab","ba9f53bc-5549-403d-b18b-71f2547640c9","SNYK-JS-IP-12761655","2025-09-17T08:54:41.266Z","high"
"0708d6a5-c79a-4f28-9fde-b7126a5c7252","140ad3e4-018f-43f3-a688-0c32f9b341ab","ba9f53bc-5549-403d-b18b-71f2547640c9","SNYK-JS-IP-12704893","2025-09-17T08:54:41.266Z","high"
"0708d6a5-c79a-4f28-9fde-b7126a5c7252","140ad3e4-018f-43f3-a688-0c32f9b341ab","444afc23-d3fc-4a19-98ca-e7b842c7e9e4","SNYK-DEBIAN11-TIFF-13019604","2025-09-25T04:51:25.26Z","high"
"0708d6a5-c79a-4f28-9fde-b7126a5c7252","140ad3e4-018f-43f3-a688-0c32f9b341ab","133a60b1-9ab9-4403-ab25-5d4338d5b1ad","SNYK-DEBIAN11-TIFF-13019604","2025-09-25T05:58:03.469Z","high"
"0708d6a5-c79a-4f28-9fde-b7126a5c7252","140ad3e4-018f-43f3-a688-0c32f9b341ab","fc795e0b-e6c6-46a6-9927-db9a7bb372cb","SNYK-DEBIAN11-TIFF-13019604","2025-09-25T06:03:29.74Z","high"
"0708d6a5-c79a-4f28-9fde-b7126a5c7252","140ad3e4-018f-43f3-a688-0c32f9b341ab","fc795e0b-e6c6-46a6-9927-db9a7bb372cb","SNYK-DEBIAN11-IMAGEMAGICK-13615063","2025-10-18T06:30:40.02Z","high"
"0708d6a5-c79a-4f28-9fde-b7126a5c7252","140ad3e4-018f-43f3-a688-0c32f9b341ab","133a60b1-9ab9-4403-ab25-5d4338d5b1ad","SNYK-DEBIAN11-IMAGEMAGICK-13615063","2025-10-18T13:40:30.593Z","high"
"0708d6a5-c79a-4f28-9fde-b7126a5c7252","140ad3e4-018f-43f3-a688-0c32f9b341ab","444afc23-d3fc-4a19-98ca-e7b842c7e9e4","SNYK-DEBIAN11-IMAGEMAGICK-13615063","2025-10-18T13:57:52.898Z","high"
"0708d6a5-c79a-4f28-9fde-b7126a5c7252","140ad3e4-018f-43f3-a688-0c32f9b341ab","53c83ace-7909-43b3-bda9-688ae867fe50","SNYK-UNMANAGED-OPENSSL-2318675","2025-10-20T19:35:23.119Z","high"
"0708d6a5-c79a-4f28-9fde-b7126a5c7252","140ad3e4-018f-43f3-a688-0c32f9b341ab","53c83ace-7909-43b3-bda9-688ae867fe50","SNYK-UNMANAGED-OPENSSL-2318610","2025-10-20T19:35:23.119Z","high"
"0708d6a5-c79a-4f28-9fde-b7126a5c7252","140ad3e4-018f-43f3-a688-0c32f9b341ab","53c83ace-7909-43b3-bda9-688ae867fe50","SNYK-UNMANAGED-OPENSSL-2318753","2025-10-20T19:35:23.119Z","high"
"0708d6a5-c79a-4f28-9fde-b7126a5c7252","140ad3e4-018f-43f3-a688-0c32f9b341ab","53c83ace-7909-43b3-bda9-688ae867fe50","SNYK-UNMANAGED-CRYPTOPP-2317799","2025-10-20T19:35:23.119Z","high"
"0708d6a5-c79a-4f28-9fde-b7126a5c7252","140ad3e4-018f-43f3-a688-0c32f9b341ab","53c83ace-7909-43b3-bda9-688ae867fe50","SNYK-UNMANAGED-CRYPTOPP-6840314","2025-10-20T19:35:23.119Z","high"
"0708d6a5-c79a-4f28-9fde-b7126a5c7252","140ad3e4-018f-43f3-a688-0c32f9b341ab","53c83ace-7909-43b3-bda9-688ae867fe50","SNYK-UNMANAGED-OPENSSL-2318718","2025-10-20T19:35:23.119Z","high"
"0708d6a5-c79a-4f28-9fde-b7126a5c7252","140ad3e4-018f-43f3-a688-0c32f9b341ab","53c83ace-7909-43b3-bda9-688ae867fe50","SNYK-UNMANAGED-OPENSSL-2807816","2025-10-20T19:35:23.119Z","high"
"0708d6a5-c79a-4f28-9fde-b7126a5c7252","140ad3e4-018f-43f3-a688-0c32f9b341ab","53c83ace-7909-43b3-bda9-688ae867fe50","SNYK-UNMANAGED-CRYPTOPP-6130120","2025-10-20T19:35:23.119Z","high"
"0708d6a5-c79a-4f28-9fde-b7126a5c7252","140ad3e4-018f-43f3-a688-0c32f9b341ab","53c83ace-7909-43b3-bda9-688ae867fe50","SNYK-UNMANAGED-CRYPTOPP-6130121","2025-10-20T19:35:23.119Z","high"
"0708d6a5-c79a-4f28-9fde-b7126a5c7252","140ad3e4-018f-43f3-a688-0c32f9b341ab","53c83ace-7909-43b3-bda9-688ae867fe50","SNYK-UNMANAGED-OPENSSL-2318638","2025-10-20T19:35:23.119Z","high"
"0708d6a5-c79a-4f28-9fde-b7126a5c7252","140ad3e4-018f-43f3-a688-0c32f9b341ab","53c83ace-7909-43b3-bda9-688ae867fe50","SNYK-UNMANAGED-OPENSSL-2426984","2025-10-20T19:35:23.119Z","high"
"0708d6a5-c79a-4f28-9fde-b7126a5c7252","140ad3e4-018f-43f3-a688-0c32f9b341ab","53c83ace-7909-43b3-bda9-688ae867fe50","SNYK-UNMANAGED-OPENSSL-2318708","2025-10-20T19:35:23.119Z","high"
"0708d6a5-c79a-4f28-9fde-b7126a5c7252","140ad3e4-018f-43f3-a688-0c32f9b341ab","53c83ace-7909-43b3-bda9-688ae867fe50","SNYK-UNMANAGED-OPENSSL-2318591","2025-10-20T19:35:23.119Z","high"
"0708d6a5-c79a-4f28-9fde-b7126a5c7252","140ad3e4-018f-43f3-a688-0c32f9b341ab","53c83ace-7909-43b3-bda9-688ae867fe50","SNYK-UNMANAGED-OPENSSL-2318763","2025-10-20T19:35:23.119Z","high"
"0708d6a5-c79a-4f28-9fde-b7126a5c7252","140ad3e4-018f-43f3-a688-0c32f9b341ab","53c83ace-7909-43b3-bda9-688ae867fe50","SNYK-UNMANAGED-OPENSSL-2318752","2025-10-20T19:35:23.119Z","high"
"0708d6a5-c79a-4f28-9fde-b7126a5c7252","140ad3e4-018f-43f3-a688-0c32f9b341ab","53c83ace-7909-43b3-bda9-688ae867fe50","SNYK-UNMANAGED-CRYPTOPP-2317801","2025-10-20T19:35:23.119Z","high"
"0708d6a5-c79a-4f28-9fde-b7126a5c7252","140ad3e4-018f-43f3-a688-0c32f9b341ab","53c83ace-7909-43b3-bda9-688ae867fe50","SNYK-UNMANAGED-OPENSSL-13180133","2025-10-20T19:35:23.119Z","high"
"0708d6a5-c79a-4f28-9fde-b7126a5c7252","140ad3e4-018f-43f3-a688-0c32f9b341ab","53c83ace-7909-43b3-bda9-688ae867fe50","SNYK-UNMANAGED-OPENSSL-3315327","2025-10-20T19:35:23.119Z","high"
"0708d6a5-c79a-4f28-9fde-b7126a5c7252","140ad3e4-018f-43f3-a688-0c32f9b341ab","53c83ace-7909-43b3-bda9-688ae867fe50","SNYK-UNMANAGED-CRYPTOPP-2317795","2025-10-20T19:35:23.119Z","high"
"0708d6a5-c79a-4f28-9fde-b7126a5c7252","140ad3e4-018f-43f3-a688-0c32f9b341ab","53c83ace-7909-43b3-bda9-688ae867fe50","SNYK-UNMANAGED-OPENSSL-2318755","2025-10-20T19:35:23.119Z","high"
"0708d6a5-c79a-4f28-9fde-b7126a5c7252","140ad3e4-018f-43f3-a688-0c32f9b341ab","be29c6a3-bb51-4d53-a712-16f089a0d0d8","SNYK-UNMANAGED-CRYPTOPP-2317801","2025-10-20T19:52:58.579Z","high"
"0708d6a5-c79a-4f28-9fde-b7126a5c7252","140ad3e4-018f-43f3-a688-0c32f9b341ab","be29c6a3-bb51-4d53-a712-16f089a0d0d8","SNYK-UNMANAGED-OPENSSL-2318610","2025-10-20T19:52:58.579Z","high"
"0708d6a5-c79a-4f28-9fde-b7126a5c7252","140ad3e4-018f-43f3-a688-0c32f9b341ab","be29c6a3-bb51-4d53-a712-16f089a0d0d8","SNYK-UNMANAGED-LUXCORELUX-2366704","2025-10-20T19:52:58.579Z","high"
"0708d6a5-c79a-4f28-9fde-b7126a5c7252","140ad3e4-018f-43f3-a688-0c32f9b341ab","be29c6a3-bb51-4d53-a712-16f089a0d0d8","SNYK-UNMANAGED-OPENSSL-2318755","2025-10-20T19:52:58.579Z","high"
"0708d6a5-c79a-4f28-9fde-b7126a5c7252","140ad3e4-018f-43f3-a688-0c32f9b341ab","be29c6a3-bb51-4d53-a712-16f089a0d0d8","SNYK-UNMANAGED-OPENSSL-2318734","2025-10-20T19:52:58.579Z","high"
"0708d6a5-c79a-4f28-9fde-b7126a5c7252","140ad3e4-018f-43f3-a688-0c32f9b341ab","be29c6a3-bb51-4d53-a712-16f089a0d0d8","snyk:lic:unmanaged:github.com:htmlcoin:htmlcoin:GPL-3.0","2025-10-20T19:52:58.579Z","high"
"0708d6a5-c79a-4f28-9fde-b7126a5c7252","140ad3e4-018f-43f3-a688-0c32f9b341ab","be29c6a3-bb51-4d53-a712-16f089a0d0d8","SNYK-UNMANAGED-OPENSSL-2318753","2025-10-20T19:52:58.579Z","high"
"0708d6a5-c79a-4f28-9fde-b7126a5c7252","140ad3e4-018f-43f3-a688-0c32f9b341ab","be29c6a3-bb51-4d53-a712-16f089a0d0d8","SNYK-UNMANAGED-CRYPTOPP-6840314","2025-10-20T19:52:58.579Z","high"
"0708d6a5-c79a-4f28-9fde-b7126a5c7252","140ad3e4-018f-43f3-a688-0c32f9b341ab","be29c6a3-bb51-4d53-a712-16f089a0d0d8","snyk:lic:unmanaged:github.com:mikekazakov:nimble-commander:GPL-3.0","2025-10-20T19:52:58.579Z","high"
"0708d6a5-c79a-4f28-9fde-b7126a5c7252","140ad3e4-018f-43f3-a688-0c32f9b341ab","be29c6a3-bb51-4d53-a712-16f089a0d0d8","SNYK-UNMANAGED-HTMLCOINHTMLCOIN-2365735","2025-10-20T19:52:58.579Z","high"
"0708d6a5-c79a-4f28-9fde-b7126a5c7252","140ad3e4-018f-43f3-a688-0c32f9b341ab","be29c6a3-bb51-4d53-a712-16f089a0d0d8","SNYK-UNMANAGED-CRYPTOPP-2317795","2025-10-20T19:52:58.579Z","high"
"0708d6a5-c79a-4f28-9fde-b7126a5c7252","140ad3e4-018f-43f3-a688-0c32f9b341ab","be29c6a3-bb51-4d53-a712-16f089a0d0d8","SNYK-UNMANAGED-OPENSSL-2318708","2025-10-20T19:52:58.579Z","high"
"0708d6a5-c79a-4f28-9fde-b7126a5c7252","140ad3e4-018f-43f3-a688-0c32f9b341ab","be29c6a3-bb51-4d53-a712-16f089a0d0d8","SNYK-UNMANAGED-OPENSSL-2807816","2025-10-20T19:52:58.579Z","high"
"0708d6a5-c79a-4f28-9fde-b7126a5c7252","140ad3e4-018f-43f3-a688-0c32f9b341ab","be29c6a3-bb51-4d53-a712-16f089a0d0d8","SNYK-UNMANAGED-CRYPTOPP-6130120","2025-10-20T19:52:58.579Z","high"
"0708d6a5-c79a-4f28-9fde-b7126a5c7252","140ad3e4-018f-43f3-a688-0c32f9b341ab","be29c6a3-bb51-4d53-a712-16f089a0d0d8","SNYK-UNMANAGED-OPENSSL-2318763","2025-10-20T19:52:58.579Z","high"
"0708d6a5-c79a-4f28-9fde-b7126a5c7252","140ad3e4-018f-43f3-a688-0c32f9b341ab","be29c6a3-bb51-4d53-a712-16f089a0d0d8","SNYK-UNMANAGED-OPENSSL-2318591","2025-10-20T19:52:58.579Z","high"
"0708d6a5-c79a-4f28-9fde-b7126a5c7252","140ad3e4-018f-43f3-a688-0c32f9b341ab","be29c6a3-bb51-4d53-a712-16f089a0d0d8","SNYK-UNMANAGED-OPENSSL-3315327","2025-10-20T19:52:58.579Z","high"
"0708d6a5-c79a-4f28-9fde-b7126a5c7252","140ad3e4-018f-43f3-a688-0c32f9b341ab","be29c6a3-bb51-4d53-a712-16f089a0d0d8","SNYK-UNMANAGED-OPENSSL-2318583","2025-10-20T19:52:58.579Z","high"
"0708d6a5-c79a-4f28-9fde-b7126a5c7252","140ad3e4-018f-43f3-a688-0c32f9b341ab","be29c6a3-bb51-4d53-a712-16f089a0d0d8","SNYK-UNMANAGED-OPENSSL-2318752","2025-10-20T19:52:58.579Z","high"
"0708d6a5-c79a-4f28-9fde-b7126a5c7252","140ad3e4-018f-43f3-a688-0c32f9b341ab","be29c6a3-bb51-4d53-a712-16f089a0d0d8","SNYK-UNMANAGED-OPENSSL-13180133","2025-10-20T19:52:58.579Z","high"
"0708d6a5-c79a-4f28-9fde-b7126a5c7252","140ad3e4-018f-43f3-a688-0c32f9b341ab","be29c6a3-bb51-4d53-a712-16f089a0d0d8","SNYK-UNMANAGED-OPENSSL-2318637","2025-10-20T19:52:58.579Z","high"
"0708d6a5-c79a-4f28-9fde-b7126a5c7252","140ad3e4-018f-43f3-a688-0c32f9b341ab","be29c6a3-bb51-4d53-a712-16f089a0d0d8","SNYK-UNMANAGED-CRYPTOPP-2317799","2025-10-20T19:52:58.579Z","high"
"0708d6a5-c79a-4f28-9fde-b7126a5c7252","140ad3e4-018f-43f3-a688-0c32f9b341ab","be29c6a3-bb51-4d53-a712-16f089a0d0d8","SNYK-UNMANAGED-OPENSSL-2318675","2025-10-20T19:52:58.579Z","high"
"0708d6a5-c79a-4f28-9fde-b7126a5c7252","140ad3e4-018f-43f3-a688-0c32f9b341ab","be29c6a3-bb51-4d53-a712-16f089a0d0d8","SNYK-UNMANAGED-OPENSSL-2318718","2025-10-20T19:52:58.579Z","high"
"0708d6a5-c79a-4f28-9fde-b7126a5c7252","140ad3e4-018f-43f3-a688-0c32f9b341ab","be29c6a3-bb51-4d53-a712-16f089a0d0d8","SNYK-UNMANAGED-OPENSSL-2318638","2025-10-20T19:52:58.579Z","high"
"0708d6a5-c79a-4f28-9fde-b7126a5c7252","140ad3e4-018f-43f3-a688-0c32f9b341ab","be29c6a3-bb51-4d53-a712-16f089a0d0d8","SNYK-UNMANAGED-OPENSSL-2426984","2025-10-20T19:52:58.579Z","high"
"0708d6a5-c79a-4f28-9fde-b7126a5c7252","140ad3e4-018f-43f3-a688-0c32f9b341ab","be29c6a3-bb51-4d53-a712-16f089a0d0d8","SNYK-UNMANAGED-CRYPTOPP-6130121","2025-10-20T19:52:58.579Z","high"
"0708d6a5-c79a-4f28-9fde-b7126a5c7252","140ad3e4-018f-43f3-a688-0c32f9b341ab","028c3c78-b726-4f86-baee-c928d6280a01","snyk:lic:pip:kahypar:GPL-3.0","2025-10-20T19:53:04.852Z","high"
"0708d6a5-c79a-4f28-9fde-b7126a5c7252","140ad3e4-018f-43f3-a688-0c32f9b341ab","c377786b-3cf9-4b72-8cb8-8e539d01f477","snyk:lic:golang:github.com:platonenterprise:platone-go:(GPL-3.0_OR_LGPL-3.0)","2025-10-20T19:53:07.527Z","high"
"0708d6a5-c79a-4f28-9fde-b7126a5c7252","140ad3e4-018f-43f3-a688-0c32f9b341ab","29818aaa-aeb6-4cd6-a96c-8eb42c10eec1","SNYK-UNMANAGED-OPENSSL-2318718","2025-10-21T16:23:09.729Z","high"
"0708d6a5-c79a-4f28-9fde-b7126a5c7252","140ad3e4-018f-43f3-a688-0c32f9b341ab","29818aaa-aeb6-4cd6-a96c-8eb42c10eec1","SNYK-UNMANAGED-OPENSSL-13180133","2025-10-21T16:23:09.729Z","high"
"0708d6a5-c79a-4f28-9fde-b7126a5c7252","140ad3e4-018f-43f3-a688-0c32f9b341ab","29818aaa-aeb6-4cd6-a96c-8eb42c10eec1","SNYK-UNMANAGED-OPENSSL-3315327","2025-10-21T16:23:09.729Z","high"
"0708d6a5-c79a-4f28-9fde-b7126a5c7252","140ad3e4-018f-43f3-a688-0c32f9b341ab","29818aaa-aeb6-4cd6-a96c-8eb42c10eec1","SNYK-UNMANAGED-OPENSSL-2426984","2025-10-21T16:23:09.729Z","high"
"0708d6a5-c79a-4f28-9fde-b7126a5c7252","140ad3e4-018f-43f3-a688-0c32f9b341ab","29818aaa-aeb6-4cd6-a96c-8eb42c10eec1","SNYK-UNMANAGED-TENCENTRAPIDJSON-7444641","2025-10-21T16:23:09.729Z","high"
"0708d6a5-c79a-4f28-9fde-b7126a5c7252","140ad3e4-018f-43f3-a688-0c32f9b341ab","29818aaa-aeb6-4cd6-a96c-8eb42c10eec1","SNYK-UNMANAGED-OPENSSL-2318591","2025-10-21T16:23:09.729Z","high"
"0708d6a5-c79a-4f28-9fde-b7126a5c7252","140ad3e4-018f-43f3-a688-0c32f9b341ab","29818aaa-aeb6-4cd6-a96c-8eb42c10eec1","SNYK-UNMANAGED-OPENSSL-2318755","2025-10-21T16:23:09.729Z","high"
"0708d6a5-c79a-4f28-9fde-b7126a5c7252","140ad3e4-018f-43f3-a688-0c32f9b341ab","29818aaa-aeb6-4cd6-a96c-8eb42c10eec1","SNYK-UNMANAGED-OPENSSL-2318752","2025-10-21T16:23:09.729Z","high"
"0708d6a5-c79a-4f28-9fde-b7126a5c7252","140ad3e4-018f-43f3-a688-0c32f9b341ab","29818aaa-aeb6-4cd6-a96c-8eb42c10eec1","SNYK-UNMANAGED-OPENSSL-2318638","2025-10-21T16:23:09.729Z","high"
"0708d6a5-c79a-4f28-9fde-b7126a5c7252","140ad3e4-018f-43f3-a688-0c32f9b341ab","29818aaa-aeb6-4cd6-a96c-8eb42c10eec1","SNYK-UNMANAGED-CRYPTOPP-6130120","2025-10-21T16:23:09.729Z","high"
"0708d6a5-c79a-4f28-9fde-b7126a5c7252","140ad3e4-018f-43f3-a688-0c32f9b341ab","29818aaa-aeb6-4cd6-a96c-8eb42c10eec1","SNYK-UNMANAGED-CRYPTOPP-2317801","2025-10-21T16:23:09.729Z","high"
"0708d6a5-c79a-4f28-9fde-b7126a5c7252","140ad3e4-018f-43f3-a688-0c32f9b341ab","29818aaa-aeb6-4cd6-a96c-8eb42c10eec1","SNYK-UNMANAGED-TENCENTRAPIDJSON-7444642","2025-10-21T16:23:09.729Z","high"
"0708d6a5-c79a-4f28-9fde-b7126a5c7252","140ad3e4-018f-43f3-a688-0c32f9b341ab","29818aaa-aeb6-4cd6-a96c-8eb42c10eec1","SNYK-UNMANAGED-CRYPTOPP-6130121","2025-10-21T16:23:09.729Z","high"
"0708d6a5-c79a-4f28-9fde-b7126a5c7252","140ad3e4-018f-43f3-a688-0c32f9b341ab","29818aaa-aeb6-4cd6-a96c-8eb42c10eec1","SNYK-UNMANAGED-CRYPTOPP-6840314","2025-10-21T16:23:09.729Z","high"
"0708d6a5-c79a-4f28-9fde-b7126a5c7252","140ad3e4-018f-43f3-a688-0c32f9b341ab","29818aaa-aeb6-4cd6-a96c-8eb42c10eec1","SNYK-UNMANAGED-CRYPTOPP-2317799","2025-10-21T16:23:09.729Z","high"
"0708d6a5-c79a-4f28-9fde-b7126a5c7252","140ad3e4-018f-43f3-a688-0c32f9b341ab","29818aaa-aeb6-4cd6-a96c-8eb42c10eec1","SNYK-UNMANAGED-OPENSSL-2318610","2025-10-21T16:23:09.729Z","high"
"0708d6a5-c79a-4f28-9fde-b7126a5c7252","140ad3e4-018f-43f3-a688-0c32f9b341ab","29818aaa-aeb6-4cd6-a96c-8eb42c10eec1","SNYK-UNMANAGED-OPENSSL-2318753","2025-10-21T16:23:09.729Z","high"
"0708d6a5-c79a-4f28-9fde-b7126a5c7252","140ad3e4-018f-43f3-a688-0c32f9b341ab","29818aaa-aeb6-4cd6-a96c-8eb42c10eec1","SNYK-UNMANAGED-OPENSSL-2318708","2025-10-21T16:23:09.729Z","high"
"0708d6a5-c79a-4f28-9fde-b7126a5c7252","140ad3e4-018f-43f3-a688-0c32f9b341ab","29818aaa-aeb6-4cd6-a96c-8eb42c10eec1","SNYK-UNMANAGED-CRYPTOPP-2317795","2025-10-21T16:23:09.729Z","high"
"0708d6a5-c79a-4f28-9fde-b7126a5c7252","140ad3e4-018f-43f3-a688-0c32f9b341ab","29818aaa-aeb6-4cd6-a96c-8eb42c10eec1","SNYK-UNMANAGED-OPENSSL-2318675","2025-10-21T16:23:09.729Z","high"
"0708d6a5-c79a-4f28-9fde-b7126a5c7252","140ad3e4-018f-43f3-a688-0c32f9b341ab","29818aaa-aeb6-4cd6-a96c-8eb42c10eec1","SNYK-UNMANAGED-OPENSSL-2807816","2025-10-21T16:23:09.729Z","high"
"0708d6a5-c79a-4f28-9fde-b7126a5c7252","140ad3e4-018f-43f3-a688-0c32f9b341ab","29818aaa-aeb6-4cd6-a96c-8eb42c10eec1","SNYK-UNMANAGED-OPENSSL-2318763","2025-10-21T16:23:09.729Z","high"
"0708d6a5-c79a-4f28-9fde-b7126a5c7252","140ad3e4-018f-43f3-a688-0c32f9b341ab","9902b038-928b-493c-ba20-cb9ebbb1ccb8","SNYK-UNMANAGED-TENCENTRAPIDJSON-7444642","2025-10-21T17:33:56.644Z","high"
"0708d6a5-c79a-4f28-9fde-b7126a5c7252","140ad3e4-018f-43f3-a688-0c32f9b341ab","9902b038-928b-493c-ba20-cb9ebbb1ccb8","SNYK-UNMANAGED-OPENSSL-2318753","2025-10-21T17:33:56.644Z","high"
"0708d6a5-c79a-4f28-9fde-b7126a5c7252","140ad3e4-018f-43f3-a688-0c32f9b341ab","9902b038-928b-493c-ba20-cb9ebbb1ccb8","SNYK-UNMANAGED-OPENSSL-2318638","2025-10-21T17:33:56.644Z","high"
"0708d6a5-c79a-4f28-9fde-b7126a5c7252","140ad3e4-018f-43f3-a688-0c32f9b341ab","9902b038-928b-493c-ba20-cb9ebbb1ccb8","SNYK-UNMANAGED-CRYPTOPP-6130121","2025-10-21T17:33:56.644Z","high"
"0708d6a5-c79a-4f28-9fde-b7126a5c7252","140ad3e4-018f-43f3-a688-0c32f9b341ab","9902b038-928b-493c-ba20-cb9ebbb1ccb8","SNYK-UNMANAGED-OPENSSL-2318591","2025-10-21T17:33:56.644Z","high"
"0708d6a5-c79a-4f28-9fde-b7126a5c7252","140ad3e4-018f-43f3-a688-0c32f9b341ab","9902b038-928b-493c-ba20-cb9ebbb1ccb8","SNYK-UNMANAGED-OPENSSL-2318752","2025-10-21T17:33:56.644Z","high"
"0708d6a5-c79a-4f28-9fde-b7126a5c7252","140ad3e4-018f-43f3-a688-0c32f9b341ab","9902b038-928b-493c-ba20-cb9ebbb1ccb8","SNYK-UNMANAGED-OPENSSL-13180133","2025-10-21T17:33:56.644Z","high"
"0708d6a5-c79a-4f28-9fde-b7126a5c7252","140ad3e4-018f-43f3-a688-0c32f9b341ab","9902b038-928b-493c-ba20-cb9ebbb1ccb8","SNYK-UNMANAGED-OPENSSL-2318755","2025-10-21T17:33:56.644Z","high"
"0708d6a5-c79a-4f28-9fde-b7126a5c7252","140ad3e4-018f-43f3-a688-0c32f9b341ab","9902b038-928b-493c-ba20-cb9ebbb1ccb8","SNYK-UNMANAGED-CRYPTOPP-2317795","2025-10-21T17:33:56.644Z","high"
"0708d6a5-c79a-4f28-9fde-b7126a5c7252","140ad3e4-018f-43f3-a688-0c32f9b341ab","9902b038-928b-493c-ba20-cb9ebbb1ccb8","SNYK-UNMANAGED-OPENSSL-2318675","2025-10-21T17:33:56.644Z","high"
"0708d6a5-c79a-4f28-9fde-b7126a5c7252","140ad3e4-018f-43f3-a688-0c32f9b341ab","9902b038-928b-493c-ba20-cb9ebbb1ccb8","SNYK-UNMANAGED-OPENSSL-2318610","2025-10-21T17:33:56.644Z","high"
"0708d6a5-c79a-4f28-9fde-b7126a5c7252","140ad3e4-018f-43f3-a688-0c32f9b341ab","9902b038-928b-493c-ba20-cb9ebbb1ccb8","SNYK-UNMANAGED-CRYPTOPP-2317801","2025-10-21T17:33:56.644Z","high"
"0708d6a5-c79a-4f28-9fde-b7126a5c7252","140ad3e4-018f-43f3-a688-0c32f9b341ab","9902b038-928b-493c-ba20-cb9ebbb1ccb8","SNYK-UNMANAGED-CRYPTOPP-2317799","2025-10-21T17:33:56.644Z","high"
"0708d6a5-c79a-4f28-9fde-b7126a5c7252","140ad3e4-018f-43f3-a688-0c32f9b341ab","9902b038-928b-493c-ba20-cb9ebbb1ccb8","SNYK-UNMANAGED-OPENSSL-2426984","2025-10-21T17:33:56.644Z","high"
"0708d6a5-c79a-4f28-9fde-b7126a5c7252","140ad3e4-018f-43f3-a688-0c32f9b341ab","9902b038-928b-493c-ba20-cb9ebbb1ccb8","SNYK-UNMANAGED-OPENSSL-2318718","2025-10-21T17:33:56.644Z","high"
"0708d6a5-c79a-4f28-9fde-b7126a5c7252","140ad3e4-018f-43f3-a688-0c32f9b341ab","9902b038-928b-493c-ba20-cb9ebbb1ccb8","SNYK-UNMANAGED-TENCENTRAPIDJSON-7444641","2025-10-21T17:33:56.644Z","high"
"0708d6a5-c79a-4f28-9fde-b7126a5c7252","140ad3e4-018f-43f3-a688-0c32f9b341ab","9902b038-928b-493c-ba20-cb9ebbb1ccb8","SNYK-UNMANAGED-OPENSSL-2807816","2025-10-21T17:33:56.644Z","high"
"0708d6a5-c79a-4f28-9fde-b7126a5c7252","140ad3e4-018f-43f3-a688-0c32f9b341ab","9902b038-928b-493c-ba20-cb9ebbb1ccb8","SNYK-UNMANAGED-CRYPTOPP-6840314","2025-10-21T17:33:56.644Z","high"
"0708d6a5-c79a-4f28-9fde-b7126a5c7252","140ad3e4-018f-43f3-a688-0c32f9b341ab","9902b038-928b-493c-ba20-cb9ebbb1ccb8","SNYK-UNMANAGED-OPENSSL-2318708","2025-10-21T17:33:56.644Z","high"
"0708d6a5-c79a-4f28-9fde-b7126a5c7252","140ad3e4-018f-43f3-a688-0c32f9b341ab","9902b038-928b-493c-ba20-cb9ebbb1ccb8","SNYK-UNMANAGED-OPENSSL-3315327","2025-10-21T17:33:56.644Z","high"
"0708d6a5-c79a-4f28-9fde-b7126a5c7252","140ad3e4-018f-43f3-a688-0c32f9b341ab","9902b038-928b-493c-ba20-cb9ebbb1ccb8","SNYK-UNMANAGED-OPENSSL-2318763","2025-10-21T17:33:56.644Z","high"
"0708d6a5-c79a-4f28-9fde-b7126a5c7252","140ad3e4-018f-43f3-a688-0c32f9b341ab","9902b038-928b-493c-ba20-cb9ebbb1ccb8","SNYK-UNMANAGED-CRYPTOPP-6130120","2025-10-21T17:33:56.644Z","high"
"0708d6a5-c79a-4f28-9fde-b7126a5c7252","140ad3e4-018f-43f3-a688-0c32f9b341ab","914a92d1-1384-461d-9798-06f87b4c8267","SNYK-JS-VALIDATOR-13653476","2025-11-27T09:14:24.07Z","high"
"0708d6a5-c79a-4f28-9fde-b7126a5c7252","140ad3e4-018f-43f3-a688-0c32f9b341ab","8e01c2e7-d50f-4835-bd87-4f19f95729ca","SNYK-JS-VALIDATOR-13653476","2025-11-27T09:32:56.841Z","high"
"0708d6a5-c79a-4f28-9fde-b7126a5c7252","140ad3e4-018f-43f3-a688-0c32f9b341ab","523f1b1c-3a40-4d07-a57e-588912a7ea50","SNYK-JS-VALIDATOR-13653476","2025-11-27T09:40:17.907Z","high"
"0708d6a5-c79a-4f28-9fde-b7126a5c7252","140ad3e4-018f-43f3-a688-0c32f9b341ab","e3d18293-e29c-497e-bf2f-e08096427a7b","SNYK-JS-VALIDATOR-13653476","2025-11-27T10:01:05.799Z","high"
"0708d6a5-c79a-4f28-9fde-b7126a5c7252","140ad3e4-018f-43f3-a688-0c32f9b341ab","e63ef815-f29a-4f25-a42d-acdf3b736058","SNYK-JS-VALIDATOR-13653476","2025-11-27T10:35:17.295Z","high"
"0708d6a5-c79a-4f28-9fde-b7126a5c7252","140ad3e4-018f-43f3-a688-0c32f9b341ab","51d5db80-2c70-4306-8ae4-e47f6c0d807b","SNYK-JS-VALIDATOR-13653476","2025-11-27T10:40:47.753Z","high"
"0708d6a5-c79a-4f28-9fde-b7126a5c7252","140ad3e4-018f-43f3-a688-0c32f9b341ab","d800a837-6283-4f6a-a02d-e4fd71f4fb11","SNYK-JS-VALIDATOR-13653476","2025-11-27T10:43:24.252Z","high"
"0708d6a5-c79a-4f28-9fde-b7126a5c7252","140ad3e4-018f-43f3-a688-0c32f9b341ab","444afc23-d3fc-4a19-98ca-e7b842c7e9e4","SNYK-DEBIAN11-GLIB20-14139021","2025-11-28T11:12:57.263Z","high"
"0708d6a5-c79a-4f28-9fde-b7126a5c7252","140ad3e4-018f-43f3-a688-0c32f9b341ab","d04b70dc-c890-41ca-aa2e-4c338c58631e","SNYK-JS-ANGULARCOMMON-14135651","2025-11-28T11:18:46.044Z","high"
"0708d6a5-c79a-4f28-9fde-b7126a5c7252","140ad3e4-018f-43f3-a688-0c32f9b341ab","d04b70dc-c890-41ca-aa2e-4c338c58631e","SNYK-JS-NODEFORGE-14125745","2025-11-28T11:18:46.044Z","high"
"0708d6a5-c79a-4f28-9fde-b7126a5c7252","140ad3e4-018f-43f3-a688-0c32f9b341ab","ba9f53bc-5549-403d-b18b-71f2547640c9","SNYK-JS-NODEFORGE-14125745","2025-11-28T11:28:53.386Z","high"
"0708d6a5-c79a-4f28-9fde-b7126a5c7252","140ad3e4-018f-43f3-a688-0c32f9b341ab","ba9f53bc-5549-403d-b18b-71f2547640c9","SNYK-JS-ANGULARCOMMON-14135651","2025-11-28T11:28:53.386Z","high"
"0708d6a5-c79a-4f28-9fde-b7126a5c7252","140ad3e4-018f-43f3-a688-0c32f9b341ab","133a60b1-9ab9-4403-ab25-5d4338d5b1ad","SNYK-DEBIAN11-GLIB20-14139021","2025-11-28T11:32:08.647Z","high"
"0708d6a5-c79a-4f28-9fde-b7126a5c7252","140ad3e4-018f-43f3-a688-0c32f9b341ab","fc795e0b-e6c6-46a6-9927-db9a7bb372cb","SNYK-DEBIAN11-GLIB20-14139021","2025-11-28T11:47:34.939Z","high"
"0708d6a5-c79a-4f28-9fde-b7126a5c7252","140ad3e4-018f-43f3-a688-0c32f9b341ab","133a60b1-9ab9-4403-ab25-5d4338d5b1ad","SNYK-DEBIAN11-PYTHON39-14157076","2025-12-02T07:50:06.567Z","high"
"0708d6a5-c79a-4f28-9fde-b7126a5c7252","140ad3e4-018f-43f3-a688-0c32f9b341ab","444afc23-d3fc-4a19-98ca-e7b842c7e9e4","SNYK-DEBIAN11-PYTHON39-14157076","2025-12-02T07:56:54.119Z","high"
"0708d6a5-c79a-4f28-9fde-b7126a5c7252","140ad3e4-018f-43f3-a688-0c32f9b341ab","fc795e0b-e6c6-46a6-9927-db9a7bb372cb","SNYK-DEBIAN11-PYTHON39-14157076","2025-12-02T08:05:24.641Z","high"
"0708d6a5-c79a-4f28-9fde-b7126a5c7252","140ad3e4-018f-43f3-a688-0c32f9b341ab","d04b70dc-c890-41ca-aa2e-4c338c58631e","SNYK-JS-ANGULARCOMPILER-14157154","2025-12-03T07:38:21.359Z","high"
"0708d6a5-c79a-4f28-9fde-b7126a5c7252","140ad3e4-018f-43f3-a688-0c32f9b341ab","ba9f53bc-5549-403d-b18b-71f2547640c9","SNYK-JS-ANGULARCOMPILER-14157154","2025-12-03T08:03:15.968Z","high"
"0708d6a5-c79a-4f28-9fde-b7126a5c7252","140ad3e4-018f-43f3-a688-0c32f9b341ab","e63ef815-f29a-4f25-a42d-acdf3b736058","SNYK-JS-JWS-14188253","2025-12-05T09:56:45.25Z","high"
"0708d6a5-c79a-4f28-9fde-b7126a5c7252","140ad3e4-018f-43f3-a688-0c32f9b341ab","523f1b1c-3a40-4d07-a57e-588912a7ea50","SNYK-JS-JWS-14188253","2025-12-05T10:33:00.051Z","high"
"0708d6a5-c79a-4f28-9fde-b7126a5c7252","140ad3e4-018f-43f3-a688-0c32f9b341ab","fd5f768d-d311-418b-a2d6-fed89a8f6b33","SNYK-PYTHON-URLLIB3-14192443","2025-12-08T07:21:02.116Z","high"
"0708d6a5-c79a-4f28-9fde-b7126a5c7252","140ad3e4-018f-43f3-a688-0c32f9b341ab","fd5f768d-d311-418b-a2d6-fed89a8f6b33","SNYK-PYTHON-URLLIB3-14192442","2025-12-08T07:21:02.116Z","high"
"0708d6a5-c79a-4f28-9fde-b7126a5c7252","140ad3e4-018f-43f3-a688-0c32f9b341ab","dc7987d0-2abb-4bfc-a82c-95aac9c01a22","SNYK-PYTHON-URLLIB3-14192442","2025-12-08T07:23:52.471Z","high"
"0708d6a5-c79a-4f28-9fde-b7126a5c7252","140ad3e4-018f-43f3-a688-0c32f9b341ab","dc7987d0-2abb-4bfc-a82c-95aac9c01a22","SNYK-PYTHON-URLLIB3-14192443","2025-12-08T07:23:52.471Z","high"
"0708d6a5-c79a-4f28-9fde-b7126a5c7252","140ad3e4-018f-43f3-a688-0c32f9b341ab","d800a837-6283-4f6a-a02d-e4fd71f4fb11","SNYK-JS-JWS-14188253","2025-12-11T06:36:47.324Z","high"
"0708d6a5-c79a-4f28-9fde-b7126a5c7252","140ad3e4-018f-43f3-a688-0c32f9b341ab","48571bba-a84a-4472-9dae-3eff40b803b4","SNYK-DEBIAN11-GNUPG2-14723303","2025-12-29T07:31:09.002Z","high"
"0708d6a5-c79a-4f28-9fde-b7126a5c7252","140ad3e4-018f-43f3-a688-0c32f9b341ab","794893ec-0b41-4931-b54f-0b4517c9d663","SNYK-DEBIAN11-GNUPG2-14723303","2025-12-29T07:45:13.257Z","high"
"0708d6a5-c79a-4f28-9fde-b7126a5c7252","140ad3e4-018f-43f3-a688-0c32f9b341ab","fc795e0b-e6c6-46a6-9927-db9a7bb372cb","SNYK-DEBIAN11-GNUPG2-14723303","2025-12-29T07:49:08.201Z","high"
"0708d6a5-c79a-4f28-9fde-b7126a5c7252","140ad3e4-018f-43f3-a688-0c32f9b341ab","444afc23-d3fc-4a19-98ca-e7b842c7e9e4","SNYK-DEBIAN11-GNUPG2-14723303","2025-12-29T07:50:03.014Z","high"
"0708d6a5-c79a-4f28-9fde-b7126a5c7252","140ad3e4-018f-43f3-a688-0c32f9b341ab","806c9b97-69a9-4124-96f3-91ea4b8067a0","SNYK-DEBIAN11-GNUPG2-14723303","2025-12-29T08:01:31.074Z","high"
"0708d6a5-c79a-4f28-9fde-b7126a5c7252","140ad3e4-018f-43f3-a688-0c32f9b341ab","133a60b1-9ab9-4403-ab25-5d4338d5b1ad","SNYK-DEBIAN11-GNUPG2-14723303","2025-12-29T08:06:27.076Z","high"
"0708d6a5-c79a-4f28-9fde-b7126a5c7252","140ad3e4-018f-43f3-a688-0c32f9b341ab","e63ef815-f29a-4f25-a42d-acdf3b736058","SNYK-JS-QS-14724253","2025-12-31T08:11:30.952Z","high"
"0708d6a5-c79a-4f28-9fde-b7126a5c7252","140ad3e4-018f-43f3-a688-0c32f9b341ab","914a92d1-1384-461d-9798-06f87b4c8267","SNYK-JS-QS-14724253","2025-12-31T08:28:36.687Z","high"
"0708d6a5-c79a-4f28-9fde-b7126a5c7252","140ad3e4-018f-43f3-a688-0c32f9b341ab","8e01c2e7-d50f-4835-bd87-4f19f95729ca","SNYK-JS-QS-14724253","2025-12-31T08:30:02.683Z","high"
"0708d6a5-c79a-4f28-9fde-b7126a5c7252","140ad3e4-018f-43f3-a688-0c32f9b341ab","fc795e0b-e6c6-46a6-9927-db9a7bb372cb","SNYK-DEBIAN11-IMAGEMAGICK-14725516","2025-12-31T08:32:54.828Z","high"
"0708d6a5-c79a-4f28-9fde-b7126a5c7252","140ad3e4-018f-43f3-a688-0c32f9b341ab","fc795e0b-e6c6-46a6-9927-db9a7bb372cb","SNYK-DEBIAN11-IMAGEMAGICK-14725511","2025-12-31T08:32:54.828Z","high"
"0708d6a5-c79a-4f28-9fde-b7126a5c7252","140ad3e4-018f-43f3-a688-0c32f9b341ab","ba9f53bc-5549-403d-b18b-71f2547640c9","SNYK-JS-QS-14724253","2025-12-31T08:41:47.996Z","high"
"0708d6a5-c79a-4f28-9fde-b7126a5c7252","140ad3e4-018f-43f3-a688-0c32f9b341ab","133a60b1-9ab9-4403-ab25-5d4338d5b1ad","SNYK-DEBIAN11-IMAGEMAGICK-14725516","2025-12-31T08:43:08.567Z","high"
"0708d6a5-c79a-4f28-9fde-b7126a5c7252","140ad3e4-018f-43f3-a688-0c32f9b341ab","133a60b1-9ab9-4403-ab25-5d4338d5b1ad","SNYK-DEBIAN11-IMAGEMAGICK-14725511","2025-12-31T08:43:08.567Z","high"
"0708d6a5-c79a-4f28-9fde-b7126a5c7252","140ad3e4-018f-43f3-a688-0c32f9b341ab","51d5db80-2c70-4306-8ae4-e47f6c0d807b","SNYK-JS-QS-14724253","2025-12-31T08:46:15.771Z","high"
"0708d6a5-c79a-4f28-9fde-b7126a5c7252","140ad3e4-018f-43f3-a688-0c32f9b341ab","444afc23-d3fc-4a19-98ca-e7b842c7e9e4","SNYK-DEBIAN11-IMAGEMAGICK-14725511","2025-12-31T08:49:03.499Z","high"
"0708d6a5-c79a-4f28-9fde-b7126a5c7252","140ad3e4-018f-43f3-a688-0c32f9b341ab","444afc23-d3fc-4a19-98ca-e7b842c7e9e4","SNYK-DEBIAN11-IMAGEMAGICK-14725516","2025-12-31T08:49:03.499Z","high"
"0708d6a5-c79a-4f28-9fde-b7126a5c7252","140ad3e4-018f-43f3-a688-0c32f9b341ab","e3d18293-e29c-497e-bf2f-e08096427a7b","SNYK-JS-QS-14724253","2025-12-31T08:51:16.132Z","high"
"0708d6a5-c79a-4f28-9fde-b7126a5c7252","140ad3e4-018f-43f3-a688-0c32f9b341ab","523f1b1c-3a40-4d07-a57e-588912a7ea50","SNYK-JS-QS-14724253","2025-12-31T08:52:25.829Z","high"
"0708d6a5-c79a-4f28-9fde-b7126a5c7252","140ad3e4-018f-43f3-a688-0c32f9b341ab","d04b70dc-c890-41ca-aa2e-4c338c58631e","SNYK-JS-QS-14724253","2025-12-31T08:55:54.905Z","high"
"0708d6a5-c79a-4f28-9fde-b7126a5c7252","140ad3e4-018f-43f3-a688-0c32f9b341ab","d800a837-6283-4f6a-a02d-e4fd71f4fb11","SNYK-JS-QS-14724253","2026-01-01T06:42:26.151Z","high"
"0708d6a5-c79a-4f28-9fde-b7126a5c7252","140ad3e4-018f-43f3-a688-0c32f9b341ab","fd5f768d-d311-418b-a2d6-fed89a8f6b33","SNYK-PYTHON-URLLIB3-14896210","2026-01-09T08:21:01.925Z","high"
"0708d6a5-c79a-4f28-9fde-b7126a5c7252","140ad3e4-018f-43f3-a688-0c32f9b341ab","dc7987d0-2abb-4bfc-a82c-95aac9c01a22","SNYK-PYTHON-URLLIB3-14896210","2026-01-09T08:25:25.037Z","high"
"0708d6a5-c79a-4f28-9fde-b7126a5c7252","140ad3e4-018f-43f3-a688-0c32f9b341ab","fc795e0b-e6c6-46a6-9927-db9a7bb372cb","SNYK-DEBIAN11-LIBPNG16-14921828","2026-01-14T04:04:38.351Z","high"
"0708d6a5-c79a-4f28-9fde-b7126a5c7252","140ad3e4-018f-43f3-a688-0c32f9b341ab","fc795e0b-e6c6-46a6-9927-db9a7bb372cb","SNYK-DEBIAN11-LIBPNG16-14921831","2026-01-14T04:04:38.351Z","high"
"0708d6a5-c79a-4f28-9fde-b7126a5c7252","140ad3e4-018f-43f3-a688-0c32f9b341ab","444afc23-d3fc-4a19-98ca-e7b842c7e9e4","SNYK-DEBIAN11-LIBPNG16-14921828","2026-01-14T04:07:46.588Z","high"
"0708d6a5-c79a-4f28-9fde-b7126a5c7252","140ad3e4-018f-43f3-a688-0c32f9b341ab","444afc23-d3fc-4a19-98ca-e7b842c7e9e4","SNYK-DEBIAN11-LIBPNG16-14921831","2026-01-14T04:07:46.588Z","high"
"0708d6a5-c79a-4f28-9fde-b7126a5c7252","140ad3e4-018f-43f3-a688-0c32f9b341ab","133a60b1-9ab9-4403-ab25-5d4338d5b1ad","SNYK-DEBIAN11-LIBPNG16-14921828","2026-01-14T04:19:45.957Z","high"
"0708d6a5-c79a-4f28-9fde-b7126a5c7252","140ad3e4-018f-43f3-a688-0c32f9b341ab","133a60b1-9ab9-4403-ab25-5d4338d5b1ad","SNYK-DEBIAN11-LIBPNG16-14921831","2026-01-14T04:19:45.957Z","high"
"0708d6a5-c79a-4f28-9fde-b7126a5c7252","140ad3e4-018f-43f3-a688-0c32f9b341ab","73daab53-c6c1-4331-8a61-08c77d7272a9","SNYK-UPSTREAM-NODE-14929624","2026-01-15T12:40:02.43Z","high"
"0708d6a5-c79a-4f28-9fde-b7126a5c7252","140ad3e4-018f-43f3-a688-0c32f9b341ab","73daab53-c6c1-4331-8a61-08c77d7272a9","SNYK-UPSTREAM-NODE-10847885","2026-01-15T12:40:02.43Z","high"
"0708d6a5-c79a-4f28-9fde-b7126a5c7252","140ad3e4-018f-43f3-a688-0c32f9b341ab","73daab53-c6c1-4331-8a61-08c77d7272a9","SNYK-UPSTREAM-NODE-10169632","2026-01-15T12:40:02.43Z","high"
"0708d6a5-c79a-4f28-9fde-b7126a5c7252","140ad3e4-018f-43f3-a688-0c32f9b341ab","73daab53-c6c1-4331-8a61-08c77d7272a9","SNYK-UPSTREAM-NODE-14928586","2026-01-15T12:40:02.43Z","high"
"0708d6a5-c79a-4f28-9fde-b7126a5c7252","140ad3e4-018f-43f3-a688-0c32f9b341ab","9b92da1e-be72-4f38-9ecc-03ffb624521a","SNYK-UPSTREAM-NODE-10169632","2026-01-15T13:01:28.79Z","high"
"0708d6a5-c79a-4f28-9fde-b7126a5c7252","140ad3e4-018f-43f3-a688-0c32f9b341ab","9b92da1e-be72-4f38-9ecc-03ffb624521a","SNYK-UPSTREAM-NODE-14928586","2026-01-15T13:01:28.79Z","high"
"0708d6a5-c79a-4f28-9fde-b7126a5c7252","140ad3e4-018f-43f3-a688-0c32f9b341ab","9b92da1e-be72-4f38-9ecc-03ffb624521a","SNYK-UPSTREAM-NODE-10847885","2026-01-15T13:01:28.79Z","high"
"0708d6a5-c79a-4f28-9fde-b7126a5c7252","140ad3e4-018f-43f3-a688-0c32f9b341ab","9b92da1e-be72-4f38-9ecc-03ffb624521a","SNYK-UPSTREAM-NODE-14929624","2026-01-15T13:01:28.79Z","high"
"0708d6a5-c79a-4f28-9fde-b7126a5c7252","140ad3e4-018f-43f3-a688-0c32f9b341ab","9b92da1e-be72-4f38-9ecc-03ffb624521a","SNYK-UPSTREAM-NODE-14982196","2026-01-16T13:42:12.901Z","high"
"0708d6a5-c79a-4f28-9fde-b7126a5c7252","140ad3e4-018f-43f3-a688-0c32f9b341ab","9b92da1e-be72-4f38-9ecc-03ffb624521a","SNYK-UPSTREAM-NODE-14975915","2026-01-16T13:42:12.901Z","high"
"0708d6a5-c79a-4f28-9fde-b7126a5c7252","140ad3e4-018f-43f3-a688-0c32f9b341ab","73daab53-c6c1-4331-8a61-08c77d7272a9","SNYK-UPSTREAM-NODE-14975915","2026-01-16T13:47:52.538Z","high"
"0708d6a5-c79a-4f28-9fde-b7126a5c7252","140ad3e4-018f-43f3-a688-0c32f9b341ab","73daab53-c6c1-4331-8a61-08c77d7272a9","SNYK-UPSTREAM-NODE-14982196","2026-01-16T13:47:52.538Z","high"
"0708d6a5-c79a-4f28-9fde-b7126a5c7252","140ad3e4-018f-43f3-a688-0c32f9b341ab","444afc23-d3fc-4a19-98ca-e7b842c7e9e4","SNYK-DEBIAN11-IMAGEMAGICK-15044364","2026-01-21T09:00:41.178Z","high"
"0708d6a5-c79a-4f28-9fde-b7126a5c7252","140ad3e4-018f-43f3-a688-0c32f9b341ab","133a60b1-9ab9-4403-ab25-5d4338d5b1ad","SNYK-DEBIAN11-IMAGEMAGICK-15044364","2026-01-21T09:14:16.969Z","high"
"0708d6a5-c79a-4f28-9fde-b7126a5c7252","140ad3e4-018f-43f3-a688-0c32f9b341ab","fc795e0b-e6c6-46a6-9927-db9a7bb372cb","SNYK-DEBIAN11-IMAGEMAGICK-15044364","2026-01-21T09:37:23.955Z","high"
"0708d6a5-c79a-4f28-9fde-b7126a5c7252","140ad3e4-018f-43f3-a688-0c32f9b341ab","be29c6a3-bb51-4d53-a712-16f089a0d0d8","SNYK-UNMANAGED-PYTHON-15091560","2026-01-26T08:01:46.06Z","high"
"0708d6a5-c79a-4f28-9fde-b7126a5c7252","140ad3e4-018f-43f3-a688-0c32f9b341ab","523f1b1c-3a40-4d07-a57e-588912a7ea50","SNYK-JS-VM2-15116160","2026-01-28T09:26:28.426Z","high"
"0708d6a5-c79a-4f28-9fde-b7126a5c7252","140ad3e4-018f-43f3-a688-0c32f9b341ab","fc795e0b-e6c6-46a6-9927-db9a7bb372cb","SNYK-DEBIAN11-OPENSSL-15123191","2026-01-28T09:35:31.557Z","high"
"0708d6a5-c79a-4f28-9fde-b7126a5c7252","140ad3e4-018f-43f3-a688-0c32f9b341ab","444afc23-d3fc-4a19-98ca-e7b842c7e9e4","SNYK-DEBIAN11-OPENSSL-15123191","2026-01-28T09:37:25.298Z","high"
"0708d6a5-c79a-4f28-9fde-b7126a5c7252","140ad3e4-018f-43f3-a688-0c32f9b341ab","806c9b97-69a9-4124-96f3-91ea4b8067a0","SNYK-DEBIAN11-OPENSSL-15123191","2026-01-28T09:40:46.372Z","high"
"0708d6a5-c79a-4f28-9fde-b7126a5c7252","140ad3e4-018f-43f3-a688-0c32f9b341ab","794893ec-0b41-4931-b54f-0b4517c9d663","SNYK-DEBIAN11-OPENSSL-15123191","2026-01-28T09:42:11.771Z","high"
"0708d6a5-c79a-4f28-9fde-b7126a5c7252","140ad3e4-018f-43f3-a688-0c32f9b341ab","e63ef815-f29a-4f25-a42d-acdf3b736058","SNYK-JS-VM2-15116160","2026-01-28T09:59:50.608Z","high"
"0708d6a5-c79a-4f28-9fde-b7126a5c7252","140ad3e4-018f-43f3-a688-0c32f9b341ab","133a60b1-9ab9-4403-ab25-5d4338d5b1ad","SNYK-DEBIAN11-OPENSSL-15123191","2026-01-28T10:01:48.346Z","high"
"0708d6a5-c79a-4f28-9fde-b7126a5c7252","140ad3e4-018f-43f3-a688-0c32f9b341ab","48571bba-a84a-4472-9dae-3eff40b803b4","SNYK-DEBIAN11-OPENSSL-15123191","2026-01-28T10:06:15.706Z","high"
"0708d6a5-c79a-4f28-9fde-b7126a5c7252","140ad3e4-018f-43f3-a688-0c32f9b341ab","29818aaa-aeb6-4cd6-a96c-8eb42c10eec1","SNYK-UNMANAGED-OPENSSL-15126068","2026-01-29T00:38:30.962Z","high"
"0708d6a5-c79a-4f28-9fde-b7126a5c7252","140ad3e4-018f-43f3-a688-0c32f9b341ab","9902b038-928b-493c-ba20-cb9ebbb1ccb8","SNYK-UNMANAGED-OPENSSL-15126068","2026-01-29T00:50:16.636Z","high"
"0708d6a5-c79a-4f28-9fde-b7126a5c7252","140ad3e4-018f-43f3-a688-0c32f9b341ab","53c83ace-7909-43b3-bda9-688ae867fe50","SNYK-UNMANAGED-OPENSSL-15126068","2026-01-29T02:05:40.926Z","high"
"0708d6a5-c79a-4f28-9fde-b7126a5c7252","140ad3e4-018f-43f3-a688-0c32f9b341ab","d800a837-6283-4f6a-a02d-e4fd71f4fb11","SNYK-JS-VM2-15116160","2026-01-29T02:50:11.141Z","high"
"0708d6a5-c79a-4f28-9fde-b7126a5c7252","140ad3e4-018f-43f3-a688-0c32f9b341ab","be29c6a3-bb51-4d53-a712-16f089a0d0d8","SNYK-UNMANAGED-OPENSSL-15126068","2026-01-29T08:51:46.849Z","high"
"0708d6a5-c79a-4f28-9fde-b7126a5c7252","140ad3e4-018f-43f3-a688-0c32f9b341ab","444afc23-d3fc-4a19-98ca-e7b842c7e9e4","SNYK-DEBIAN11-LIBPNG16-15253610","2026-02-11T09:42:02.558Z","high"
"0708d6a5-c79a-4f28-9fde-b7126a5c7252","140ad3e4-018f-43f3-a688-0c32f9b341ab","133a60b1-9ab9-4403-ab25-5d4338d5b1ad","SNYK-DEBIAN11-LIBPNG16-15253610","2026-02-11T10:16:28.324Z","high"
"0708d6a5-c79a-4f28-9fde-b7126a5c7252","140ad3e4-018f-43f3-a688-0c32f9b341ab","fc795e0b-e6c6-46a6-9927-db9a7bb372cb","SNYK-DEBIAN11-LIBPNG16-15253610","2026-02-11T10:16:56.946Z","high"
"0708d6a5-c79a-4f28-9fde-b7126a5c7252","140ad3e4-018f-43f3-a688-0c32f9b341ab","e63ef815-f29a-4f25-a42d-acdf3b736058","SNYK-JS-QS-15268416","2026-02-12T08:29:55.7Z","high"
"0708d6a5-c79a-4f28-9fde-b7126a5c7252","140ad3e4-018f-43f3-a688-0c32f9b341ab","ba9f53bc-5549-403d-b18b-71f2547640c9","SNYK-JS-QS-15268416","2026-02-12T08:33:31.637Z","high"
"0708d6a5-c79a-4f28-9fde-b7126a5c7252","140ad3e4-018f-43f3-a688-0c32f9b341ab","ba9f53bc-5549-403d-b18b-71f2547640c9","SNYK-JS-AJV-15274295","2026-02-14T11:19:19.401Z","high"
"0708d6a5-c79a-4f28-9fde-b7126a5c7252","140ad3e4-018f-43f3-a688-0c32f9b341ab","8e01c2e7-d50f-4835-bd87-4f19f95729ca","SNYK-JS-AJV-15274295","2026-02-14T11:47:28.762Z","high"
"0708d6a5-c79a-4f28-9fde-b7126a5c7252","140ad3e4-018f-43f3-a688-0c32f9b341ab","523f1b1c-3a40-4d07-a57e-588912a7ea50","SNYK-JS-AJV-15274295","2026-02-14T11:48:29.207Z","high"
"0708d6a5-c79a-4f28-9fde-b7126a5c7252","140ad3e4-018f-43f3-a688-0c32f9b341ab","523f1b1c-3a40-4d07-a57e-588912a7ea50","SNYK-JS-QS-15268416","2026-02-14T11:48:29.207Z","high"
"0708d6a5-c79a-4f28-9fde-b7126a5c7252","140ad3e4-018f-43f3-a688-0c32f9b341ab","e63ef815-f29a-4f25-a42d-acdf3b736058","SNYK-JS-AJV-15274295","2026-02-14T11:56:39.047Z","high"
"0708d6a5-c79a-4f28-9fde-b7126a5c7252","140ad3e4-018f-43f3-a688-0c32f9b341ab","914a92d1-1384-461d-9798-06f87b4c8267","SNYK-JS-AJV-15274295","2026-02-14T12:04:47.393Z","high"
"0708d6a5-c79a-4f28-9fde-b7126a5c7252","140ad3e4-018f-43f3-a688-0c32f9b341ab","51d5db80-2c70-4306-8ae4-e47f6c0d807b","SNYK-JS-AJV-15274295","2026-02-14T12:09:53.754Z","high"
"0708d6a5-c79a-4f28-9fde-b7126a5c7252","140ad3e4-018f-43f3-a688-0c32f9b341ab","d04b70dc-c890-41ca-aa2e-4c338c58631e","SNYK-JS-QS-15268416","2026-02-14T12:11:29.8Z","high"
"0708d6a5-c79a-4f28-9fde-b7126a5c7252","140ad3e4-018f-43f3-a688-0c32f9b341ab","d04b70dc-c890-41ca-aa2e-4c338c58631e","SNYK-JS-AJV-15274295","2026-02-14T12:11:29.8Z","high"
"0708d6a5-c79a-4f28-9fde-b7126a5c7252","140ad3e4-018f-43f3-a688-0c32f9b341ab","e3d18293-e29c-497e-bf2f-e08096427a7b","SNYK-JS-AJV-15274295","2026-02-14T15:37:40.633Z","high"
"0708d6a5-c79a-4f28-9fde-b7126a5c7252","140ad3e4-018f-43f3-a688-0c32f9b341ab","e63ef815-f29a-4f25-a42d-acdf3b736058","SNYK-JS-TAR-15307072","2026-02-19T06:30:12.962Z","high"
"0708d6a5-c79a-4f28-9fde-b7126a5c7252","140ad3e4-018f-43f3-a688-0c32f9b341ab","ba9f53bc-5549-403d-b18b-71f2547640c9","SNYK-JS-TAR-15307072","2026-02-19T06:44:38.091Z","high"
"0708d6a5-c79a-4f28-9fde-b7126a5c7252","140ad3e4-018f-43f3-a688-0c32f9b341ab","d800a837-6283-4f6a-a02d-e4fd71f4fb11","SNYK-JS-QS-15268416","2026-02-19T07:32:29.11Z","high"
"0708d6a5-c79a-4f28-9fde-b7126a5c7252","140ad3e4-018f-43f3-a688-0c32f9b341ab","d800a837-6283-4f6a-a02d-e4fd71f4fb11","SNYK-JS-MINIMATCH-15309438","2026-02-19T07:32:29.11Z","high"
"0708d6a5-c79a-4f28-9fde-b7126a5c7252","140ad3e4-018f-43f3-a688-0c32f9b341ab","d800a837-6283-4f6a-a02d-e4fd71f4fb11","SNYK-JS-TAR-15307072","2026-02-19T07:32:29.11Z","high"
"0708d6a5-c79a-4f28-9fde-b7126a5c7252","140ad3e4-018f-43f3-a688-0c32f9b341ab","d800a837-6283-4f6a-a02d-e4fd71f4fb11","SNYK-JS-AJV-15274295","2026-02-19T07:32:29.11Z","high"
"0708d6a5-c79a-4f28-9fde-b7126a5c7252","140ad3e4-018f-43f3-a688-0c32f9b341ab","d04b70dc-c890-41ca-aa2e-4c338c58631e","SNYK-JS-TAR-15307072","2026-02-19T07:48:12.571Z","high"
"0708d6a5-c79a-4f28-9fde-b7126a5c7252","140ad3e4-018f-43f3-a688-0c32f9b341ab","d04b70dc-c890-41ca-aa2e-4c338c58631e","SNYK-JS-MINIMATCH-15309438","2026-02-19T07:48:12.571Z","high"
"0708d6a5-c79a-4f28-9fde-b7126a5c7252","140ad3e4-018f-43f3-a688-0c32f9b341ab","523f1b1c-3a40-4d07-a57e-588912a7ea50","SNYK-JS-MINIMATCH-15309438","2026-02-19T07:57:12.685Z","high"
"0708d6a5-c79a-4f28-9fde-b7126a5c7252","140ad3e4-018f-43f3-a688-0c32f9b341ab","523f1b1c-3a40-4d07-a57e-588912a7ea50","SNYK-JS-TAR-15307072","2026-02-19T07:57:12.685Z","high"
"0708d6a5-c79a-4f28-9fde-b7126a5c7252","140ad3e4-018f-43f3-a688-0c32f9b341ab","e3d18293-e29c-497e-bf2f-e08096427a7b","SNYK-JS-MINIMATCH-15309438","2026-02-20T03:52:06.816Z","high"
"0708d6a5-c79a-4f28-9fde-b7126a5c7252","140ad3e4-018f-43f3-a688-0c32f9b341ab","51d5db80-2c70-4306-8ae4-e47f6c0d807b","SNYK-JS-MINIMATCH-15309438","2026-02-20T13:54:47.469Z","high"
"0708d6a5-c79a-4f28-9fde-b7126a5c7252","140ad3e4-018f-43f3-a688-0c32f9b341ab","914a92d1-1384-461d-9798-06f87b4c8267","SNYK-JS-MINIMATCH-15309438","2026-02-20T13:55:08.204Z","high"
"0708d6a5-c79a-4f28-9fde-b7126a5c7252","140ad3e4-018f-43f3-a688-0c32f9b341ab","ba9f53bc-5549-403d-b18b-71f2547640c9","SNYK-JS-MINIMATCH-15309438","2026-02-20T13:57:43.057Z","high"
"0708d6a5-c79a-4f28-9fde-b7126a5c7252","140ad3e4-018f-43f3-a688-0c32f9b341ab","e63ef815-f29a-4f25-a42d-acdf3b736058","SNYK-JS-MINIMATCH-15309438","2026-02-20T14:02:33.786Z","high"
"0708d6a5-c79a-4f28-9fde-b7126a5c7252","140ad3e4-018f-43f3-a688-0c32f9b341ab","8e01c2e7-d50f-4835-bd87-4f19f95729ca","SNYK-JS-MINIMATCH-15309438","2026-02-21T08:52:06.833Z","high"
"0708d6a5-c79a-4f28-9fde-b7126a5c7252","140ad3e4-018f-43f3-a688-0c32f9b341ab","444afc23-d3fc-4a19-98ca-e7b842c7e9e4","SNYK-DEBIAN11-IMAGEMAGICK-15339577","2026-02-25T08:49:33.878Z","high"
"0708d6a5-c79a-4f28-9fde-b7126a5c7252","140ad3e4-018f-43f3-a688-0c32f9b341ab","444afc23-d3fc-4a19-98ca-e7b842c7e9e4","SNYK-DEBIAN11-IMAGEMAGICK-15339528","2026-02-25T08:49:33.878Z","high"
"0708d6a5-c79a-4f28-9fde-b7126a5c7252","140ad3e4-018f-43f3-a688-0c32f9b341ab","444afc23-d3fc-4a19-98ca-e7b842c7e9e4","SNYK-DEBIAN11-IMAGEMAGICK-15339645","2026-02-25T08:49:33.878Z","high"
"0708d6a5-c79a-4f28-9fde-b7126a5c7252","140ad3e4-018f-43f3-a688-0c32f9b341ab","444afc23-d3fc-4a19-98ca-e7b842c7e9e4","SNYK-DEBIAN11-IMAGEMAGICK-15339620","2026-02-25T08:49:33.878Z","high"
"0708d6a5-c79a-4f28-9fde-b7126a5c7252","140ad3e4-018f-43f3-a688-0c32f9b341ab","444afc23-d3fc-4a19-98ca-e7b842c7e9e4","SNYK-DEBIAN11-IMAGEMAGICK-15339544","2026-02-25T08:49:33.878Z","high"
"0708d6a5-c79a-4f28-9fde-b7126a5c7252","140ad3e4-018f-43f3-a688-0c32f9b341ab","444afc23-d3fc-4a19-98ca-e7b842c7e9e4","SNYK-DEBIAN11-IMAGEMAGICK-15339526","2026-02-25T08:49:33.878Z","high"
"0708d6a5-c79a-4f28-9fde-b7126a5c7252","140ad3e4-018f-43f3-a688-0c32f9b341ab","444afc23-d3fc-4a19-98ca-e7b842c7e9e4","SNYK-DEBIAN11-IMAGEMAGICK-15339570","2026-02-25T08:49:33.878Z","high"
"0708d6a5-c79a-4f28-9fde-b7126a5c7252","140ad3e4-018f-43f3-a688-0c32f9b341ab","444afc23-d3fc-4a19-98ca-e7b842c7e9e4","SNYK-DEBIAN11-IMAGEMAGICK-15339636","2026-02-25T08:49:33.878Z","high"
"0708d6a5-c79a-4f28-9fde-b7126a5c7252","140ad3e4-018f-43f3-a688-0c32f9b341ab","444afc23-d3fc-4a19-98ca-e7b842c7e9e4","SNYK-DEBIAN11-IMAGEMAGICK-15339540","2026-02-25T08:49:33.878Z","high"
"0708d6a5-c79a-4f28-9fde-b7126a5c7252","140ad3e4-018f-43f3-a688-0c32f9b341ab","444afc23-d3fc-4a19-98ca-e7b842c7e9e4","SNYK-DEBIAN11-IMAGEMAGICK-15339588","2026-02-25T08:49:33.878Z","high"
"0708d6a5-c79a-4f28-9fde-b7126a5c7252","140ad3e4-018f-43f3-a688-0c32f9b341ab","444afc23-d3fc-4a19-98ca-e7b842c7e9e4","SNYK-DEBIAN11-IMAGEMAGICK-15339500","2026-02-25T08:49:33.878Z","high"
"0708d6a5-c79a-4f28-9fde-b7126a5c7252","140ad3e4-018f-43f3-a688-0c32f9b341ab","444afc23-d3fc-4a19-98ca-e7b842c7e9e4","SNYK-DEBIAN11-IMAGEMAGICK-15339596","2026-02-25T08:49:33.878Z","high"
"0708d6a5-c79a-4f28-9fde-b7126a5c7252","140ad3e4-018f-43f3-a688-0c32f9b341ab","133a60b1-9ab9-4403-ab25-5d4338d5b1ad","SNYK-DEBIAN11-IMAGEMAGICK-15339577","2026-02-25T08:56:04.951Z","high"
"0708d6a5-c79a-4f28-9fde-b7126a5c7252","140ad3e4-018f-43f3-a688-0c32f9b341ab","133a60b1-9ab9-4403-ab25-5d4338d5b1ad","SNYK-DEBIAN11-IMAGEMAGICK-15339526","2026-02-25T08:56:04.951Z","high"
"0708d6a5-c79a-4f28-9fde-b7126a5c7252","140ad3e4-018f-43f3-a688-0c32f9b341ab","133a60b1-9ab9-4403-ab25-5d4338d5b1ad","SNYK-DEBIAN11-IMAGEMAGICK-15339636","2026-02-25T08:56:04.951Z","high"
"0708d6a5-c79a-4f28-9fde-b7126a5c7252","140ad3e4-018f-43f3-a688-0c32f9b341ab","133a60b1-9ab9-4403-ab25-5d4338d5b1ad","SNYK-DEBIAN11-IMAGEMAGICK-15339645","2026-02-25T08:56:04.951Z","high"
"0708d6a5-c79a-4f28-9fde-b7126a5c7252","140ad3e4-018f-43f3-a688-0c32f9b341ab","133a60b1-9ab9-4403-ab25-5d4338d5b1ad","SNYK-DEBIAN11-IMAGEMAGICK-15339500","2026-02-25T08:56:04.951Z","high"
"0708d6a5-c79a-4f28-9fde-b7126a5c7252","140ad3e4-018f-43f3-a688-0c32f9b341ab","133a60b1-9ab9-4403-ab25-5d4338d5b1ad","SNYK-DEBIAN11-IMAGEMAGICK-15339570","2026-02-25T08:56:04.951Z","high"
"0708d6a5-c79a-4f28-9fde-b7126a5c7252","140ad3e4-018f-43f3-a688-0c32f9b341ab","133a60b1-9ab9-4403-ab25-5d4338d5b1ad","SNYK-DEBIAN11-IMAGEMAGICK-15339596","2026-02-25T08:56:04.951Z","high"
"0708d6a5-c79a-4f28-9fde-b7126a5c7252","140ad3e4-018f-43f3-a688-0c32f9b341ab","133a60b1-9ab9-4403-ab25-5d4338d5b1ad","SNYK-DEBIAN11-IMAGEMAGICK-15339620","2026-02-25T08:56:04.951Z","high"
"0708d6a5-c79a-4f28-9fde-b7126a5c7252","140ad3e4-018f-43f3-a688-0c32f9b341ab","133a60b1-9ab9-4403-ab25-5d4338d5b1ad","SNYK-DEBIAN11-IMAGEMAGICK-15339540","2026-02-25T08:56:04.951Z","high"
"0708d6a5-c79a-4f28-9fde-b7126a5c7252","140ad3e4-018f-43f3-a688-0c32f9b341ab","133a60b1-9ab9-4403-ab25-5d4338d5b1ad","SNYK-DEBIAN11-IMAGEMAGICK-15339588","2026-02-25T08:56:04.951Z","high"
"0708d6a5-c79a-4f28-9fde-b7126a5c7252","140ad3e4-018f-43f3-a688-0c32f9b341ab","133a60b1-9ab9-4403-ab25-5d4338d5b1ad","SNYK-DEBIAN11-IMAGEMAGICK-15339528","2026-02-25T08:56:04.951Z","high"
"0708d6a5-c79a-4f28-9fde-b7126a5c7252","140ad3e4-018f-43f3-a688-0c32f9b341ab","133a60b1-9ab9-4403-ab25-5d4338d5b1ad","SNYK-DEBIAN11-IMAGEMAGICK-15339544","2026-02-25T08:56:04.951Z","high"
"0708d6a5-c79a-4f28-9fde-b7126a5c7252","140ad3e4-018f-43f3-a688-0c32f9b341ab","d04b70dc-c890-41ca-aa2e-4c338c58631e","SNYK-JS-ROLLUP-15340920","2026-02-25T09:07:31.565Z","high"
"0708d6a5-c79a-4f28-9fde-b7126a5c7252","140ad3e4-018f-43f3-a688-0c32f9b341ab","fc795e0b-e6c6-46a6-9927-db9a7bb372cb","SNYK-DEBIAN11-IMAGEMAGICK-15339526","2026-02-25T09:07:56.707Z","high"
"0708d6a5-c79a-4f28-9fde-b7126a5c7252","140ad3e4-018f-43f3-a688-0c32f9b341ab","fc795e0b-e6c6-46a6-9927-db9a7bb372cb","SNYK-DEBIAN11-IMAGEMAGICK-15339570","2026-02-25T09:07:56.707Z","high"
"0708d6a5-c79a-4f28-9fde-b7126a5c7252","140ad3e4-018f-43f3-a688-0c32f9b341ab","fc795e0b-e6c6-46a6-9927-db9a7bb372cb","SNYK-DEBIAN11-IMAGEMAGICK-15339540","2026-02-25T09:07:56.707Z","high"
"0708d6a5-c79a-4f28-9fde-b7126a5c7252","140ad3e4-018f-43f3-a688-0c32f9b341ab","fc795e0b-e6c6-46a6-9927-db9a7bb372cb","SNYK-DEBIAN11-IMAGEMAGICK-15339528","2026-02-25T09:07:56.707Z","high"
"0708d6a5-c79a-4f28-9fde-b7126a5c7252","140ad3e4-018f-43f3-a688-0c32f9b341ab","fc795e0b-e6c6-46a6-9927-db9a7bb372cb","SNYK-DEBIAN11-IMAGEMAGICK-15339645","2026-02-25T09:07:56.707Z","high"
"0708d6a5-c79a-4f28-9fde-b7126a5c7252","140ad3e4-018f-43f3-a688-0c32f9b341ab","fc795e0b-e6c6-46a6-9927-db9a7bb372cb","SNYK-DEBIAN11-IMAGEMAGICK-15339588","2026-02-25T09:07:56.707Z","high"
"0708d6a5-c79a-4f28-9fde-b7126a5c7252","140ad3e4-018f-43f3-a688-0c32f9b341ab","fc795e0b-e6c6-46a6-9927-db9a7bb372cb","SNYK-DEBIAN11-IMAGEMAGICK-15339636","2026-02-25T09:07:56.707Z","high"
"0708d6a5-c79a-4f28-9fde-b7126a5c7252","140ad3e4-018f-43f3-a688-0c32f9b341ab","fc795e0b-e6c6-46a6-9927-db9a7bb372cb","SNYK-DEBIAN11-IMAGEMAGICK-15339620","2026-02-25T09:07:56.707Z","high"
"0708d6a5-c79a-4f28-9fde-b7126a5c7252","140ad3e4-018f-43f3-a688-0c32f9b341ab","fc795e0b-e6c6-46a6-9927-db9a7bb372cb","SNYK-DEBIAN11-IMAGEMAGICK-15339596","2026-02-25T09:07:56.707Z","high"
"0708d6a5-c79a-4f28-9fde-b7126a5c7252","140ad3e4-018f-43f3-a688-0c32f9b341ab","fc795e0b-e6c6-46a6-9927-db9a7bb372cb","SNYK-DEBIAN11-IMAGEMAGICK-15339577","2026-02-25T09:07:56.707Z","high"
"0708d6a5-c79a-4f28-9fde-b7126a5c7252","140ad3e4-018f-43f3-a688-0c32f9b341ab","fc795e0b-e6c6-46a6-9927-db9a7bb372cb","SNYK-DEBIAN11-IMAGEMAGICK-15339500","2026-02-25T09:07:56.707Z","high"
"0708d6a5-c79a-4f28-9fde-b7126a5c7252","140ad3e4-018f-43f3-a688-0c32f9b341ab","fc795e0b-e6c6-46a6-9927-db9a7bb372cb","SNYK-DEBIAN11-IMAGEMAGICK-15339544","2026-02-25T09:07:56.707Z","high"
"0708d6a5-c79a-4f28-9fde-b7126a5c7252","140ad3e4-018f-43f3-a688-0c32f9b341ab","133a60b1-9ab9-4403-ab25-5d4338d5b1ad","SNYK-DEBIAN11-IMAGEMAGICK-15358608","2026-02-27T08:49:15.731Z","high"
"0708d6a5-c79a-4f28-9fde-b7126a5c7252","140ad3e4-018f-43f3-a688-0c32f9b341ab","e3d18293-e29c-497e-bf2f-e08096427a7b","SNYK-JS-MINIMATCH-15353389","2026-02-27T08:58:55.301Z","high"
"0708d6a5-c79a-4f28-9fde-b7126a5c7252","140ad3e4-018f-43f3-a688-0c32f9b341ab","e63ef815-f29a-4f25-a42d-acdf3b736058","SNYK-JS-MINIMATCH-15353389","2026-02-27T09:01:44.34Z","high"
"0708d6a5-c79a-4f28-9fde-b7126a5c7252","140ad3e4-018f-43f3-a688-0c32f9b341ab","444afc23-d3fc-4a19-98ca-e7b842c7e9e4","SNYK-DEBIAN11-IMAGEMAGICK-15358608","2026-02-27T09:03:11.833Z","high"
"0708d6a5-c79a-4f28-9fde-b7126a5c7252","140ad3e4-018f-43f3-a688-0c32f9b341ab","914a92d1-1384-461d-9798-06f87b4c8267","SNYK-JS-MINIMATCH-15353389","2026-02-27T09:05:38.546Z","high"
"0708d6a5-c79a-4f28-9fde-b7126a5c7252","140ad3e4-018f-43f3-a688-0c32f9b341ab","8e01c2e7-d50f-4835-bd87-4f19f95729ca","SNYK-JS-MINIMATCH-15353389","2026-02-27T09:08:13.761Z","high"
"0708d6a5-c79a-4f28-9fde-b7126a5c7252","140ad3e4-018f-43f3-a688-0c32f9b341ab","fc795e0b-e6c6-46a6-9927-db9a7bb372cb","SNYK-DEBIAN11-IMAGEMAGICK-15358608","2026-02-27T09:09:52.645Z","high"
"0708d6a5-c79a-4f28-9fde-b7126a5c7252","140ad3e4-018f-43f3-a688-0c32f9b341ab","51d5db80-2c70-4306-8ae4-e47f6c0d807b","SNYK-JS-MINIMATCH-15353389","2026-02-27T09:12:02.614Z","high"
"0708d6a5-c79a-4f28-9fde-b7126a5c7252","140ad3e4-018f-43f3-a688-0c32f9b341ab","ba9f53bc-5549-403d-b18b-71f2547640c9","SNYK-JS-MINIMATCH-15353389","2026-02-27T09:19:43.697Z","high"
"0708d6a5-c79a-4f28-9fde-b7126a5c7252","140ad3e4-018f-43f3-a688-0c32f9b341ab","ba9f53bc-5549-403d-b18b-71f2547640c9","SNYK-JS-ANGULARCORE-15353393","2026-02-27T09:19:43.697Z","high"
"0708d6a5-c79a-4f28-9fde-b7126a5c7252","140ad3e4-018f-43f3-a688-0c32f9b341ab","d04b70dc-c890-41ca-aa2e-4c338c58631e","SNYK-JS-ANGULARCORE-15353393","2026-02-27T09:19:44.155Z","high"
"0708d6a5-c79a-4f28-9fde-b7126a5c7252","140ad3e4-018f-43f3-a688-0c32f9b341ab","d04b70dc-c890-41ca-aa2e-4c338c58631e","SNYK-JS-MINIMATCH-15353389","2026-02-27T09:19:44.155Z","high"
"0708d6a5-c79a-4f28-9fde-b7126a5c7252","140ad3e4-018f-43f3-a688-0c32f9b341ab","523f1b1c-3a40-4d07-a57e-588912a7ea50","SNYK-JS-MINIMATCH-15353389","2026-02-27T09:21:33.26Z","high"
"0708d6a5-c79a-4f28-9fde-b7126a5c7252","140ad3e4-018f-43f3-a688-0c32f9b341ab","d04b70dc-c890-41ca-aa2e-4c338c58631e","SNYK-JS-SERIALIZEJAVASCRIPT-570062","2026-03-01T08:51:40.168Z","high"
"0708d6a5-c79a-4f28-9fde-b7126a5c7252","140ad3e4-018f-43f3-a688-0c32f9b341ab","e63ef815-f29a-4f25-a42d-acdf3b736058","SNYK-JS-MULTER-15365916","2026-03-02T08:30:04.802Z","high"
"0708d6a5-c79a-4f28-9fde-b7126a5c7252","140ad3e4-018f-43f3-a688-0c32f9b341ab","e63ef815-f29a-4f25-a42d-acdf3b736058","SNYK-JS-MULTER-15365918","2026-03-02T08:30:04.802Z","high"
"0708d6a5-c79a-4f28-9fde-b7126a5c7252","140ad3e4-018f-43f3-a688-0c32f9b341ab","ba9f53bc-5549-403d-b18b-71f2547640c9","SNYK-JS-SERIALIZEJAVASCRIPT-570062","2026-03-02T09:02:07.622Z","high"
"0708d6a5-c79a-4f28-9fde-b7126a5c7252","140ad3e4-018f-43f3-a688-0c32f9b341ab","523f1b1c-3a40-4d07-a57e-588912a7ea50","SNYK-JS-MULTER-15365918","2026-03-02T09:09:59.647Z","high"
"0708d6a5-c79a-4f28-9fde-b7126a5c7252","140ad3e4-018f-43f3-a688-0c32f9b341ab","523f1b1c-3a40-4d07-a57e-588912a7ea50","SNYK-JS-MULTER-15365916","2026-03-02T09:09:59.647Z","high"
"0708d6a5-c79a-4f28-9fde-b7126a5c7252","140ad3e4-018f-43f3-a688-0c32f9b341ab","e3d18293-e29c-497e-bf2f-e08096427a7b","SNYK-JS-UNDERSCORE-15369786","2026-03-04T09:11:58.81Z","high"
"0708d6a5-c79a-4f28-9fde-b7126a5c7252","140ad3e4-018f-43f3-a688-0c32f9b341ab","8e01c2e7-d50f-4835-bd87-4f19f95729ca","SNYK-JS-UNDERSCORE-15369786","2026-03-04T09:35:40.084Z","high"
"0708d6a5-c79a-4f28-9fde-b7126a5c7252","140ad3e4-018f-43f3-a688-0c32f9b341ab","914a92d1-1384-461d-9798-06f87b4c8267","SNYK-JS-UNDERSCORE-15369786","2026-03-04T09:48:02.551Z","high"
"0708d6a5-c79a-4f28-9fde-b7126a5c7252","140ad3e4-018f-43f3-a688-0c32f9b341ab","51d5db80-2c70-4306-8ae4-e47f6c0d807b","SNYK-JS-UNDERSCORE-15369786","2026-03-04T09:48:46.973Z","high"
"0708d6a5-c79a-4f28-9fde-b7126a5c7252","140ad3e4-018f-43f3-a688-0c32f9b341ab","d800a837-6283-4f6a-a02d-e4fd71f4fb11","SNYK-JS-MULTER-15365918","2026-03-05T06:39:46.466Z","high"
"0708d6a5-c79a-4f28-9fde-b7126a5c7252","140ad3e4-018f-43f3-a688-0c32f9b341ab","d800a837-6283-4f6a-a02d-e4fd71f4fb11","SNYK-JS-MULTER-15365916","2026-03-05T06:39:46.466Z","high"
"0708d6a5-c79a-4f28-9fde-b7126a5c7252","140ad3e4-018f-43f3-a688-0c32f9b341ab","d800a837-6283-4f6a-a02d-e4fd71f4fb11","SNYK-JS-MINIMATCH-15353389","2026-03-05T06:39:46.466Z","high"
"0708d6a5-c79a-4f28-9fde-b7126a5c7252","140ad3e4-018f-43f3-a688-0c32f9b341ab","e63ef815-f29a-4f25-a42d-acdf3b736058","SNYK-JS-TAR-15416075","2026-03-05T08:04:00.429Z","high"
"0708d6a5-c79a-4f28-9fde-b7126a5c7252","140ad3e4-018f-43f3-a688-0c32f9b341ab","444afc23-d3fc-4a19-98ca-e7b842c7e9e4","SNYK-DEBIAN11-OPENEXR-15424061","2026-03-06T08:38:49.184Z","high"
"0708d6a5-c79a-4f28-9fde-b7126a5c7252","140ad3e4-018f-43f3-a688-0c32f9b341ab","e63ef815-f29a-4f25-a42d-acdf3b736058","SNYK-JS-MULTER-15417528","2026-03-06T09:00:20.464Z","high"
"0708d6a5-c79a-4f28-9fde-b7126a5c7252","140ad3e4-018f-43f3-a688-0c32f9b341ab","ba9f53bc-5549-403d-b18b-71f2547640c9","SNYK-JS-TAR-15416075","2026-03-06T09:00:43.066Z","high"
"0708d6a5-c79a-4f28-9fde-b7126a5c7252","140ad3e4-018f-43f3-a688-0c32f9b341ab","fc795e0b-e6c6-46a6-9927-db9a7bb372cb","SNYK-DEBIAN11-OPENEXR-15424061","2026-03-06T09:01:37.651Z","high"
"0708d6a5-c79a-4f28-9fde-b7126a5c7252","140ad3e4-018f-43f3-a688-0c32f9b341ab","523f1b1c-3a40-4d07-a57e-588912a7ea50","SNYK-JS-TAR-15416075","2026-03-06T09:02:29.682Z","high"
"0708d6a5-c79a-4f28-9fde-b7126a5c7252","140ad3e4-018f-43f3-a688-0c32f9b341ab","523f1b1c-3a40-4d07-a57e-588912a7ea50","SNYK-JS-MULTER-15417528","2026-03-06T09:02:29.682Z","high"
"0708d6a5-c79a-4f28-9fde-b7126a5c7252","140ad3e4-018f-43f3-a688-0c32f9b341ab","d04b70dc-c890-41ca-aa2e-4c338c58631e","SNYK-JS-TAR-15416075","2026-03-06T09:08:52.432Z","high"
"0708d6a5-c79a-4f28-9fde-b7126a5c7252","140ad3e4-018f-43f3-a688-0c32f9b341ab","133a60b1-9ab9-4403-ab25-5d4338d5b1ad","SNYK-DEBIAN11-OPENEXR-15424061","2026-03-06T09:10:28.508Z","high"
"0708d6a5-c79a-4f28-9fde-b7126a5c7252","140ad3e4-018f-43f3-a688-0c32f9b341ab","133a60b1-9ab9-4403-ab25-5d4338d5b1ad","SNYK-DEBIAN11-PYTHON39-15435623","2026-03-07T08:53:36.8Z","high"
"0708d6a5-c79a-4f28-9fde-b7126a5c7252","140ad3e4-018f-43f3-a688-0c32f9b341ab","444afc23-d3fc-4a19-98ca-e7b842c7e9e4","SNYK-DEBIAN11-PYTHON39-15435623","2026-03-07T08:56:07.447Z","high"
"0708d6a5-c79a-4f28-9fde-b7126a5c7252","140ad3e4-018f-43f3-a688-0c32f9b341ab","fc795e0b-e6c6-46a6-9927-db9a7bb372cb","SNYK-DEBIAN11-PYTHON39-15435623","2026-03-07T09:17:26.857Z","high"
"0708d6a5-c79a-4f28-9fde-b7126a5c7252","140ad3e4-018f-43f3-a688-0c32f9b341ab","ba9f53bc-5549-403d-b18b-71f2547640c9","SNYK-JS-TAR-15456201","2026-03-11T09:21:26.656Z","high"
"0708d6a5-c79a-4f28-9fde-b7126a5c7252","140ad3e4-018f-43f3-a688-0c32f9b341ab","e63ef815-f29a-4f25-a42d-acdf3b736058","SNYK-JS-TAR-15456201","2026-03-11T09:35:26.809Z","high"
"0708d6a5-c79a-4f28-9fde-b7126a5c7252","140ad3e4-018f-43f3-a688-0c32f9b341ab","fc795e0b-e6c6-46a6-9927-db9a7bb372cb","SNYK-DEBIAN11-IMAGEMAGICK-15452467","2026-03-11T09:40:38.442Z","high"
"0708d6a5-c79a-4f28-9fde-b7126a5c7252","140ad3e4-018f-43f3-a688-0c32f9b341ab","fc795e0b-e6c6-46a6-9927-db9a7bb372cb","SNYK-DEBIAN11-IMAGEMAGICK-15452412","2026-03-11T09:40:38.442Z","high"
"0708d6a5-c79a-4f28-9fde-b7126a5c7252","140ad3e4-018f-43f3-a688-0c32f9b341ab","523f1b1c-3a40-4d07-a57e-588912a7ea50","SNYK-JS-TAR-15456201","2026-03-11T09:53:24.934Z","high"
"0708d6a5-c79a-4f28-9fde-b7126a5c7252","140ad3e4-018f-43f3-a688-0c32f9b341ab","d04b70dc-c890-41ca-aa2e-4c338c58631e","SNYK-JS-TAR-15456201","2026-03-11T10:00:09.88Z","high"
"0708d6a5-c79a-4f28-9fde-b7126a5c7252","140ad3e4-018f-43f3-a688-0c32f9b341ab","133a60b1-9ab9-4403-ab25-5d4338d5b1ad","SNYK-DEBIAN11-IMAGEMAGICK-15452412","2026-03-11T10:03:42.7Z","high"
"0708d6a5-c79a-4f28-9fde-b7126a5c7252","140ad3e4-018f-43f3-a688-0c32f9b341ab","133a60b1-9ab9-4403-ab25-5d4338d5b1ad","SNYK-DEBIAN11-IMAGEMAGICK-15452467","2026-03-11T10:03:42.7Z","high"
"0708d6a5-c79a-4f28-9fde-b7126a5c7252","140ad3e4-018f-43f3-a688-0c32f9b341ab","444afc23-d3fc-4a19-98ca-e7b842c7e9e4","SNYK-DEBIAN11-IMAGEMAGICK-15452412","2026-03-11T10:21:58.38Z","high"
"0708d6a5-c79a-4f28-9fde-b7126a5c7252","140ad3e4-018f-43f3-a688-0c32f9b341ab","444afc23-d3fc-4a19-98ca-e7b842c7e9e4","SNYK-DEBIAN11-IMAGEMAGICK-15452467","2026-03-11T10:21:58.38Z","high"
"0708d6a5-c79a-4f28-9fde-b7126a5c7252","140ad3e4-018f-43f3-a688-0c32f9b341ab","d800a837-6283-4f6a-a02d-e4fd71f4fb11","SNYK-JS-MULTER-15417528","2026-03-12T09:46:26.694Z","high"
"0708d6a5-c79a-4f28-9fde-b7126a5c7252","140ad3e4-018f-43f3-a688-0c32f9b341ab","d800a837-6283-4f6a-a02d-e4fd71f4fb11","SNYK-JS-TAR-15456201","2026-03-12T09:46:26.694Z","high"
"0708d6a5-c79a-4f28-9fde-b7126a5c7252","140ad3e4-018f-43f3-a688-0c32f9b341ab","d800a837-6283-4f6a-a02d-e4fd71f4fb11","SNYK-JS-TAR-15416075","2026-03-12T09:46:26.694Z","high"
"0708d6a5-c79a-4f28-9fde-b7126a5c7252","140ad3e4-018f-43f3-a688-0c32f9b341ab","e63ef815-f29a-4f25-a42d-acdf3b736058","SNYK-JS-SEQUELIZE-15456219","2026-03-12T10:21:45.379Z","high"
"0708d6a5-c79a-4f28-9fde-b7126a5c7252","140ad3e4-018f-43f3-a688-0c32f9b341ab","d800a837-6283-4f6a-a02d-e4fd71f4fb11","SNYK-JS-SOCKETIOPARSER-15680278","2026-03-19T06:32:54.465Z","high"
"0708d6a5-c79a-4f28-9fde-b7126a5c7252","140ad3e4-018f-43f3-a688-0c32f9b341ab","ba9f53bc-5549-403d-b18b-71f2547640c9","SNYK-JS-SOCKETIOPARSER-15680278","2026-03-19T06:56:28.907Z","high"
"0708d6a5-c79a-4f28-9fde-b7126a5c7252","140ad3e4-018f-43f3-a688-0c32f9b341ab","523f1b1c-3a40-4d07-a57e-588912a7ea50","SNYK-JS-SOCKETIOPARSER-15680278","2026-03-19T07:13:19.035Z","high"
"0708d6a5-c79a-4f28-9fde-b7126a5c7252","140ad3e4-018f-43f3-a688-0c32f9b341ab","d04b70dc-c890-41ca-aa2e-4c338c58631e","SNYK-JS-SOCKETIOPARSER-15680278","2026-03-19T07:17:31.1Z","high"
"0708d6a5-c79a-4f28-9fde-b7126a5c7252","140ad3e4-018f-43f3-a688-0c32f9b341ab","e63ef815-f29a-4f25-a42d-acdf3b736058","SNYK-JS-SOCKETIOPARSER-15680278","2026-03-19T07:50:47.376Z","high"
"0708d6a5-c79a-4f28-9fde-b7126a5c7252","140ad3e4-018f-43f3-a688-0c32f9b341ab","be29c6a3-bb51-4d53-a712-16f089a0d0d8","SNYK-UNMANAGED-PYTHON-15703576","2026-03-21T10:34:51.674Z","high"
"0708d6a5-c79a-4f28-9fde-b7126a5c7252","140ad3e4-018f-43f3-a688-0c32f9b341ab","133a60b1-9ab9-4403-ab25-5d4338d5b1ad","SNYK-DEBIAN11-IMAGEMAGICK-15726873","2026-03-22T10:02:52.942Z","high"
"0708d6a5-c79a-4f28-9fde-b7126a5c7252","140ad3e4-018f-43f3-a688-0c32f9b341ab","444afc23-d3fc-4a19-98ca-e7b842c7e9e4","SNYK-DEBIAN11-IMAGEMAGICK-15726873","2026-03-22T10:05:44.408Z","high"
"0708d6a5-c79a-4f28-9fde-b7126a5c7252","140ad3e4-018f-43f3-a688-0c32f9b341ab","fc795e0b-e6c6-46a6-9927-db9a7bb372cb","SNYK-DEBIAN11-IMAGEMAGICK-15726873","2026-03-22T10:23:29.475Z","high"
"0708d6a5-c79a-4f28-9fde-b7126a5c7252","140ad3e4-018f-43f3-a688-0c32f9b341ab","fc795e0b-e6c6-46a6-9927-db9a7bb372cb","SNYK-DEBIAN11-LIBDE265-15760068","2026-03-24T11:26:02.392Z","high"
"0708d6a5-c79a-4f28-9fde-b7126a5c7252","140ad3e4-018f-43f3-a688-0c32f9b341ab","133a60b1-9ab9-4403-ab25-5d4338d5b1ad","SNYK-DEBIAN11-LIBDE265-15760068","2026-03-24T11:55:29.451Z","high"
"0708d6a5-c79a-4f28-9fde-b7126a5c7252","140ad3e4-018f-43f3-a688-0c32f9b341ab","444afc23-d3fc-4a19-98ca-e7b842c7e9e4","SNYK-DEBIAN11-LIBDE265-15760068","2026-03-24T12:14:12.837Z","high"
"0708d6a5-c79a-4f28-9fde-b7126a5c7252","1b68fd5f-9f20-4301-8668-4ceee0a13e08","6bf941c7-0d60-491a-8695-b7608f6d49ee","SNYK-JS-VM2-5772823","2025-04-29T17:58:10.439Z","critical"
"0708d6a5-c79a-4f28-9fde-b7126a5c7252","1b68fd5f-9f20-4301-8668-4ceee0a13e08","6bf941c7-0d60-491a-8695-b7608f6d49ee","SNYK-JS-MARSDB-480405","2025-04-29T17:58:10.439Z","critical"
"0708d6a5-c79a-4f28-9fde-b7126a5c7252","1b68fd5f-9f20-4301-8668-4ceee0a13e08","6bf941c7-0d60-491a-8695-b7608f6d49ee","SNYK-JS-VM2-5772825","2025-04-29T17:58:10.439Z","critical"
"0708d6a5-c79a-4f28-9fde-b7126a5c7252","1b68fd5f-9f20-4301-8668-4ceee0a13e08","6bf941c7-0d60-491a-8695-b7608f6d49ee","SNYK-JS-SANITIZEHTML-585892","2025-04-29T17:58:10.439Z","critical"
"0708d6a5-c79a-4f28-9fde-b7126a5c7252","1b68fd5f-9f20-4301-8668-4ceee0a13e08","6bf941c7-0d60-491a-8695-b7608f6d49ee","SNYK-JS-VM2-5537100","2025-04-29T17:58:10.439Z","critical"
"0708d6a5-c79a-4f28-9fde-b7126a5c7252","1b68fd5f-9f20-4301-8668-4ceee0a13e08","5c2310d0-21cd-4597-b15c-d5c3d5fa327d","SNYK-JS-ELLIPTIC-8187303","2025-04-29T17:58:12.028Z","critical"
"0708d6a5-c79a-4f28-9fde-b7126a5c7252","1b68fd5f-9f20-4301-8668-4ceee0a13e08","27215155-acbd-465e-b419-22f663e172e2","SNYK-PYTHON-H11-10293728","2025-06-03T22:18:40.959Z","critical"
"0708d6a5-c79a-4f28-9fde-b7126a5c7252","1b68fd5f-9f20-4301-8668-4ceee0a13e08","9cf7c753-f74f-4cc3-8e28-2ff24e244285","SNYK-PYTHON-H11-10293728","2025-06-03T23:22:09.622Z","critical"
"0708d6a5-c79a-4f28-9fde-b7126a5c7252","1b68fd5f-9f20-4301-8668-4ceee0a13e08","6bf941c7-0d60-491a-8695-b7608f6d49ee","SNYK-JS-MULTER-10299078","2025-06-05T04:49:33.051Z","critical"
"0708d6a5-c79a-4f28-9fde-b7126a5c7252","1b68fd5f-9f20-4301-8668-4ceee0a13e08","5c2310d0-21cd-4597-b15c-d5c3d5fa327d","SNYK-JS-ERROREX-12554213","2025-09-15T23:04:32.218Z","critical"
"0708d6a5-c79a-4f28-9fde-b7126a5c7252","1b68fd5f-9f20-4301-8668-4ceee0a13e08","78e80fb2-46e0-4aeb-949f-19214fd69754","SNYK-JS-VM2-1585918","2026-03-10T04:37:12.565Z","critical"
"0708d6a5-c79a-4f28-9fde-b7126a5c7252","1b68fd5f-9f20-4301-8668-4ceee0a13e08","78e80fb2-46e0-4aeb-949f-19214fd69754","SNYK-JS-VM2-2990237","2026-03-10T04:37:12.565Z","critical"
"0708d6a5-c79a-4f28-9fde-b7126a5c7252","1b68fd5f-9f20-4301-8668-4ceee0a13e08","78e80fb2-46e0-4aeb-949f-19214fd69754","SNYK-JS-MULTER-10299078","2026-03-10T04:37:12.565Z","critical"
"0708d6a5-c79a-4f28-9fde-b7126a5c7252","1b68fd5f-9f20-4301-8668-4ceee0a13e08","78e80fb2-46e0-4aeb-949f-19214fd69754","SNYK-JS-VM2-5426093","2026-03-10T04:37:12.565Z","critical"
"0708d6a5-c79a-4f28-9fde-b7126a5c7252","1b68fd5f-9f20-4301-8668-4ceee0a13e08","78e80fb2-46e0-4aeb-949f-19214fd69754","SNYK-JS-VM2-2309905","2026-03-10T04:37:12.565Z","critical"
"0708d6a5-c79a-4f28-9fde-b7126a5c7252","1b68fd5f-9f20-4301-8668-4ceee0a13e08","78e80fb2-46e0-4aeb-949f-19214fd69754","SNYK-JS-VM2-5537100","2026-03-10T04:37:12.565Z","critical"
"0708d6a5-c79a-4f28-9fde-b7126a5c7252","1b68fd5f-9f20-4301-8668-4ceee0a13e08","78e80fb2-46e0-4aeb-949f-19214fd69754","SNYK-JS-VM2-5772825","2026-03-10T04:37:12.565Z","critical"
"0708d6a5-c79a-4f28-9fde-b7126a5c7252","1b68fd5f-9f20-4301-8668-4ceee0a13e08","78e80fb2-46e0-4aeb-949f-19214fd69754","SNYK-JS-VM2-3018201","2026-03-10T04:37:12.565Z","critical"
"0708d6a5-c79a-4f28-9fde-b7126a5c7252","1b68fd5f-9f20-4301-8668-4ceee0a13e08","78e80fb2-46e0-4aeb-949f-19214fd69754","SNYK-JS-VM2-5415299","2026-03-10T04:37:12.565Z","critical"
"0708d6a5-c79a-4f28-9fde-b7126a5c7252","1b68fd5f-9f20-4301-8668-4ceee0a13e08","78e80fb2-46e0-4aeb-949f-19214fd69754","SNYK-JS-FORMDATA-10841150","2026-03-10T04:37:12.565Z","critical"
"0708d6a5-c79a-4f28-9fde-b7126a5c7252","1b68fd5f-9f20-4301-8668-4ceee0a13e08","78e80fb2-46e0-4aeb-949f-19214fd69754","SNYK-JS-MARSDB-480405","2026-03-10T04:37:12.565Z","critical"
"0708d6a5-c79a-4f28-9fde-b7126a5c7252","1b68fd5f-9f20-4301-8668-4ceee0a13e08","78e80fb2-46e0-4aeb-949f-19214fd69754","SNYK-JS-VM2-5422057","2026-03-10T04:37:12.565Z","critical"
"0708d6a5-c79a-4f28-9fde-b7126a5c7252","1b68fd5f-9f20-4301-8668-4ceee0a13e08","78e80fb2-46e0-4aeb-949f-19214fd69754","SNYK-JS-VM2-5772823","2026-03-10T04:37:12.565Z","critical"
"0708d6a5-c79a-4f28-9fde-b7126a5c7252","1b68fd5f-9f20-4301-8668-4ceee0a13e08","78e80fb2-46e0-4aeb-949f-19214fd69754","SNYK-JS-SOCKETIOPARSER-3091012","2026-03-10T04:37:12.565Z","critical"
"0708d6a5-c79a-4f28-9fde-b7126a5c7252","1b68fd5f-9f20-4301-8668-4ceee0a13e08","e007ccca-89b2-4e8b-99f2-71a24175ff01","SNYK-JS-VM2-5422057","2026-03-10T04:40:30.253Z","critical"
"0708d6a5-c79a-4f28-9fde-b7126a5c7252","1b68fd5f-9f20-4301-8668-4ceee0a13e08","e007ccca-89b2-4e8b-99f2-71a24175ff01","SNYK-JS-VM2-2309905","2026-03-10T04:40:30.253Z","critical"
"0708d6a5-c79a-4f28-9fde-b7126a5c7252","1b68fd5f-9f20-4301-8668-4ceee0a13e08","e007ccca-89b2-4e8b-99f2-71a24175ff01","SNYK-JS-VM2-2990237","2026-03-10T04:40:30.253Z","critical"
"0708d6a5-c79a-4f28-9fde-b7126a5c7252","1b68fd5f-9f20-4301-8668-4ceee0a13e08","e007ccca-89b2-4e8b-99f2-71a24175ff01","SNYK-JS-MULTER-10299078","2026-03-10T04:40:30.253Z","critical"
"0708d6a5-c79a-4f28-9fde-b7126a5c7252","1b68fd5f-9f20-4301-8668-4ceee0a13e08","e007ccca-89b2-4e8b-99f2-71a24175ff01","SNYK-JS-MARSDB-480405","2026-03-10T04:40:30.253Z","critical"
"0708d6a5-c79a-4f28-9fde-b7126a5c7252","1b68fd5f-9f20-4301-8668-4ceee0a13e08","e007ccca-89b2-4e8b-99f2-71a24175ff01","SNYK-JS-VM2-5772825","2026-03-10T04:40:30.253Z","critical"
"0708d6a5-c79a-4f28-9fde-b7126a5c7252","1b68fd5f-9f20-4301-8668-4ceee0a13e08","e007ccca-89b2-4e8b-99f2-71a24175ff01","SNYK-JS-VM2-3018201","2026-03-10T04:40:30.253Z","critical"
"0708d6a5-c79a-4f28-9fde-b7126a5c7252","1b68fd5f-9f20-4301-8668-4ceee0a13e08","e007ccca-89b2-4e8b-99f2-71a24175ff01","SNYK-JS-VM2-1585918","2026-03-10T04:40:30.253Z","critical"
"0708d6a5-c79a-4f28-9fde-b7126a5c7252","1b68fd5f-9f20-4301-8668-4ceee0a13e08","e007ccca-89b2-4e8b-99f2-71a24175ff01","SNYK-JS-FORMDATA-10841150","2026-03-10T04:40:30.253Z","critical"
"0708d6a5-c79a-4f28-9fde-b7126a5c7252","1b68fd5f-9f20-4301-8668-4ceee0a13e08","e007ccca-89b2-4e8b-99f2-71a24175ff01","SNYK-JS-VM2-5537100","2026-03-10T04:40:30.253Z","critical"
"0708d6a5-c79a-4f28-9fde-b7126a5c7252","1b68fd5f-9f20-4301-8668-4ceee0a13e08","e007ccca-89b2-4e8b-99f2-71a24175ff01","SNYK-JS-VM2-5772823","2026-03-10T04:40:30.253Z","critical"
"0708d6a5-c79a-4f28-9fde-b7126a5c7252","1b68fd5f-9f20-4301-8668-4ceee0a13e08","e007ccca-89b2-4e8b-99f2-71a24175ff01","SNYK-JS-VM2-5415299","2026-03-10T04:40:30.253Z","critical"
"0708d6a5-c79a-4f28-9fde-b7126a5c7252","1b68fd5f-9f20-4301-8668-4ceee0a13e08","e007ccca-89b2-4e8b-99f2-71a24175ff01","SNYK-JS-VM2-5426093","2026-03-10T04:40:30.253Z","critical"
"0708d6a5-c79a-4f28-9fde-b7126a5c7252","1b68fd5f-9f20-4301-8668-4ceee0a13e08","e007ccca-89b2-4e8b-99f2-71a24175ff01","SNYK-JS-SOCKETIOPARSER-3091012","2026-03-10T04:40:30.253Z","critical"
"0708d6a5-c79a-4f28-9fde-b7126a5c7252","1b68fd5f-9f20-4301-8668-4ceee0a13e08","b10fea16-5cc3-4893-975a-74b3d6628542","SNYK-JS-FORMDATA-10841150","2026-03-20T01:11:13.065Z","critical"
"0708d6a5-c79a-4f28-9fde-b7126a5c7252","1b68fd5f-9f20-4301-8668-4ceee0a13e08","b10fea16-5cc3-4893-975a-74b3d6628542","npm:adm-zip:20180415","2026-03-20T01:11:13.065Z","critical"
"0708d6a5-c79a-4f28-9fde-b7126a5c7252","1b68fd5f-9f20-4301-8668-4ceee0a13e08","b10fea16-5cc3-4893-975a-74b3d6628542","SNYK-JS-HANDLEBARS-534988","2026-03-20T01:11:13.065Z","critical"
"0708d6a5-c79a-4f28-9fde-b7126a5c7252","1b68fd5f-9f20-4301-8668-4ceee0a13e08","b10fea16-5cc3-4893-975a-74b3d6628542","SNYK-JS-BABELTRAVERSE-5962463","2026-03-20T01:11:13.065Z","critical"
"0708d6a5-c79a-4f28-9fde-b7126a5c7252","1b68fd5f-9f20-4301-8668-4ceee0a13e08","b10fea16-5cc3-4893-975a-74b3d6628542","SNYK-JS-SHAJS-12089400","2026-03-20T01:11:13.065Z","critical"
"0708d6a5-c79a-4f28-9fde-b7126a5c7252","1b68fd5f-9f20-4301-8668-4ceee0a13e08","312ec90d-9125-4544-b7fa-ebedb685d1b7","SNYK-DEBIAN11-EXPAT-7855504","2026-03-20T01:11:16.423Z","critical"
"0708d6a5-c79a-4f28-9fde-b7126a5c7252","1b68fd5f-9f20-4301-8668-4ceee0a13e08","312ec90d-9125-4544-b7fa-ebedb685d1b7","SNYK-DEBIAN11-GIT-6846200","2026-03-20T01:11:16.423Z","critical"
"0708d6a5-c79a-4f28-9fde-b7126a5c7252","1b68fd5f-9f20-4301-8668-4ceee0a13e08","312ec90d-9125-4544-b7fa-ebedb685d1b7","SNYK-DEBIAN11-LIBDE265-2445047","2026-03-20T01:11:16.423Z","critical"
"0708d6a5-c79a-4f28-9fde-b7126a5c7252","1b68fd5f-9f20-4301-8668-4ceee0a13e08","312ec90d-9125-4544-b7fa-ebedb685d1b7","SNYK-DEBIAN11-IMAGEMAGICK-15339587","2026-03-20T01:11:16.423Z","critical"
"0708d6a5-c79a-4f28-9fde-b7126a5c7252","1b68fd5f-9f20-4301-8668-4ceee0a13e08","312ec90d-9125-4544-b7fa-ebedb685d1b7","SNYK-DEBIAN11-KRB5-7411316","2026-03-20T01:11:16.423Z","critical"
"0708d6a5-c79a-4f28-9fde-b7126a5c7252","1b68fd5f-9f20-4301-8668-4ceee0a13e08","312ec90d-9125-4544-b7fa-ebedb685d1b7","SNYK-DEBIAN11-EXPAT-7855505","2026-03-20T01:11:16.423Z","critical"
"0708d6a5-c79a-4f28-9fde-b7126a5c7252","1b68fd5f-9f20-4301-8668-4ceee0a13e08","312ec90d-9125-4544-b7fa-ebedb685d1b7","SNYK-DEBIAN11-PYTHON39-1290158","2026-03-20T01:11:16.423Z","critical"
"0708d6a5-c79a-4f28-9fde-b7126a5c7252","1b68fd5f-9f20-4301-8668-4ceee0a13e08","312ec90d-9125-4544-b7fa-ebedb685d1b7","SNYK-DEBIAN11-GIT-3232724","2026-03-20T01:11:16.423Z","critical"
"0708d6a5-c79a-4f28-9fde-b7126a5c7252","1b68fd5f-9f20-4301-8668-4ceee0a13e08","312ec90d-9125-4544-b7fa-ebedb685d1b7","SNYK-DEBIAN11-IMAGEMAGICK-15339606","2026-03-20T01:11:16.423Z","critical"
"0708d6a5-c79a-4f28-9fde-b7126a5c7252","1b68fd5f-9f20-4301-8668-4ceee0a13e08","312ec90d-9125-4544-b7fa-ebedb685d1b7","SNYK-DEBIAN11-IMAGEMAGICK-15339622","2026-03-20T01:11:16.423Z","critical"
"0708d6a5-c79a-4f28-9fde-b7126a5c7252","1b68fd5f-9f20-4301-8668-4ceee0a13e08","312ec90d-9125-4544-b7fa-ebedb685d1b7","SNYK-DEBIAN11-IMAGEMAGICK-10752989","2026-03-20T01:11:16.423Z","critical"
"0708d6a5-c79a-4f28-9fde-b7126a5c7252","1b68fd5f-9f20-4301-8668-4ceee0a13e08","312ec90d-9125-4544-b7fa-ebedb685d1b7","SNYK-DEBIAN11-GLIB20-14267938","2026-03-20T01:11:16.423Z","critical"
"0708d6a5-c79a-4f28-9fde-b7126a5c7252","1b68fd5f-9f20-4301-8668-4ceee0a13e08","312ec90d-9125-4544-b7fa-ebedb685d1b7","SNYK-DEBIAN11-ZLIB-6008961","2026-03-20T01:11:16.423Z","critical"
"0708d6a5-c79a-4f28-9fde-b7126a5c7252","1b68fd5f-9f20-4301-8668-4ceee0a13e08","312ec90d-9125-4544-b7fa-ebedb685d1b7","SNYK-DEBIAN11-DB53-2825168","2026-03-20T01:11:16.423Z","critical"
"0708d6a5-c79a-4f28-9fde-b7126a5c7252","1b68fd5f-9f20-4301-8668-4ceee0a13e08","312ec90d-9125-4544-b7fa-ebedb685d1b7","SNYK-DEBIAN11-IMAGEMAGICK-15339545","2026-03-20T01:11:16.423Z","critical"
"0708d6a5-c79a-4f28-9fde-b7126a5c7252","1b68fd5f-9f20-4301-8668-4ceee0a13e08","312ec90d-9125-4544-b7fa-ebedb685d1b7","SNYK-DEBIAN11-IMAGEMAGICK-12549182","2026-03-20T01:11:16.423Z","critical"
"0708d6a5-c79a-4f28-9fde-b7126a5c7252","1b68fd5f-9f20-4301-8668-4ceee0a13e08","312ec90d-9125-4544-b7fa-ebedb685d1b7","SNYK-DEBIAN11-IMAGEMAGICK-15339566","2026-03-20T01:11:16.423Z","critical"
"0708d6a5-c79a-4f28-9fde-b7126a5c7252","1b68fd5f-9f20-4301-8668-4ceee0a13e08","312ec90d-9125-4544-b7fa-ebedb685d1b7","SNYK-DEBIAN11-CURL-3065656","2026-03-20T01:11:16.423Z","critical"
"0708d6a5-c79a-4f28-9fde-b7126a5c7252","1b68fd5f-9f20-4301-8668-4ceee0a13e08","312ec90d-9125-4544-b7fa-ebedb685d1b7","SNYK-DEBIAN11-GIT-3232722","2026-03-20T01:11:16.423Z","critical"
"0708d6a5-c79a-4f28-9fde-b7126a5c7252","1b68fd5f-9f20-4301-8668-4ceee0a13e08","312ec90d-9125-4544-b7fa-ebedb685d1b7","SNYK-DEBIAN11-APR-3261105","2026-03-20T01:11:16.423Z","critical"
"0708d6a5-c79a-4f28-9fde-b7126a5c7252","1b68fd5f-9f20-4301-8668-4ceee0a13e08","312ec90d-9125-4544-b7fa-ebedb685d1b7","SNYK-DEBIAN11-LIBXML2-10350669","2026-03-20T01:11:16.423Z","critical"
"0708d6a5-c79a-4f28-9fde-b7126a5c7252","1b68fd5f-9f20-4301-8668-4ceee0a13e08","312ec90d-9125-4544-b7fa-ebedb685d1b7","SNYK-DEBIAN11-CURL-3320493","2026-03-20T01:11:16.423Z","critical"
"0708d6a5-c79a-4f28-9fde-b7126a5c7252","1b68fd5f-9f20-4301-8668-4ceee0a13e08","312ec90d-9125-4544-b7fa-ebedb685d1b7","SNYK-DEBIAN11-IMAGEMAGICK-15044348","2026-03-20T01:11:16.423Z","critical"
"0708d6a5-c79a-4f28-9fde-b7126a5c7252","1b68fd5f-9f20-4301-8668-4ceee0a13e08","312ec90d-9125-4544-b7fa-ebedb685d1b7","SNYK-DEBIAN11-OPENSSH-5788321","2026-03-20T01:11:16.423Z","critical"
"0708d6a5-c79a-4f28-9fde-b7126a5c7252","1b68fd5f-9f20-4301-8668-4ceee0a13e08","312ec90d-9125-4544-b7fa-ebedb685d1b7","SNYK-DEBIAN11-IMAGEMAGICK-15339647","2026-03-20T01:11:16.423Z","critical"
"0708d6a5-c79a-4f28-9fde-b7126a5c7252","1b68fd5f-9f20-4301-8668-4ceee0a13e08","312ec90d-9125-4544-b7fa-ebedb685d1b7","SNYK-DEBIAN11-LIBXML2-8732585","2026-03-20T01:11:16.423Z","critical"
"0708d6a5-c79a-4f28-9fde-b7126a5c7252","1b68fd5f-9f20-4301-8668-4ceee0a13e08","312ec90d-9125-4544-b7fa-ebedb685d1b7","SNYK-DEBIAN11-IMAGEMAGICK-15339502","2026-03-20T01:11:16.423Z","critical"
"0708d6a5-c79a-4f28-9fde-b7126a5c7252","1b68fd5f-9f20-4301-8668-4ceee0a13e08","312ec90d-9125-4544-b7fa-ebedb685d1b7","SNYK-DEBIAN11-AOM-1298721","2026-03-20T01:11:16.423Z","critical"
"0708d6a5-c79a-4f28-9fde-b7126a5c7252","1b68fd5f-9f20-4301-8668-4ceee0a13e08","312ec90d-9125-4544-b7fa-ebedb685d1b7","SNYK-DEBIAN11-CURL-5955037","2026-03-20T01:11:16.423Z","critical"
"0708d6a5-c79a-4f28-9fde-b7126a5c7252","1b68fd5f-9f20-4301-8668-4ceee0a13e08","312ec90d-9125-4544-b7fa-ebedb685d1b7","SNYK-DEBIAN11-LIBXML2-10350665","2026-03-20T01:11:16.423Z","critical"
"0708d6a5-c79a-4f28-9fde-b7126a5c7252","1b68fd5f-9f20-4301-8668-4ceee0a13e08","312ec90d-9125-4544-b7fa-ebedb685d1b7","SNYK-DEBIAN11-WGET-7266539","2026-03-20T01:11:16.423Z","critical"
"0708d6a5-c79a-4f28-9fde-b7126a5c7252","1b68fd5f-9f20-4301-8668-4ceee0a13e08","312ec90d-9125-4544-b7fa-ebedb685d1b7","SNYK-DEBIAN11-AOM-7197980","2026-03-20T01:11:16.423Z","critical"
"0708d6a5-c79a-4f28-9fde-b7126a5c7252","1b68fd5f-9f20-4301-8668-4ceee0a13e08","312ec90d-9125-4544-b7fa-ebedb685d1b7","SNYK-DEBIAN11-IMAGEMAGICK-10752986","2026-03-20T01:11:16.423Z","critical"
"0708d6a5-c79a-4f28-9fde-b7126a5c7252","1b68fd5f-9f20-4301-8668-4ceee0a13e08","312ec90d-9125-4544-b7fa-ebedb685d1b7","SNYK-DEBIAN11-PYTHON39-3090932","2026-03-20T01:11:16.423Z","critical"
"0708d6a5-c79a-4f28-9fde-b7126a5c7252","1b68fd5f-9f20-4301-8668-4ceee0a13e08","312ec90d-9125-4544-b7fa-ebedb685d1b7","SNYK-DEBIAN11-AOM-1290331","2026-03-20T01:11:16.423Z","critical"
"0708d6a5-c79a-4f28-9fde-b7126a5c7252","1b68fd5f-9f20-4301-8668-4ceee0a13e08","312ec90d-9125-4544-b7fa-ebedb685d1b7","SNYK-DEBIAN11-AOM-1300249","2026-03-20T01:11:16.423Z","critical"
"0708d6a5-c79a-4f28-9fde-b7126a5c7252","1b68fd5f-9f20-4301-8668-4ceee0a13e08","312ec90d-9125-4544-b7fa-ebedb685d1b7","SNYK-DEBIAN11-IMAGEMAGICK-15339633","2026-03-20T01:11:16.423Z","critical"
"0708d6a5-c79a-4f28-9fde-b7126a5c7252","1b68fd5f-9f20-4301-8668-4ceee0a13e08","9cf7c753-f74f-4cc3-8e28-2ff24e244285","SNYK-PYTHON-CRYPTOGRAPHY-7886970","2025-04-14T14:39:21.485Z","high"
"0708d6a5-c79a-4f28-9fde-b7126a5c7252","1b68fd5f-9f20-4301-8668-4ceee0a13e08","9cf7c753-f74f-4cc3-8e28-2ff24e244285","SNYK-PYTHON-ANYIO-7361842","2025-04-14T14:39:21.485Z","high"
"0708d6a5-c79a-4f28-9fde-b7126a5c7252","1b68fd5f-9f20-4301-8668-4ceee0a13e08","9cf7c753-f74f-4cc3-8e28-2ff24e244285","SNYK-PYTHON-CRYPTOGRAPHY-6126975","2025-04-14T14:39:21.485Z","high"
"0708d6a5-c79a-4f28-9fde-b7126a5c7252","1b68fd5f-9f20-4301-8668-4ceee0a13e08","27215155-acbd-465e-b419-22f663e172e2","SNYK-PYTHON-CRYPTOGRAPHY-7886970","2025-04-29T17:19:09.04Z","high"
"0708d6a5-c79a-4f28-9fde-b7126a5c7252","1b68fd5f-9f20-4301-8668-4ceee0a13e08","27215155-acbd-465e-b419-22f663e172e2","SNYK-PYTHON-CRYPTOGRAPHY-6126975","2025-04-29T17:19:09.04Z","high"
"0708d6a5-c79a-4f28-9fde-b7126a5c7252","1b68fd5f-9f20-4301-8668-4ceee0a13e08","27215155-acbd-465e-b419-22f663e172e2","SNYK-PYTHON-ANYIO-7361842","2025-04-29T17:19:09.04Z","high"
"0708d6a5-c79a-4f28-9fde-b7126a5c7252","1b68fd5f-9f20-4301-8668-4ceee0a13e08","6bf941c7-0d60-491a-8695-b7608f6d49ee","SNYK-JS-LODASH-73638","2025-04-29T17:58:10.439Z","high"
"0708d6a5-c79a-4f28-9fde-b7126a5c7252","1b68fd5f-9f20-4301-8668-4ceee0a13e08","6bf941c7-0d60-491a-8695-b7608f6d49ee","SNYK-JS-LIBXMLJS-6807576","2025-04-29T17:58:10.439Z","high"
"0708d6a5-c79a-4f28-9fde-b7126a5c7252","1b68fd5f-9f20-4301-8668-4ceee0a13e08","6bf941c7-0d60-491a-8695-b7608f6d49ee","SNYK-JS-LODASH-450202","2025-04-29T17:58:10.439Z","high"
"0708d6a5-c79a-4f28-9fde-b7126a5c7252","1b68fd5f-9f20-4301-8668-4ceee0a13e08","6bf941c7-0d60-491a-8695-b7608f6d49ee","SNYK-JS-EXPRESSJWT-575022","2025-04-29T17:58:10.439Z","high"
"0708d6a5-c79a-4f28-9fde-b7126a5c7252","1b68fd5f-9f20-4301-8668-4ceee0a13e08","6bf941c7-0d60-491a-8695-b7608f6d49ee","SNYK-JS-WS-7266574","2025-04-29T17:58:10.439Z","high"
"0708d6a5-c79a-4f28-9fde-b7126a5c7252","1b68fd5f-9f20-4301-8668-4ceee0a13e08","6bf941c7-0d60-491a-8695-b7608f6d49ee","SNYK-JS-SOCKETIOPARSER-5596892","2025-04-29T17:58:10.439Z","high"
"0708d6a5-c79a-4f28-9fde-b7126a5c7252","1b68fd5f-9f20-4301-8668-4ceee0a13e08","6bf941c7-0d60-491a-8695-b7608f6d49ee","SNYK-JS-MICROMATCH-6838728","2025-04-29T17:58:10.439Z","high"
"0708d6a5-c79a-4f28-9fde-b7126a5c7252","1b68fd5f-9f20-4301-8668-4ceee0a13e08","6bf941c7-0d60-491a-8695-b7608f6d49ee","SNYK-JS-LODASH-1040724","2025-04-29T17:58:10.439Z","high"
"0708d6a5-c79a-4f28-9fde-b7126a5c7252","1b68fd5f-9f20-4301-8668-4ceee0a13e08","6bf941c7-0d60-491a-8695-b7608f6d49ee","SNYK-JS-LIBXMLJS-6091649","2025-04-29T17:58:10.439Z","high"
"0708d6a5-c79a-4f28-9fde-b7126a5c7252","1b68fd5f-9f20-4301-8668-4ceee0a13e08","6bf941c7-0d60-491a-8695-b7608f6d49ee","SNYK-JS-MOMENT-2440688","2025-04-29T17:58:10.439Z","high"
"0708d6a5-c79a-4f28-9fde-b7126a5c7252","1b68fd5f-9f20-4301-8668-4ceee0a13e08","6bf941c7-0d60-491a-8695-b7608f6d49ee","SNYK-JS-LODASHSET-1320032","2025-04-29T17:58:10.439Z","high"
"0708d6a5-c79a-4f28-9fde-b7126a5c7252","1b68fd5f-9f20-4301-8668-4ceee0a13e08","6bf941c7-0d60-491a-8695-b7608f6d49ee","SNYK-JS-UNSETVALUE-2400660","2025-04-29T17:58:10.439Z","high"
"0708d6a5-c79a-4f28-9fde-b7126a5c7252","1b68fd5f-9f20-4301-8668-4ceee0a13e08","6bf941c7-0d60-491a-8695-b7608f6d49ee","SNYK-JS-BRACES-6838727","2025-04-29T17:58:10.439Z","high"
"0708d6a5-c79a-4f28-9fde-b7126a5c7252","1b68fd5f-9f20-4301-8668-4ceee0a13e08","6bf941c7-0d60-491a-8695-b7608f6d49ee","npm:base64url:20180511","2025-04-29T17:58:10.439Z","high"
"0708d6a5-c79a-4f28-9fde-b7126a5c7252","1b68fd5f-9f20-4301-8668-4ceee0a13e08","6bf941c7-0d60-491a-8695-b7608f6d49ee","snyk:lic:npm:fuzzball:GPL-2.0","2025-04-29T17:58:10.439Z","high"
"0708d6a5-c79a-4f28-9fde-b7126a5c7252","1b68fd5f-9f20-4301-8668-4ceee0a13e08","6bf941c7-0d60-491a-8695-b7608f6d49ee","npm:jws:20160726","2025-04-29T17:58:10.439Z","high"
"0708d6a5-c79a-4f28-9fde-b7126a5c7252","1b68fd5f-9f20-4301-8668-4ceee0a13e08","6bf941c7-0d60-491a-8695-b7608f6d49ee","SNYK-JS-ANSIREGEX-1583908","2025-04-29T17:58:10.439Z","high"
"0708d6a5-c79a-4f28-9fde-b7126a5c7252","1b68fd5f-9f20-4301-8668-4ceee0a13e08","6bf941c7-0d60-491a-8695-b7608f6d49ee","npm:jsonwebtoken:20150331","2025-04-29T17:58:10.439Z","high"
"0708d6a5-c79a-4f28-9fde-b7126a5c7252","1b68fd5f-9f20-4301-8668-4ceee0a13e08","6bf941c7-0d60-491a-8695-b7608f6d49ee","SNYK-JS-CRYPTOJS-6028119","2025-04-29T17:58:10.439Z","high"
"0708d6a5-c79a-4f28-9fde-b7126a5c7252","1b68fd5f-9f20-4301-8668-4ceee0a13e08","6bf941c7-0d60-491a-8695-b7608f6d49ee","SNYK-JS-ENGINEIO-3136336","2025-04-29T17:58:10.439Z","high"
"0708d6a5-c79a-4f28-9fde-b7126a5c7252","1b68fd5f-9f20-4301-8668-4ceee0a13e08","6bf941c7-0d60-491a-8695-b7608f6d49ee","SNYK-JS-LODASH-6139239","2025-04-29T17:58:10.439Z","high"
"0708d6a5-c79a-4f28-9fde-b7126a5c7252","1b68fd5f-9f20-4301-8668-4ceee0a13e08","6bf941c7-0d60-491a-8695-b7608f6d49ee","SNYK-JS-SOCKETIO-7278048","2025-04-29T17:58:10.439Z","high"
"0708d6a5-c79a-4f28-9fde-b7126a5c7252","1b68fd5f-9f20-4301-8668-4ceee0a13e08","6bf941c7-0d60-491a-8695-b7608f6d49ee","SNYK-JS-LODASH-608086","2025-04-29T17:58:10.439Z","high"
"0708d6a5-c79a-4f28-9fde-b7126a5c7252","1b68fd5f-9f20-4301-8668-4ceee0a13e08","5c2310d0-21cd-4597-b15c-d5c3d5fa327d","SNYK-JS-SOCKETIOPARSER-5596892","2025-04-29T17:58:12.028Z","high"
"0708d6a5-c79a-4f28-9fde-b7126a5c7252","1b68fd5f-9f20-4301-8668-4ceee0a13e08","5c2310d0-21cd-4597-b15c-d5c3d5fa327d","SNYK-JS-WS-7266574","2025-04-29T17:58:12.028Z","high"
"0708d6a5-c79a-4f28-9fde-b7126a5c7252","1b68fd5f-9f20-4301-8668-4ceee0a13e08","e47f575c-4561-4448-a571-4548433cb579","d84342f8-bd44-43a6-8774-39d40b37fd47","2025-04-29T17:59:26.262Z","high"
"0708d6a5-c79a-4f28-9fde-b7126a5c7252","1b68fd5f-9f20-4301-8668-4ceee0a13e08","e47f575c-4561-4448-a571-4548433cb579","655bb55f-5745-4a2c-828c-277f69bedb07","2025-04-29T17:59:26.262Z","high"
"0708d6a5-c79a-4f28-9fde-b7126a5c7252","1b68fd5f-9f20-4301-8668-4ceee0a13e08","e47f575c-4561-4448-a571-4548433cb579","2f975272-5401-44ec-b28d-18bccf7ee73c","2025-04-29T17:59:26.262Z","high"
"0708d6a5-c79a-4f28-9fde-b7126a5c7252","1b68fd5f-9f20-4301-8668-4ceee0a13e08","e47f575c-4561-4448-a571-4548433cb579","2cc133c8-a16a-493a-8dea-43db7d49cfe4","2025-04-29T17:59:26.262Z","high"
"0708d6a5-c79a-4f28-9fde-b7126a5c7252","1b68fd5f-9f20-4301-8668-4ceee0a13e08","e47f575c-4561-4448-a571-4548433cb579","2e59b39c-484f-43fa-9e89-0f242833c7ee","2025-04-29T17:59:26.262Z","high"
"0708d6a5-c79a-4f28-9fde-b7126a5c7252","1b68fd5f-9f20-4301-8668-4ceee0a13e08","e47f575c-4561-4448-a571-4548433cb579","af83e519-b866-4e93-88da-4ee7c34d99ff","2025-04-29T17:59:26.262Z","high"
"0708d6a5-c79a-4f28-9fde-b7126a5c7252","1b68fd5f-9f20-4301-8668-4ceee0a13e08","e47f575c-4561-4448-a571-4548433cb579","42f34332-bbcd-44f1-b66f-9ebc71002773","2025-04-29T17:59:26.262Z","high"
"0708d6a5-c79a-4f28-9fde-b7126a5c7252","1b68fd5f-9f20-4301-8668-4ceee0a13e08","e47f575c-4561-4448-a571-4548433cb579","053d4a78-dd8c-43b8-b6ac-1a009027ba63","2025-04-29T17:59:26.262Z","high"
"0708d6a5-c79a-4f28-9fde-b7126a5c7252","1b68fd5f-9f20-4301-8668-4ceee0a13e08","e47f575c-4561-4448-a571-4548433cb579","626c2006-940e-469e-88e6-21a86cd5605e","2025-04-29T17:59:26.262Z","high"
"0708d6a5-c79a-4f28-9fde-b7126a5c7252","1b68fd5f-9f20-4301-8668-4ceee0a13e08","e47f575c-4561-4448-a571-4548433cb579","f5981cb3-7e22-4d72-b6dd-17773d079a3b","2025-04-29T17:59:26.262Z","high"
"0708d6a5-c79a-4f28-9fde-b7126a5c7252","1b68fd5f-9f20-4301-8668-4ceee0a13e08","e47f575c-4561-4448-a571-4548433cb579","5c2c2f7f-6537-4e61-af15-7eb19552ec3e","2025-04-29T17:59:26.262Z","high"
"0708d6a5-c79a-4f28-9fde-b7126a5c7252","1b68fd5f-9f20-4301-8668-4ceee0a13e08","e47f575c-4561-4448-a571-4548433cb579","d837a495-70e2-469f-a491-d962b6a5056b","2025-04-29T17:59:26.262Z","high"
"0708d6a5-c79a-4f28-9fde-b7126a5c7252","1b68fd5f-9f20-4301-8668-4ceee0a13e08","e47f575c-4561-4448-a571-4548433cb579","5841f3eb-39d4-4cfe-9326-a40e0ad7fa50","2025-04-29T17:59:26.262Z","high"
"0708d6a5-c79a-4f28-9fde-b7126a5c7252","1b68fd5f-9f20-4301-8668-4ceee0a13e08","e47f575c-4561-4448-a571-4548433cb579","3f417b02-77d9-40df-be19-7698a7ecf208","2025-04-29T17:59:26.262Z","high"
"0708d6a5-c79a-4f28-9fde-b7126a5c7252","1b68fd5f-9f20-4301-8668-4ceee0a13e08","e47f575c-4561-4448-a571-4548433cb579","ec999fb2-ea36-4658-b3d3-3fd0640b892f","2025-04-29T17:59:26.262Z","high"
"0708d6a5-c79a-4f28-9fde-b7126a5c7252","1b68fd5f-9f20-4301-8668-4ceee0a13e08","e47f575c-4561-4448-a571-4548433cb579","bffcd55e-a3f2-47db-84ad-51744ca1d535","2025-04-29T17:59:26.262Z","high"
"0708d6a5-c79a-4f28-9fde-b7126a5c7252","1b68fd5f-9f20-4301-8668-4ceee0a13e08","e47f575c-4561-4448-a571-4548433cb579","e52e2863-922d-4c04-9159-6e15eaecb3d1","2025-04-29T17:59:26.262Z","high"
"0708d6a5-c79a-4f28-9fde-b7126a5c7252","1b68fd5f-9f20-4301-8668-4ceee0a13e08","e47f575c-4561-4448-a571-4548433cb579","ef55afa2-761e-4a5a-801b-b26332f1492f","2025-04-29T17:59:26.262Z","high"
"0708d6a5-c79a-4f28-9fde-b7126a5c7252","1b68fd5f-9f20-4301-8668-4ceee0a13e08","e47f575c-4561-4448-a571-4548433cb579","f234bc8c-a6b7-485c-a2a1-dfe6efab8ed3","2025-04-29T17:59:26.262Z","high"
"0708d6a5-c79a-4f28-9fde-b7126a5c7252","1b68fd5f-9f20-4301-8668-4ceee0a13e08","e47f575c-4561-4448-a571-4548433cb579","99106795-3799-4f3c-b08b-423f3d5a5ddf","2025-04-29T17:59:26.262Z","high"
"0708d6a5-c79a-4f28-9fde-b7126a5c7252","1b68fd5f-9f20-4301-8668-4ceee0a13e08","e47f575c-4561-4448-a571-4548433cb579","325a14fd-7217-4569-a3ea-0093644cf23b","2025-05-14T05:11:39.513Z","high"
"0708d6a5-c79a-4f28-9fde-b7126a5c7252","1b68fd5f-9f20-4301-8668-4ceee0a13e08","e47f575c-4561-4448-a571-4548433cb579","24558df9-8f58-4a15-ad57-930867e8f7ba","2025-05-14T05:11:39.513Z","high"
"0708d6a5-c79a-4f28-9fde-b7126a5c7252","1b68fd5f-9f20-4301-8668-4ceee0a13e08","6bf941c7-0d60-491a-8695-b7608f6d49ee","SNYK-JS-MULTER-10185675","2025-05-21T10:39:17.65Z","high"
"0708d6a5-c79a-4f28-9fde-b7126a5c7252","1b68fd5f-9f20-4301-8668-4ceee0a13e08","6bf941c7-0d60-491a-8695-b7608f6d49ee","SNYK-JS-MULTER-10185673","2025-05-21T10:39:17.65Z","high"
"0708d6a5-c79a-4f28-9fde-b7126a5c7252","1b68fd5f-9f20-4301-8668-4ceee0a13e08","5c2310d0-21cd-4597-b15c-d5c3d5fa327d","SNYK-JS-WEBPACKDEVSERVER-10300775","2025-06-05T04:25:35.907Z","high"
"0708d6a5-c79a-4f28-9fde-b7126a5c7252","1b68fd5f-9f20-4301-8668-4ceee0a13e08","6bf941c7-0d60-491a-8695-b7608f6d49ee","SNYK-JS-LIBXMLJS-10557426","2025-06-27T15:48:54.692Z","high"
"0708d6a5-c79a-4f28-9fde-b7126a5c7252","1b68fd5f-9f20-4301-8668-4ceee0a13e08","6bf941c7-0d60-491a-8695-b7608f6d49ee","SNYK-JS-LIBXMLJS-10557387","2025-06-27T15:48:54.692Z","high"
"0708d6a5-c79a-4f28-9fde-b7126a5c7252","1b68fd5f-9f20-4301-8668-4ceee0a13e08","6bf941c7-0d60-491a-8695-b7608f6d49ee","SNYK-JS-LIBXMLJS-10557394","2025-06-27T15:48:54.692Z","high"
"0708d6a5-c79a-4f28-9fde-b7126a5c7252","1b68fd5f-9f20-4301-8668-4ceee0a13e08","6bf941c7-0d60-491a-8695-b7608f6d49ee","SNYK-JS-LIBXMLJS-10557442","2025-06-27T15:48:54.692Z","high"
"0708d6a5-c79a-4f28-9fde-b7126a5c7252","1b68fd5f-9f20-4301-8668-4ceee0a13e08","6bf941c7-0d60-491a-8695-b7608f6d49ee","SNYK-JS-LIBXMLJS-10557427","2025-06-27T15:48:54.692Z","high"
"0708d6a5-c79a-4f28-9fde-b7126a5c7252","1b68fd5f-9f20-4301-8668-4ceee0a13e08","6bf941c7-0d60-491a-8695-b7608f6d49ee","SNYK-JS-LIBXMLJS-10557444","2025-06-27T15:48:54.692Z","high"
"0708d6a5-c79a-4f28-9fde-b7126a5c7252","1b68fd5f-9f20-4301-8668-4ceee0a13e08","6bf941c7-0d60-491a-8695-b7608f6d49ee","SNYK-JS-LIBXMLJS-10557443","2025-06-27T15:48:54.692Z","high"
"0708d6a5-c79a-4f28-9fde-b7126a5c7252","1b68fd5f-9f20-4301-8668-4ceee0a13e08","6bf941c7-0d60-491a-8695-b7608f6d49ee","SNYK-JS-LIBXMLJS-10557395","2025-06-27T15:48:54.692Z","high"
"0708d6a5-c79a-4f28-9fde-b7126a5c7252","1b68fd5f-9f20-4301-8668-4ceee0a13e08","e47f575c-4561-4448-a571-4548433cb579","e0785de5-dde0-47ac-9d02-53272ff0fc73","2025-07-08T22:34:15.718Z","high"
"0708d6a5-c79a-4f28-9fde-b7126a5c7252","1b68fd5f-9f20-4301-8668-4ceee0a13e08","e47f575c-4561-4448-a571-4548433cb579","59a35842-9b5e-4709-9956-e3ae930257de","2025-07-08T22:34:15.718Z","high"
"0708d6a5-c79a-4f28-9fde-b7126a5c7252","1b68fd5f-9f20-4301-8668-4ceee0a13e08","e47f575c-4561-4448-a571-4548433cb579","e978d39b-90a6-4bc0-bb1b-1159cd1a47d1","2025-07-08T22:34:15.718Z","high"
"0708d6a5-c79a-4f28-9fde-b7126a5c7252","1b68fd5f-9f20-4301-8668-4ceee0a13e08","e47f575c-4561-4448-a571-4548433cb579","8adfb312-24ef-4e3e-beb7-19de9c1533fa","2025-07-08T22:34:15.718Z","high"
"0708d6a5-c79a-4f28-9fde-b7126a5c7252","1b68fd5f-9f20-4301-8668-4ceee0a13e08","6bf941c7-0d60-491a-8695-b7608f6d49ee","SNYK-JS-LIBXMLJS-10674180","2025-07-11T16:24:38.356Z","high"
"0708d6a5-c79a-4f28-9fde-b7126a5c7252","1b68fd5f-9f20-4301-8668-4ceee0a13e08","6bf941c7-0d60-491a-8695-b7608f6d49ee","SNYK-JS-LIBXMLJS-10674175","2025-07-11T16:24:38.356Z","high"
"0708d6a5-c79a-4f28-9fde-b7126a5c7252","1b68fd5f-9f20-4301-8668-4ceee0a13e08","6bf941c7-0d60-491a-8695-b7608f6d49ee","SNYK-JS-LIBXMLJS-10674183","2025-07-11T16:24:38.356Z","high"
"0708d6a5-c79a-4f28-9fde-b7126a5c7252","1b68fd5f-9f20-4301-8668-4ceee0a13e08","6bf941c7-0d60-491a-8695-b7608f6d49ee","SNYK-JS-LIBXMLJS-10674191","2025-07-11T16:24:38.356Z","high"
"0708d6a5-c79a-4f28-9fde-b7126a5c7252","1b68fd5f-9f20-4301-8668-4ceee0a13e08","e59ef52e-94d8-41b4-b82c-654d95de598e","95185d8d-1f4b-47bf-8921-d10e6133eb23","2025-07-22T15:58:40.306Z","high"
"0708d6a5-c79a-4f28-9fde-b7126a5c7252","1b68fd5f-9f20-4301-8668-4ceee0a13e08","e59ef52e-94d8-41b4-b82c-654d95de598e","4a4ba01a-d4c1-40a2-b861-363fa9e9d683","2025-07-22T15:58:40.306Z","high"
"0708d6a5-c79a-4f28-9fde-b7126a5c7252","1b68fd5f-9f20-4301-8668-4ceee0a13e08","e59ef52e-94d8-41b4-b82c-654d95de598e","034c01ab-8aca-4278-bc63-95531203f4db","2025-07-22T15:58:40.306Z","high"
"0708d6a5-c79a-4f28-9fde-b7126a5c7252","1b68fd5f-9f20-4301-8668-4ceee0a13e08","6bf941c7-0d60-491a-8695-b7608f6d49ee","SNYK-JS-MULTER-10773732","2025-07-25T18:03:37.893Z","high"
"0708d6a5-c79a-4f28-9fde-b7126a5c7252","1b68fd5f-9f20-4301-8668-4ceee0a13e08","5c2310d0-21cd-4597-b15c-d5c3d5fa327d","SNYK-JS-AJV-15274295","2026-02-14T15:04:12.638Z","high"
"0708d6a5-c79a-4f28-9fde-b7126a5c7252","1b68fd5f-9f20-4301-8668-4ceee0a13e08","5c2310d0-21cd-4597-b15c-d5c3d5fa327d","SNYK-JS-TAR-15307072","2026-02-18T11:11:11.081Z","high"
"0708d6a5-c79a-4f28-9fde-b7126a5c7252","1b68fd5f-9f20-4301-8668-4ceee0a13e08","5c2310d0-21cd-4597-b15c-d5c3d5fa327d","SNYK-JS-MINIMATCH-15309438","2026-02-19T13:32:50.306Z","high"
"0708d6a5-c79a-4f28-9fde-b7126a5c7252","1b68fd5f-9f20-4301-8668-4ceee0a13e08","5c2310d0-21cd-4597-b15c-d5c3d5fa327d","SNYK-JS-ROLLUP-15340920","2026-02-25T13:27:41.483Z","high"
"0708d6a5-c79a-4f28-9fde-b7126a5c7252","1b68fd5f-9f20-4301-8668-4ceee0a13e08","5c2310d0-21cd-4597-b15c-d5c3d5fa327d","SNYK-JS-SERIALIZEJAVASCRIPT-570062","2026-03-02T12:51:34.569Z","high"
"0708d6a5-c79a-4f28-9fde-b7126a5c7252","1b68fd5f-9f20-4301-8668-4ceee0a13e08","5c2310d0-21cd-4597-b15c-d5c3d5fa327d","SNYK-JS-TAR-15416075","2026-03-05T11:39:31.933Z","high"
"0708d6a5-c79a-4f28-9fde-b7126a5c7252","1b68fd5f-9f20-4301-8668-4ceee0a13e08","78e80fb2-46e0-4aeb-949f-19214fd69754","SNYK-JS-VM2-15116160","2026-03-10T04:37:12.565Z","high"
"0708d6a5-c79a-4f28-9fde-b7126a5c7252","1b68fd5f-9f20-4301-8668-4ceee0a13e08","78e80fb2-46e0-4aeb-949f-19214fd69754","SNYK-JS-MULTER-10773732","2026-03-10T04:37:12.565Z","high"
"0708d6a5-c79a-4f28-9fde-b7126a5c7252","1b68fd5f-9f20-4301-8668-4ceee0a13e08","78e80fb2-46e0-4aeb-949f-19214fd69754","SNYK-JS-TARFS-9535930","2026-03-10T04:37:12.565Z","high"
"0708d6a5-c79a-4f28-9fde-b7126a5c7252","1b68fd5f-9f20-4301-8668-4ceee0a13e08","78e80fb2-46e0-4aeb-949f-19214fd69754","SNYK-JS-MINIMATCH-15309438","2026-03-10T04:37:12.565Z","high"
"0708d6a5-c79a-4f28-9fde-b7126a5c7252","1b68fd5f-9f20-4301-8668-4ceee0a13e08","78e80fb2-46e0-4aeb-949f-19214fd69754","SNYK-JS-LODASH-1040724","2026-03-10T04:37:12.565Z","high"
"0708d6a5-c79a-4f28-9fde-b7126a5c7252","1b68fd5f-9f20-4301-8668-4ceee0a13e08","78e80fb2-46e0-4aeb-949f-19214fd69754","SNYK-JS-LODASH-73638","2026-03-10T04:37:12.565Z","high"
"0708d6a5-c79a-4f28-9fde-b7126a5c7252","1b68fd5f-9f20-4301-8668-4ceee0a13e08","78e80fb2-46e0-4aeb-949f-19214fd69754","SNYK-JS-SIMPLEGET-2361683","2026-03-10T04:37:12.565Z","high"
"0708d6a5-c79a-4f28-9fde-b7126a5c7252","1b68fd5f-9f20-4301-8668-4ceee0a13e08","78e80fb2-46e0-4aeb-949f-19214fd69754","SNYK-JS-DOTTIE-3332763","2026-03-10T04:37:12.565Z","high"
"0708d6a5-c79a-4f28-9fde-b7126a5c7252","1b68fd5f-9f20-4301-8668-4ceee0a13e08","78e80fb2-46e0-4aeb-949f-19214fd69754","SNYK-JS-DICER-2311764","2026-03-10T04:37:12.565Z","high"
"0708d6a5-c79a-4f28-9fde-b7126a5c7252","1b68fd5f-9f20-4301-8668-4ceee0a13e08","78e80fb2-46e0-4aeb-949f-19214fd69754","SNYK-JS-QS-14724253","2026-03-10T04:37:12.565Z","high"
"0708d6a5-c79a-4f28-9fde-b7126a5c7252","1b68fd5f-9f20-4301-8668-4ceee0a13e08","78e80fb2-46e0-4aeb-949f-19214fd69754","SNYK-JS-MULTER-10185673","2026-03-10T04:37:12.565Z","high"
"0708d6a5-c79a-4f28-9fde-b7126a5c7252","1b68fd5f-9f20-4301-8668-4ceee0a13e08","78e80fb2-46e0-4aeb-949f-19214fd69754","SNYK-JS-SQLITE3-3358947","2026-03-10T04:37:12.565Z","high"
"0708d6a5-c79a-4f28-9fde-b7126a5c7252","1b68fd5f-9f20-4301-8668-4ceee0a13e08","78e80fb2-46e0-4aeb-949f-19214fd69754","SNYK-JS-SQLITE3-2388645","2026-03-10T04:37:12.565Z","high"
"0708d6a5-c79a-4f28-9fde-b7126a5c7252","1b68fd5f-9f20-4301-8668-4ceee0a13e08","78e80fb2-46e0-4aeb-949f-19214fd69754","SNYK-JS-MULTER-10185675","2026-03-10T04:37:12.565Z","high"
"0708d6a5-c79a-4f28-9fde-b7126a5c7252","1b68fd5f-9f20-4301-8668-4ceee0a13e08","78e80fb2-46e0-4aeb-949f-19214fd69754","SNYK-JS-LIBXMLJS2-6808816","2026-03-10T04:37:12.565Z","high"
"0708d6a5-c79a-4f28-9fde-b7126a5c7252","1b68fd5f-9f20-4301-8668-4ceee0a13e08","78e80fb2-46e0-4aeb-949f-19214fd69754","SNYK-JS-DECODEURICOMPONENT-3149970","2026-03-10T04:37:12.565Z","high"
"0708d6a5-c79a-4f28-9fde-b7126a5c7252","1b68fd5f-9f20-4301-8668-4ceee0a13e08","78e80fb2-46e0-4aeb-949f-19214fd69754","SNYK-JS-MOMENT-2440688","2026-03-10T04:37:12.565Z","high"
"0708d6a5-c79a-4f28-9fde-b7126a5c7252","1b68fd5f-9f20-4301-8668-4ceee0a13e08","78e80fb2-46e0-4aeb-949f-19214fd69754","SNYK-JS-ENGINEIO-3136336","2026-03-10T04:37:12.565Z","high"
"0708d6a5-c79a-4f28-9fde-b7126a5c7252","1b68fd5f-9f20-4301-8668-4ceee0a13e08","78e80fb2-46e0-4aeb-949f-19214fd69754","SNYK-JS-MULTER-15365918","2026-03-10T04:37:12.565Z","high"
"0708d6a5-c79a-4f28-9fde-b7126a5c7252","1b68fd5f-9f20-4301-8668-4ceee0a13e08","78e80fb2-46e0-4aeb-949f-19214fd69754","SNYK-JS-AJV-15274295","2026-03-10T04:37:12.565Z","high"
"0708d6a5-c79a-4f28-9fde-b7126a5c7252","1b68fd5f-9f20-4301-8668-4ceee0a13e08","78e80fb2-46e0-4aeb-949f-19214fd69754","SNYK-JS-PUGCODEGEN-7086056","2026-03-10T04:37:12.565Z","high"
"0708d6a5-c79a-4f28-9fde-b7126a5c7252","1b68fd5f-9f20-4301-8668-4ceee0a13e08","78e80fb2-46e0-4aeb-949f-19214fd69754","SNYK-JS-LODASHSET-1320032","2026-03-10T04:37:12.565Z","high"
"0708d6a5-c79a-4f28-9fde-b7126a5c7252","1b68fd5f-9f20-4301-8668-4ceee0a13e08","78e80fb2-46e0-4aeb-949f-19214fd69754","SNYK-JS-TAR-1536531","2026-03-10T04:37:12.565Z","high"
"0708d6a5-c79a-4f28-9fde-b7126a5c7252","1b68fd5f-9f20-4301-8668-4ceee0a13e08","78e80fb2-46e0-4aeb-949f-19214fd69754","snyk:lic:npm:fuzzball:GPL-2.0","2026-03-10T04:37:12.565Z","high"
"0708d6a5-c79a-4f28-9fde-b7126a5c7252","1b68fd5f-9f20-4301-8668-4ceee0a13e08","78e80fb2-46e0-4aeb-949f-19214fd69754","SNYK-JS-TAR-1579152","2026-03-10T04:37:12.565Z","high"
"0708d6a5-c79a-4f28-9fde-b7126a5c7252","1b68fd5f-9f20-4301-8668-4ceee0a13e08","78e80fb2-46e0-4aeb-949f-19214fd69754","SNYK-JS-TAR-1536528","2026-03-10T04:37:12.565Z","high"
"0708d6a5-c79a-4f28-9fde-b7126a5c7252","1b68fd5f-9f20-4301-8668-4ceee0a13e08","78e80fb2-46e0-4aeb-949f-19214fd69754","SNYK-JS-BODYPARSER-7926860","2026-03-10T04:37:12.565Z","high"
"0708d6a5-c79a-4f28-9fde-b7126a5c7252","1b68fd5f-9f20-4301-8668-4ceee0a13e08","78e80fb2-46e0-4aeb-949f-19214fd69754","SNYK-JS-MULTER-15365916","2026-03-10T04:37:12.565Z","high"
"0708d6a5-c79a-4f28-9fde-b7126a5c7252","1b68fd5f-9f20-4301-8668-4ceee0a13e08","78e80fb2-46e0-4aeb-949f-19214fd69754","SNYK-JS-MULTER-15417528","2026-03-10T04:37:12.565Z","high"
"0708d6a5-c79a-4f28-9fde-b7126a5c7252","1b68fd5f-9f20-4301-8668-4ceee0a13e08","78e80fb2-46e0-4aeb-949f-19214fd69754","SNYK-JS-LODASH-450202","2026-03-10T04:37:12.565Z","high"
"0708d6a5-c79a-4f28-9fde-b7126a5c7252","1b68fd5f-9f20-4301-8668-4ceee0a13e08","78e80fb2-46e0-4aeb-949f-19214fd69754","SNYK-JS-ASYNC-2441827","2026-03-10T04:37:12.565Z","high"
"0708d6a5-c79a-4f28-9fde-b7126a5c7252","1b68fd5f-9f20-4301-8668-4ceee0a13e08","78e80fb2-46e0-4aeb-949f-19214fd69754","SNYK-JS-JWS-14188253","2026-03-10T04:37:12.565Z","high"
"0708d6a5-c79a-4f28-9fde-b7126a5c7252","1b68fd5f-9f20-4301-8668-4ceee0a13e08","78e80fb2-46e0-4aeb-949f-19214fd69754","SNYK-JS-MOUT-2342654","2026-03-10T04:37:12.565Z","high"
"0708d6a5-c79a-4f28-9fde-b7126a5c7252","1b68fd5f-9f20-4301-8668-4ceee0a13e08","78e80fb2-46e0-4aeb-949f-19214fd69754","SNYK-JS-SEQUELIZE-2959225","2026-03-10T04:37:12.565Z","high"
"0708d6a5-c79a-4f28-9fde-b7126a5c7252","1b68fd5f-9f20-4301-8668-4ceee0a13e08","78e80fb2-46e0-4aeb-949f-19214fd69754","npm:underscore.string:20170908","2026-03-10T04:37:12.565Z","high"
"0708d6a5-c79a-4f28-9fde-b7126a5c7252","1b68fd5f-9f20-4301-8668-4ceee0a13e08","78e80fb2-46e0-4aeb-949f-19214fd69754","SNYK-JS-TAR-1579147","2026-03-10T04:37:12.565Z","high"
"0708d6a5-c79a-4f28-9fde-b7126a5c7252","1b68fd5f-9f20-4301-8668-4ceee0a13e08","78e80fb2-46e0-4aeb-949f-19214fd69754","SNYK-JS-LIBXMLJS2-6808810","2026-03-10T04:37:12.565Z","high"
"0708d6a5-c79a-4f28-9fde-b7126a5c7252","1b68fd5f-9f20-4301-8668-4ceee0a13e08","78e80fb2-46e0-4aeb-949f-19214fd69754","SNYK-JS-MOMENT-2944238","2026-03-10T04:37:12.565Z","high"
"0708d6a5-c79a-4f28-9fde-b7126a5c7252","1b68fd5f-9f20-4301-8668-4ceee0a13e08","78e80fb2-46e0-4aeb-949f-19214fd69754","SNYK-JS-ES5EXT-6095076","2026-03-10T04:37:12.565Z","high"
"0708d6a5-c79a-4f28-9fde-b7126a5c7252","1b68fd5f-9f20-4301-8668-4ceee0a13e08","78e80fb2-46e0-4aeb-949f-19214fd69754","SNYK-JS-WS-7266574","2026-03-10T04:37:12.565Z","high"
"0708d6a5-c79a-4f28-9fde-b7126a5c7252","1b68fd5f-9f20-4301-8668-4ceee0a13e08","78e80fb2-46e0-4aeb-949f-19214fd69754","SNYK-JS-QS-3153490","2026-03-10T04:37:12.565Z","high"
"0708d6a5-c79a-4f28-9fde-b7126a5c7252","1b68fd5f-9f20-4301-8668-4ceee0a13e08","78e80fb2-46e0-4aeb-949f-19214fd69754","SNYK-JS-SOCKETIOPARSER-5596892","2026-03-10T04:37:12.565Z","high"
"0708d6a5-c79a-4f28-9fde-b7126a5c7252","1b68fd5f-9f20-4301-8668-4ceee0a13e08","78e80fb2-46e0-4aeb-949f-19214fd69754","SNYK-JS-TARFS-10293725","2026-03-10T04:37:12.565Z","high"
"0708d6a5-c79a-4f28-9fde-b7126a5c7252","1b68fd5f-9f20-4301-8668-4ceee0a13e08","78e80fb2-46e0-4aeb-949f-19214fd69754","SNYK-JS-ANSIREGEX-1583908","2026-03-10T04:37:12.565Z","high"
"0708d6a5-c79a-4f28-9fde-b7126a5c7252","1b68fd5f-9f20-4301-8668-4ceee0a13e08","78e80fb2-46e0-4aeb-949f-19214fd69754","SNYK-JS-VALIDATOR-13653476","2026-03-10T04:37:12.565Z","high"
"0708d6a5-c79a-4f28-9fde-b7126a5c7252","1b68fd5f-9f20-4301-8668-4ceee0a13e08","78e80fb2-46e0-4aeb-949f-19214fd69754","SNYK-JS-ENGINEIO-1056749","2026-03-10T04:37:12.565Z","high"
"0708d6a5-c79a-4f28-9fde-b7126a5c7252","1b68fd5f-9f20-4301-8668-4ceee0a13e08","78e80fb2-46e0-4aeb-949f-19214fd69754","SNYK-JS-TAR-15307072","2026-03-10T04:37:12.565Z","high"
"0708d6a5-c79a-4f28-9fde-b7126a5c7252","1b68fd5f-9f20-4301-8668-4ceee0a13e08","78e80fb2-46e0-4aeb-949f-19214fd69754","SNYK-JS-TAR-1579155","2026-03-10T04:37:12.565Z","high"
"0708d6a5-c79a-4f28-9fde-b7126a5c7252","1b68fd5f-9f20-4301-8668-4ceee0a13e08","78e80fb2-46e0-4aeb-949f-19214fd69754","SNYK-JS-BRACES-6838727","2026-03-10T04:37:12.565Z","high"
"0708d6a5-c79a-4f28-9fde-b7126a5c7252","1b68fd5f-9f20-4301-8668-4ceee0a13e08","78e80fb2-46e0-4aeb-949f-19214fd69754","SNYK-JS-MINIMATCH-15353389","2026-03-10T04:37:12.565Z","high"
"0708d6a5-c79a-4f28-9fde-b7126a5c7252","1b68fd5f-9f20-4301-8668-4ceee0a13e08","78e80fb2-46e0-4aeb-949f-19214fd69754","SNYK-JS-SOCKETIO-7278048","2026-03-10T04:37:12.565Z","high"
"0708d6a5-c79a-4f28-9fde-b7126a5c7252","1b68fd5f-9f20-4301-8668-4ceee0a13e08","78e80fb2-46e0-4aeb-949f-19214fd69754","SNYK-JS-SEQUELIZE-3324088","2026-03-10T04:37:12.565Z","high"
"0708d6a5-c79a-4f28-9fde-b7126a5c7252","1b68fd5f-9f20-4301-8668-4ceee0a13e08","78e80fb2-46e0-4aeb-949f-19214fd69754","SNYK-JS-CRYPTOJS-6028119","2026-03-10T04:37:12.565Z","high"
"0708d6a5-c79a-4f28-9fde-b7126a5c7252","1b68fd5f-9f20-4301-8668-4ceee0a13e08","78e80fb2-46e0-4aeb-949f-19214fd69754","SNYK-JS-LODASH-608086","2026-03-10T04:37:12.565Z","high"
"0708d6a5-c79a-4f28-9fde-b7126a5c7252","1b68fd5f-9f20-4301-8668-4ceee0a13e08","78e80fb2-46e0-4aeb-949f-19214fd69754","SNYK-JS-QS-15268416","2026-03-10T04:37:12.565Z","high"
"0708d6a5-c79a-4f28-9fde-b7126a5c7252","1b68fd5f-9f20-4301-8668-4ceee0a13e08","78e80fb2-46e0-4aeb-949f-19214fd69754","SNYK-JS-TAR-15416075","2026-03-10T04:37:12.565Z","high"
"0708d6a5-c79a-4f28-9fde-b7126a5c7252","1b68fd5f-9f20-4301-8668-4ceee0a13e08","78e80fb2-46e0-4aeb-949f-19214fd69754","SNYK-JS-UNSETVALUE-2400660","2026-03-10T04:37:12.565Z","high"
"0708d6a5-c79a-4f28-9fde-b7126a5c7252","1b68fd5f-9f20-4301-8668-4ceee0a13e08","78e80fb2-46e0-4aeb-949f-19214fd69754","SNYK-JS-LODASH-6139239","2026-03-10T04:37:12.565Z","high"
"0708d6a5-c79a-4f28-9fde-b7126a5c7252","1b68fd5f-9f20-4301-8668-4ceee0a13e08","78e80fb2-46e0-4aeb-949f-19214fd69754","SNYK-JS-SEMVER-3247795","2026-03-10T04:37:12.565Z","high"
"0708d6a5-c79a-4f28-9fde-b7126a5c7252","1b68fd5f-9f20-4301-8668-4ceee0a13e08","e007ccca-89b2-4e8b-99f2-71a24175ff01","SNYK-JS-MULTER-15365916","2026-03-10T04:40:30.253Z","high"
"0708d6a5-c79a-4f28-9fde-b7126a5c7252","1b68fd5f-9f20-4301-8668-4ceee0a13e08","e007ccca-89b2-4e8b-99f2-71a24175ff01","SNYK-JS-TAR-1536531","2026-03-10T04:40:30.253Z","high"
"0708d6a5-c79a-4f28-9fde-b7126a5c7252","1b68fd5f-9f20-4301-8668-4ceee0a13e08","e007ccca-89b2-4e8b-99f2-71a24175ff01","SNYK-JS-MULTER-10773732","2026-03-10T04:40:30.253Z","high"
"0708d6a5-c79a-4f28-9fde-b7126a5c7252","1b68fd5f-9f20-4301-8668-4ceee0a13e08","e007ccca-89b2-4e8b-99f2-71a24175ff01","SNYK-JS-AJV-15274295","2026-03-10T04:40:30.253Z","high"
"0708d6a5-c79a-4f28-9fde-b7126a5c7252","1b68fd5f-9f20-4301-8668-4ceee0a13e08","e007ccca-89b2-4e8b-99f2-71a24175ff01","SNYK-JS-TARFS-10293725","2026-03-10T04:40:30.253Z","high"
"0708d6a5-c79a-4f28-9fde-b7126a5c7252","1b68fd5f-9f20-4301-8668-4ceee0a13e08","e007ccca-89b2-4e8b-99f2-71a24175ff01","SNYK-JS-MINIMATCH-15353389","2026-03-10T04:40:30.253Z","high"
"0708d6a5-c79a-4f28-9fde-b7126a5c7252","1b68fd5f-9f20-4301-8668-4ceee0a13e08","e007ccca-89b2-4e8b-99f2-71a24175ff01","SNYK-JS-DECODEURICOMPONENT-3149970","2026-03-10T04:40:30.253Z","high"
"0708d6a5-c79a-4f28-9fde-b7126a5c7252","1b68fd5f-9f20-4301-8668-4ceee0a13e08","e007ccca-89b2-4e8b-99f2-71a24175ff01","snyk:lic:npm:fuzzball:GPL-2.0","2026-03-10T04:40:30.253Z","high"
"0708d6a5-c79a-4f28-9fde-b7126a5c7252","1b68fd5f-9f20-4301-8668-4ceee0a13e08","e007ccca-89b2-4e8b-99f2-71a24175ff01","SNYK-JS-BRACES-6838727","2026-03-10T04:40:30.253Z","high"
"0708d6a5-c79a-4f28-9fde-b7126a5c7252","1b68fd5f-9f20-4301-8668-4ceee0a13e08","e007ccca-89b2-4e8b-99f2-71a24175ff01","SNYK-JS-TAR-1579155","2026-03-10T04:40:30.253Z","high"
"0708d6a5-c79a-4f28-9fde-b7126a5c7252","1b68fd5f-9f20-4301-8668-4ceee0a13e08","e007ccca-89b2-4e8b-99f2-71a24175ff01","SNYK-JS-DOTTIE-3332763","2026-03-10T04:40:30.253Z","high"
"0708d6a5-c79a-4f28-9fde-b7126a5c7252","1b68fd5f-9f20-4301-8668-4ceee0a13e08","e007ccca-89b2-4e8b-99f2-71a24175ff01","SNYK-JS-ANSIREGEX-1583908","2026-03-10T04:40:30.253Z","high"
"0708d6a5-c79a-4f28-9fde-b7126a5c7252","1b68fd5f-9f20-4301-8668-4ceee0a13e08","e007ccca-89b2-4e8b-99f2-71a24175ff01","SNYK-JS-MOUT-2342654","2026-03-10T04:40:30.253Z","high"
"0708d6a5-c79a-4f28-9fde-b7126a5c7252","1b68fd5f-9f20-4301-8668-4ceee0a13e08","e007ccca-89b2-4e8b-99f2-71a24175ff01","SNYK-JS-LODASH-1040724","2026-03-10T04:40:30.253Z","high"
"0708d6a5-c79a-4f28-9fde-b7126a5c7252","1b68fd5f-9f20-4301-8668-4ceee0a13e08","e007ccca-89b2-4e8b-99f2-71a24175ff01","npm:underscore.string:20170908","2026-03-10T04:40:30.253Z","high"
"0708d6a5-c79a-4f28-9fde-b7126a5c7252","1b68fd5f-9f20-4301-8668-4ceee0a13e08","e007ccca-89b2-4e8b-99f2-71a24175ff01","SNYK-JS-PUGCODEGEN-7086056","2026-03-10T04:40:30.253Z","high"
"0708d6a5-c79a-4f28-9fde-b7126a5c7252","1b68fd5f-9f20-4301-8668-4ceee0a13e08","e007ccca-89b2-4e8b-99f2-71a24175ff01","SNYK-JS-MULTER-15417528","2026-03-10T04:40:30.253Z","high"
"0708d6a5-c79a-4f28-9fde-b7126a5c7252","1b68fd5f-9f20-4301-8668-4ceee0a13e08","e007ccca-89b2-4e8b-99f2-71a24175ff01","SNYK-JS-SOCKETIO-7278048","2026-03-10T04:40:30.253Z","high"
"0708d6a5-c79a-4f28-9fde-b7126a5c7252","1b68fd5f-9f20-4301-8668-4ceee0a13e08","e007ccca-89b2-4e8b-99f2-71a24175ff01","SNYK-JS-TARFS-9535930","2026-03-10T04:40:30.253Z","high"
"0708d6a5-c79a-4f28-9fde-b7126a5c7252","1b68fd5f-9f20-4301-8668-4ceee0a13e08","e007ccca-89b2-4e8b-99f2-71a24175ff01","SNYK-JS-SEQUELIZE-3324088","2026-03-10T04:40:30.253Z","high"
"0708d6a5-c79a-4f28-9fde-b7126a5c7252","1b68fd5f-9f20-4301-8668-4ceee0a13e08","e007ccca-89b2-4e8b-99f2-71a24175ff01","SNYK-JS-LODASH-6139239","2026-03-10T04:40:30.253Z","high"
"0708d6a5-c79a-4f28-9fde-b7126a5c7252","1b68fd5f-9f20-4301-8668-4ceee0a13e08","e007ccca-89b2-4e8b-99f2-71a24175ff01","SNYK-JS-MULTER-10185673","2026-03-10T04:40:30.253Z","high"
"0708d6a5-c79a-4f28-9fde-b7126a5c7252","1b68fd5f-9f20-4301-8668-4ceee0a13e08","e007ccca-89b2-4e8b-99f2-71a24175ff01","SNYK-JS-ENGINEIO-3136336","2026-03-10T04:40:30.253Z","high"
"0708d6a5-c79a-4f28-9fde-b7126a5c7252","1b68fd5f-9f20-4301-8668-4ceee0a13e08","e007ccca-89b2-4e8b-99f2-71a24175ff01","SNYK-JS-TAR-1579147","2026-03-10T04:40:30.253Z","high"
"0708d6a5-c79a-4f28-9fde-b7126a5c7252","1b68fd5f-9f20-4301-8668-4ceee0a13e08","e007ccca-89b2-4e8b-99f2-71a24175ff01","SNYK-JS-LODASH-450202","2026-03-10T04:40:30.253Z","high"
"0708d6a5-c79a-4f28-9fde-b7126a5c7252","1b68fd5f-9f20-4301-8668-4ceee0a13e08","e007ccca-89b2-4e8b-99f2-71a24175ff01","SNYK-JS-ES5EXT-6095076","2026-03-10T04:40:30.253Z","high"
"0708d6a5-c79a-4f28-9fde-b7126a5c7252","1b68fd5f-9f20-4301-8668-4ceee0a13e08","e007ccca-89b2-4e8b-99f2-71a24175ff01","SNYK-JS-TAR-1579152","2026-03-10T04:40:30.253Z","high"
"0708d6a5-c79a-4f28-9fde-b7126a5c7252","1b68fd5f-9f20-4301-8668-4ceee0a13e08","e007ccca-89b2-4e8b-99f2-71a24175ff01","SNYK-JS-BODYPARSER-7926860","2026-03-10T04:40:30.253Z","high"
"0708d6a5-c79a-4f28-9fde-b7126a5c7252","1b68fd5f-9f20-4301-8668-4ceee0a13e08","e007ccca-89b2-4e8b-99f2-71a24175ff01","SNYK-JS-JWS-14188253","2026-03-10T04:40:30.253Z","high"
"0708d6a5-c79a-4f28-9fde-b7126a5c7252","1b68fd5f-9f20-4301-8668-4ceee0a13e08","e007ccca-89b2-4e8b-99f2-71a24175ff01","SNYK-JS-CRYPTOJS-6028119","2026-03-10T04:40:30.253Z","high"
"0708d6a5-c79a-4f28-9fde-b7126a5c7252","1b68fd5f-9f20-4301-8668-4ceee0a13e08","e007ccca-89b2-4e8b-99f2-71a24175ff01","SNYK-JS-DICER-2311764","2026-03-10T04:40:30.253Z","high"
"0708d6a5-c79a-4f28-9fde-b7126a5c7252","1b68fd5f-9f20-4301-8668-4ceee0a13e08","e007ccca-89b2-4e8b-99f2-71a24175ff01","SNYK-JS-SIMPLEGET-2361683","2026-03-10T04:40:30.253Z","high"
"0708d6a5-c79a-4f28-9fde-b7126a5c7252","1b68fd5f-9f20-4301-8668-4ceee0a13e08","e007ccca-89b2-4e8b-99f2-71a24175ff01","SNYK-JS-ENGINEIO-1056749","2026-03-10T04:40:30.253Z","high"
"0708d6a5-c79a-4f28-9fde-b7126a5c7252","1b68fd5f-9f20-4301-8668-4ceee0a13e08","e007ccca-89b2-4e8b-99f2-71a24175ff01","SNYK-JS-TAR-15416075","2026-03-10T04:40:30.253Z","high"
"0708d6a5-c79a-4f28-9fde-b7126a5c7252","1b68fd5f-9f20-4301-8668-4ceee0a13e08","e007ccca-89b2-4e8b-99f2-71a24175ff01","SNYK-JS-MOMENT-2440688","2026-03-10T04:40:30.253Z","high"
"0708d6a5-c79a-4f28-9fde-b7126a5c7252","1b68fd5f-9f20-4301-8668-4ceee0a13e08","e007ccca-89b2-4e8b-99f2-71a24175ff01","SNYK-JS-LIBXMLJS2-6808810","2026-03-10T04:40:30.253Z","high"
"0708d6a5-c79a-4f28-9fde-b7126a5c7252","1b68fd5f-9f20-4301-8668-4ceee0a13e08","e007ccca-89b2-4e8b-99f2-71a24175ff01","SNYK-JS-ASYNC-2441827","2026-03-10T04:40:30.253Z","high"
"0708d6a5-c79a-4f28-9fde-b7126a5c7252","1b68fd5f-9f20-4301-8668-4ceee0a13e08","e007ccca-89b2-4e8b-99f2-71a24175ff01","SNYK-JS-LODASH-73638","2026-03-10T04:40:30.253Z","high"
"0708d6a5-c79a-4f28-9fde-b7126a5c7252","1b68fd5f-9f20-4301-8668-4ceee0a13e08","e007ccca-89b2-4e8b-99f2-71a24175ff01","SNYK-JS-MINIMATCH-15309438","2026-03-10T04:40:30.253Z","high"
"0708d6a5-c79a-4f28-9fde-b7126a5c7252","1b68fd5f-9f20-4301-8668-4ceee0a13e08","e007ccca-89b2-4e8b-99f2-71a24175ff01","SNYK-JS-UNSETVALUE-2400660","2026-03-10T04:40:30.253Z","high"
"0708d6a5-c79a-4f28-9fde-b7126a5c7252","1b68fd5f-9f20-4301-8668-4ceee0a13e08","e007ccca-89b2-4e8b-99f2-71a24175ff01","SNYK-JS-SQLITE3-3358947","2026-03-10T04:40:30.253Z","high"
"0708d6a5-c79a-4f28-9fde-b7126a5c7252","1b68fd5f-9f20-4301-8668-4ceee0a13e08","e007ccca-89b2-4e8b-99f2-71a24175ff01","SNYK-JS-SEMVER-3247795","2026-03-10T04:40:30.253Z","high"
"0708d6a5-c79a-4f28-9fde-b7126a5c7252","1b68fd5f-9f20-4301-8668-4ceee0a13e08","e007ccca-89b2-4e8b-99f2-71a24175ff01","SNYK-JS-SOCKETIOPARSER-5596892","2026-03-10T04:40:30.253Z","high"
"0708d6a5-c79a-4f28-9fde-b7126a5c7252","1b68fd5f-9f20-4301-8668-4ceee0a13e08","e007ccca-89b2-4e8b-99f2-71a24175ff01","SNYK-JS-MOMENT-2944238","2026-03-10T04:40:30.253Z","high"
"0708d6a5-c79a-4f28-9fde-b7126a5c7252","1b68fd5f-9f20-4301-8668-4ceee0a13e08","e007ccca-89b2-4e8b-99f2-71a24175ff01","SNYK-JS-WS-7266574","2026-03-10T04:40:30.253Z","high"
"0708d6a5-c79a-4f28-9fde-b7126a5c7252","1b68fd5f-9f20-4301-8668-4ceee0a13e08","e007ccca-89b2-4e8b-99f2-71a24175ff01","SNYK-JS-SEQUELIZE-2959225","2026-03-10T04:40:30.253Z","high"
"0708d6a5-c79a-4f28-9fde-b7126a5c7252","1b68fd5f-9f20-4301-8668-4ceee0a13e08","e007ccca-89b2-4e8b-99f2-71a24175ff01","SNYK-JS-VALIDATOR-13653476","2026-03-10T04:40:30.253Z","high"
"0708d6a5-c79a-4f28-9fde-b7126a5c7252","1b68fd5f-9f20-4301-8668-4ceee0a13e08","e007ccca-89b2-4e8b-99f2-71a24175ff01","SNYK-JS-LODASH-608086","2026-03-10T04:40:30.253Z","high"
"0708d6a5-c79a-4f28-9fde-b7126a5c7252","1b68fd5f-9f20-4301-8668-4ceee0a13e08","e007ccca-89b2-4e8b-99f2-71a24175ff01","SNYK-JS-TAR-15307072","2026-03-10T04:40:30.253Z","high"
"0708d6a5-c79a-4f28-9fde-b7126a5c7252","1b68fd5f-9f20-4301-8668-4ceee0a13e08","e007ccca-89b2-4e8b-99f2-71a24175ff01","SNYK-JS-MULTER-15365918","2026-03-10T04:40:30.253Z","high"
"0708d6a5-c79a-4f28-9fde-b7126a5c7252","1b68fd5f-9f20-4301-8668-4ceee0a13e08","e007ccca-89b2-4e8b-99f2-71a24175ff01","SNYK-JS-QS-3153490","2026-03-10T04:40:30.253Z","high"
"0708d6a5-c79a-4f28-9fde-b7126a5c7252","1b68fd5f-9f20-4301-8668-4ceee0a13e08","e007ccca-89b2-4e8b-99f2-71a24175ff01","SNYK-JS-SQLITE3-2388645","2026-03-10T04:40:30.253Z","high"
"0708d6a5-c79a-4f28-9fde-b7126a5c7252","1b68fd5f-9f20-4301-8668-4ceee0a13e08","e007ccca-89b2-4e8b-99f2-71a24175ff01","SNYK-JS-VM2-15116160","2026-03-10T04:40:30.253Z","high"
"0708d6a5-c79a-4f28-9fde-b7126a5c7252","1b68fd5f-9f20-4301-8668-4ceee0a13e08","e007ccca-89b2-4e8b-99f2-71a24175ff01","SNYK-JS-MULTER-10185675","2026-03-10T04:40:30.253Z","high"
"0708d6a5-c79a-4f28-9fde-b7126a5c7252","1b68fd5f-9f20-4301-8668-4ceee0a13e08","e007ccca-89b2-4e8b-99f2-71a24175ff01","SNYK-JS-LIBXMLJS2-6808816","2026-03-10T04:40:30.253Z","high"
"0708d6a5-c79a-4f28-9fde-b7126a5c7252","1b68fd5f-9f20-4301-8668-4ceee0a13e08","e007ccca-89b2-4e8b-99f2-71a24175ff01","SNYK-JS-QS-15268416","2026-03-10T04:40:30.253Z","high"
"0708d6a5-c79a-4f28-9fde-b7126a5c7252","1b68fd5f-9f20-4301-8668-4ceee0a13e08","e007ccca-89b2-4e8b-99f2-71a24175ff01","SNYK-JS-QS-14724253","2026-03-10T04:40:30.253Z","high"
"0708d6a5-c79a-4f28-9fde-b7126a5c7252","1b68fd5f-9f20-4301-8668-4ceee0a13e08","e007ccca-89b2-4e8b-99f2-71a24175ff01","SNYK-JS-TAR-1536528","2026-03-10T04:40:30.253Z","high"
"0708d6a5-c79a-4f28-9fde-b7126a5c7252","1b68fd5f-9f20-4301-8668-4ceee0a13e08","e007ccca-89b2-4e8b-99f2-71a24175ff01","SNYK-JS-LODASHSET-1320032","2026-03-10T04:40:30.253Z","high"
"0708d6a5-c79a-4f28-9fde-b7126a5c7252","1b68fd5f-9f20-4301-8668-4ceee0a13e08","e007ccca-89b2-4e8b-99f2-71a24175ff01","SNYK-JS-SEQUELIZE-15456219","2026-03-13T12:05:35.112Z","high"
"0708d6a5-c79a-4f28-9fde-b7126a5c7252","1b68fd5f-9f20-4301-8668-4ceee0a13e08","e007ccca-89b2-4e8b-99f2-71a24175ff01","SNYK-JS-TAR-15456201","2026-03-13T12:05:35.112Z","high"
"0708d6a5-c79a-4f28-9fde-b7126a5c7252","1b68fd5f-9f20-4301-8668-4ceee0a13e08","78e80fb2-46e0-4aeb-949f-19214fd69754","SNYK-JS-TAR-15456201","2026-03-13T13:54:56.823Z","high"
"0708d6a5-c79a-4f28-9fde-b7126a5c7252","1b68fd5f-9f20-4301-8668-4ceee0a13e08","78e80fb2-46e0-4aeb-949f-19214fd69754","SNYK-JS-SEQUELIZE-15456219","2026-03-13T13:54:56.823Z","high"
"0708d6a5-c79a-4f28-9fde-b7126a5c7252","1b68fd5f-9f20-4301-8668-4ceee0a13e08","78e80fb2-46e0-4aeb-949f-19214fd69754","SNYK-JS-SOCKETIOPARSER-15680278","2026-03-19T11:12:13.493Z","high"
"0708d6a5-c79a-4f28-9fde-b7126a5c7252","1b68fd5f-9f20-4301-8668-4ceee0a13e08","e007ccca-89b2-4e8b-99f2-71a24175ff01","SNYK-JS-SOCKETIOPARSER-15680278","2026-03-19T11:21:16.55Z","high"
"0708d6a5-c79a-4f28-9fde-b7126a5c7252","1b68fd5f-9f20-4301-8668-4ceee0a13e08","b10fea16-5cc3-4893-975a-74b3d6628542","SNYK-JS-MIXINDEEP-450212","2026-03-20T01:11:13.065Z","high"
"0708d6a5-c79a-4f28-9fde-b7126a5c7252","1b68fd5f-9f20-4301-8668-4ceee0a13e08","b10fea16-5cc3-4893-975a-74b3d6628542","SNYK-JS-MINIMATCH-15309438","2026-03-20T01:11:13.065Z","high"
"0708d6a5-c79a-4f28-9fde-b7126a5c7252","1b68fd5f-9f20-4301-8668-4ceee0a13e08","b10fea16-5cc3-4893-975a-74b3d6628542","SNYK-JS-SETVALUE-1540541","2026-03-20T01:11:13.065Z","high"
"0708d6a5-c79a-4f28-9fde-b7126a5c7252","1b68fd5f-9f20-4301-8668-4ceee0a13e08","b10fea16-5cc3-4893-975a-74b3d6628542","SNYK-JS-BRACES-6838727","2026-03-20T01:11:13.065Z","high"
"0708d6a5-c79a-4f28-9fde-b7126a5c7252","1b68fd5f-9f20-4301-8668-4ceee0a13e08","b10fea16-5cc3-4893-975a-74b3d6628542","SNYK-JS-MONGOOSE-8623536","2026-03-20T01:11:13.065Z","high"
"0708d6a5-c79a-4f28-9fde-b7126a5c7252","1b68fd5f-9f20-4301-8668-4ceee0a13e08","b10fea16-5cc3-4893-975a-74b3d6628542","SNYK-JS-MONGODB-473855","2026-03-20T01:11:13.065Z","high"
"0708d6a5-c79a-4f28-9fde-b7126a5c7252","1b68fd5f-9f20-4301-8668-4ceee0a13e08","b10fea16-5cc3-4893-975a-74b3d6628542","SNYK-JS-LODASH-6139239","2026-03-20T01:11:13.065Z","high"
"0708d6a5-c79a-4f28-9fde-b7126a5c7252","1b68fd5f-9f20-4301-8668-4ceee0a13e08","b10fea16-5cc3-4893-975a-74b3d6628542","SNYK-JS-EXPRESSFILEUPLOAD-473997","2026-03-20T01:11:13.065Z","high"
"0708d6a5-c79a-4f28-9fde-b7126a5c7252","1b68fd5f-9f20-4301-8668-4ceee0a13e08","b10fea16-5cc3-4893-975a-74b3d6628542","SNYK-JS-MOMENT-2440688","2026-03-20T01:11:13.065Z","high"
"0708d6a5-c79a-4f28-9fde-b7126a5c7252","1b68fd5f-9f20-4301-8668-4ceee0a13e08","b10fea16-5cc3-4893-975a-74b3d6628542","SNYK-JS-HANDLEBARS-469063","2026-03-20T01:11:13.065Z","high"
"0708d6a5-c79a-4f28-9fde-b7126a5c7252","1b68fd5f-9f20-4301-8668-4ceee0a13e08","b10fea16-5cc3-4893-975a-74b3d6628542","SNYK-JS-MONGOOSE-8446504","2026-03-20T01:11:13.065Z","high"
"0708d6a5-c79a-4f28-9fde-b7126a5c7252","1b68fd5f-9f20-4301-8668-4ceee0a13e08","b10fea16-5cc3-4893-975a-74b3d6628542","npm:negotiator:20160616","2026-03-20T01:11:13.065Z","high"
"0708d6a5-c79a-4f28-9fde-b7126a5c7252","1b68fd5f-9f20-4301-8668-4ceee0a13e08","b10fea16-5cc3-4893-975a-74b3d6628542","SNYK-JS-CROSSSPAWN-8303230","2026-03-20T01:11:13.065Z","high"
"0708d6a5-c79a-4f28-9fde-b7126a5c7252","1b68fd5f-9f20-4301-8668-4ceee0a13e08","b10fea16-5cc3-4893-975a-74b3d6628542","SNYK-JS-LODASH-608086","2026-03-20T01:11:13.065Z","high"
"0708d6a5-c79a-4f28-9fde-b7126a5c7252","1b68fd5f-9f20-4301-8668-4ceee0a13e08","b10fea16-5cc3-4893-975a-74b3d6628542","npm:marked:20170815","2026-03-20T01:11:13.065Z","high"
"0708d6a5-c79a-4f28-9fde-b7126a5c7252","1b68fd5f-9f20-4301-8668-4ceee0a13e08","b10fea16-5cc3-4893-975a-74b3d6628542","SNYK-JS-QS-14724253","2026-03-20T01:11:13.065Z","high"
"0708d6a5-c79a-4f28-9fde-b7126a5c7252","1b68fd5f-9f20-4301-8668-4ceee0a13e08","b10fea16-5cc3-4893-975a-74b3d6628542","SNYK-JS-HANDLEBARS-174183","2026-03-20T01:11:13.065Z","high"
"0708d6a5-c79a-4f28-9fde-b7126a5c7252","1b68fd5f-9f20-4301-8668-4ceee0a13e08","b10fea16-5cc3-4893-975a-74b3d6628542","SNYK-JS-AJV-584908","2026-03-20T01:11:13.065Z","high"
"0708d6a5-c79a-4f28-9fde-b7126a5c7252","1b68fd5f-9f20-4301-8668-4ceee0a13e08","b10fea16-5cc3-4893-975a-74b3d6628542","SNYK-JS-HANDLEBARS-173692","2026-03-20T01:11:13.065Z","high"
"0708d6a5-c79a-4f28-9fde-b7126a5c7252","1b68fd5f-9f20-4301-8668-4ceee0a13e08","b10fea16-5cc3-4893-975a-74b3d6628542","SNYK-JS-MINIMATCH-15353389","2026-03-20T01:11:13.065Z","high"
"0708d6a5-c79a-4f28-9fde-b7126a5c7252","1b68fd5f-9f20-4301-8668-4ceee0a13e08","b10fea16-5cc3-4893-975a-74b3d6628542","SNYK-JS-UNDERSCORE-15369786","2026-03-20T01:11:13.065Z","high"
"0708d6a5-c79a-4f28-9fde-b7126a5c7252","1b68fd5f-9f20-4301-8668-4ceee0a13e08","b10fea16-5cc3-4893-975a-74b3d6628542","npm:marked:20150520","2026-03-20T01:11:13.065Z","high"
"0708d6a5-c79a-4f28-9fde-b7126a5c7252","1b68fd5f-9f20-4301-8668-4ceee0a13e08","b10fea16-5cc3-4893-975a-74b3d6628542","SNYK-JS-AJV-15274295","2026-03-20T01:11:13.065Z","high"
"0708d6a5-c79a-4f28-9fde-b7126a5c7252","1b68fd5f-9f20-4301-8668-4ceee0a13e08","b10fea16-5cc3-4893-975a-74b3d6628542","SNYK-JS-MONGOOSE-2961688","2026-03-20T01:11:13.065Z","high"
"0708d6a5-c79a-4f28-9fde-b7126a5c7252","1b68fd5f-9f20-4301-8668-4ceee0a13e08","b10fea16-5cc3-4893-975a-74b3d6628542","SNYK-JS-ASYNC-2441827","2026-03-20T01:11:13.065Z","high"
"0708d6a5-c79a-4f28-9fde-b7126a5c7252","1b68fd5f-9f20-4301-8668-4ceee0a13e08","b10fea16-5cc3-4893-975a-74b3d6628542","SNYK-JS-Y18N-1021887","2026-03-20T01:11:13.065Z","high"
"0708d6a5-c79a-4f28-9fde-b7126a5c7252","1b68fd5f-9f20-4301-8668-4ceee0a13e08","b10fea16-5cc3-4893-975a-74b3d6628542","SNYK-JS-LODASH-73638","2026-03-20T01:11:13.065Z","high"
"0708d6a5-c79a-4f28-9fde-b7126a5c7252","1b68fd5f-9f20-4301-8668-4ceee0a13e08","b10fea16-5cc3-4893-975a-74b3d6628542","npm:npmconf:20180512","2026-03-20T01:11:13.065Z","high"
"0708d6a5-c79a-4f28-9fde-b7126a5c7252","1b68fd5f-9f20-4301-8668-4ceee0a13e08","b10fea16-5cc3-4893-975a-74b3d6628542","npm:marked:20170112","2026-03-20T01:11:13.065Z","high"
"0708d6a5-c79a-4f28-9fde-b7126a5c7252","1b68fd5f-9f20-4301-8668-4ceee0a13e08","b10fea16-5cc3-4893-975a-74b3d6628542","SNYK-JS-DICER-2311764","2026-03-20T01:11:13.065Z","high"
"0708d6a5-c79a-4f28-9fde-b7126a5c7252","1b68fd5f-9f20-4301-8668-4ceee0a13e08","b10fea16-5cc3-4893-975a-74b3d6628542","SNYK-JS-DECODEURICOMPONENT-3149970","2026-03-20T01:11:13.065Z","high"
"0708d6a5-c79a-4f28-9fde-b7126a5c7252","1b68fd5f-9f20-4301-8668-4ceee0a13e08","b10fea16-5cc3-4893-975a-74b3d6628542","npm:dustjs-linkedin:20160819","2026-03-20T01:11:13.065Z","high"
"0708d6a5-c79a-4f28-9fde-b7126a5c7252","1b68fd5f-9f20-4301-8668-4ceee0a13e08","b10fea16-5cc3-4893-975a-74b3d6628542","SNYK-JS-ANSIREGEX-1583908","2026-03-20T01:11:13.065Z","high"
"0708d6a5-c79a-4f28-9fde-b7126a5c7252","1b68fd5f-9f20-4301-8668-4ceee0a13e08","b10fea16-5cc3-4893-975a-74b3d6628542","SNYK-JS-UNSETVALUE-2400660","2026-03-20T01:11:13.065Z","high"
"0708d6a5-c79a-4f28-9fde-b7126a5c7252","1b68fd5f-9f20-4301-8668-4ceee0a13e08","b10fea16-5cc3-4893-975a-74b3d6628542","npm:marked:20170907","2026-03-20T01:11:13.065Z","high"
"0708d6a5-c79a-4f28-9fde-b7126a5c7252","1b68fd5f-9f20-4301-8668-4ceee0a13e08","b10fea16-5cc3-4893-975a-74b3d6628542","SNYK-JS-DUSTJSLINKEDIN-1089257","2026-03-20T01:11:13.065Z","high"
"0708d6a5-c79a-4f28-9fde-b7126a5c7252","1b68fd5f-9f20-4301-8668-4ceee0a13e08","b10fea16-5cc3-4893-975a-74b3d6628542","SNYK-JS-LODASH-450202","2026-03-20T01:11:13.065Z","high"
"0708d6a5-c79a-4f28-9fde-b7126a5c7252","1b68fd5f-9f20-4301-8668-4ceee0a13e08","b10fea16-5cc3-4893-975a-74b3d6628542","SNYK-JS-BL-608877","2026-03-20T01:11:13.065Z","high"
"0708d6a5-c79a-4f28-9fde-b7126a5c7252","1b68fd5f-9f20-4301-8668-4ceee0a13e08","b10fea16-5cc3-4893-975a-74b3d6628542","SNYK-JS-MONGOOSE-5777721","2026-03-20T01:11:13.065Z","high"
"0708d6a5-c79a-4f28-9fde-b7126a5c7252","1b68fd5f-9f20-4301-8668-4ceee0a13e08","b10fea16-5cc3-4893-975a-74b3d6628542","SNYK-JS-SEMVER-3247795","2026-03-20T01:11:13.065Z","high"
"0708d6a5-c79a-4f28-9fde-b7126a5c7252","1b68fd5f-9f20-4301-8668-4ceee0a13e08","b10fea16-5cc3-4893-975a-74b3d6628542","SNYK-JS-EXPRESSFILEUPLOAD-595969","2026-03-20T01:11:13.065Z","high"
"0708d6a5-c79a-4f28-9fde-b7126a5c7252","1b68fd5f-9f20-4301-8668-4ceee0a13e08","b10fea16-5cc3-4893-975a-74b3d6628542","SNYK-JS-TYPEORM-590152","2026-03-20T01:11:13.065Z","high"
"0708d6a5-c79a-4f28-9fde-b7126a5c7252","1b68fd5f-9f20-4301-8668-4ceee0a13e08","b10fea16-5cc3-4893-975a-74b3d6628542","npm:qs:20170213","2026-03-20T01:11:13.065Z","high"
"0708d6a5-c79a-4f28-9fde-b7126a5c7252","1b68fd5f-9f20-4301-8668-4ceee0a13e08","b10fea16-5cc3-4893-975a-74b3d6628542","npm:ejs:20161128","2026-03-20T01:11:13.065Z","high"
"0708d6a5-c79a-4f28-9fde-b7126a5c7252","1b68fd5f-9f20-4301-8668-4ceee0a13e08","b10fea16-5cc3-4893-975a-74b3d6628542","SNYK-JS-MQUERY-1089718","2026-03-20T01:11:13.065Z","high"
"0708d6a5-c79a-4f28-9fde-b7126a5c7252","1b68fd5f-9f20-4301-8668-4ceee0a13e08","b10fea16-5cc3-4893-975a-74b3d6628542","SNYK-JS-MQUERY-1050858","2026-03-20T01:11:13.065Z","high"
"0708d6a5-c79a-4f28-9fde-b7126a5c7252","1b68fd5f-9f20-4301-8668-4ceee0a13e08","b10fea16-5cc3-4893-975a-74b3d6628542","SNYK-JS-JSONSCHEMA-1920922","2026-03-20T01:11:13.065Z","high"
"0708d6a5-c79a-4f28-9fde-b7126a5c7252","1b68fd5f-9f20-4301-8668-4ceee0a13e08","b10fea16-5cc3-4893-975a-74b3d6628542","SNYK-JS-LODASH-567746","2026-03-20T01:11:13.065Z","high"
"0708d6a5-c79a-4f28-9fde-b7126a5c7252","1b68fd5f-9f20-4301-8668-4ceee0a13e08","b10fea16-5cc3-4893-975a-74b3d6628542","SNYK-JS-SETVALUE-450213","2026-03-20T01:11:13.065Z","high"
"0708d6a5-c79a-4f28-9fde-b7126a5c7252","1b68fd5f-9f20-4301-8668-4ceee0a13e08","b10fea16-5cc3-4893-975a-74b3d6628542","SNYK-JS-HANDLEBARS-1056767","2026-03-20T01:11:13.065Z","high"
"0708d6a5-c79a-4f28-9fde-b7126a5c7252","1b68fd5f-9f20-4301-8668-4ceee0a13e08","b10fea16-5cc3-4893-975a-74b3d6628542","SNYK-JS-HANDLEBARS-480388","2026-03-20T01:11:13.065Z","high"
"0708d6a5-c79a-4f28-9fde-b7126a5c7252","1b68fd5f-9f20-4301-8668-4ceee0a13e08","b10fea16-5cc3-4893-975a-74b3d6628542","SNYK-JS-LODASH-1040724","2026-03-20T01:11:13.065Z","high"
"0708d6a5-c79a-4f28-9fde-b7126a5c7252","1b68fd5f-9f20-4301-8668-4ceee0a13e08","b10fea16-5cc3-4893-975a-74b3d6628542","SNYK-JS-INI-1048974","2026-03-20T01:11:13.065Z","high"
"0708d6a5-c79a-4f28-9fde-b7126a5c7252","1b68fd5f-9f20-4301-8668-4ceee0a13e08","b10fea16-5cc3-4893-975a-74b3d6628542","SNYK-JS-KERBEROS-568900","2026-03-20T01:11:13.065Z","high"
"0708d6a5-c79a-4f28-9fde-b7126a5c7252","1b68fd5f-9f20-4301-8668-4ceee0a13e08","b10fea16-5cc3-4893-975a-74b3d6628542","npm:fresh:20170908","2026-03-20T01:11:13.065Z","high"
"0708d6a5-c79a-4f28-9fde-b7126a5c7252","1b68fd5f-9f20-4301-8668-4ceee0a13e08","b10fea16-5cc3-4893-975a-74b3d6628542","npm:marked:20180225","2026-03-20T01:11:13.065Z","high"
"0708d6a5-c79a-4f28-9fde-b7126a5c7252","1b68fd5f-9f20-4301-8668-4ceee0a13e08","b10fea16-5cc3-4893-975a-74b3d6628542","SNYK-JS-BODYPARSER-7926860","2026-03-20T01:11:13.065Z","high"
"0708d6a5-c79a-4f28-9fde-b7126a5c7252","1b68fd5f-9f20-4301-8668-4ceee0a13e08","b10fea16-5cc3-4893-975a-74b3d6628542","SNYK-JS-QS-3153490","2026-03-20T01:11:13.065Z","high"
"0708d6a5-c79a-4f28-9fde-b7126a5c7252","1b68fd5f-9f20-4301-8668-4ceee0a13e08","b10fea16-5cc3-4893-975a-74b3d6628542","SNYK-JS-ADMZIP-1065796","2026-03-20T01:11:13.065Z","high"
"0708d6a5-c79a-4f28-9fde-b7126a5c7252","1b68fd5f-9f20-4301-8668-4ceee0a13e08","b10fea16-5cc3-4893-975a-74b3d6628542","SNYK-JS-EJS-2803307","2026-03-20T01:11:13.065Z","high"
"0708d6a5-c79a-4f28-9fde-b7126a5c7252","1b68fd5f-9f20-4301-8668-4ceee0a13e08","b10fea16-5cc3-4893-975a-74b3d6628542","SNYK-JS-HANDLEBARS-534478","2026-03-20T01:11:13.065Z","high"
"0708d6a5-c79a-4f28-9fde-b7126a5c7252","1b68fd5f-9f20-4301-8668-4ceee0a13e08","b10fea16-5cc3-4893-975a-74b3d6628542","SNYK-JS-VALIDATOR-13653476","2026-03-20T01:11:13.065Z","high"
"0708d6a5-c79a-4f28-9fde-b7126a5c7252","1b68fd5f-9f20-4301-8668-4ceee0a13e08","312ec90d-9125-4544-b7fa-ebedb685d1b7","SNYK-DEBIAN11-LIBXML2-8738026","2026-03-20T01:11:16.423Z","high"
"0708d6a5-c79a-4f28-9fde-b7126a5c7252","1b68fd5f-9f20-4301-8668-4ceee0a13e08","312ec90d-9125-4544-b7fa-ebedb685d1b7","SNYK-DEBIAN11-LIBXML2-10345641","2026-03-20T01:11:16.423Z","high"
"0708d6a5-c79a-4f28-9fde-b7126a5c7252","1b68fd5f-9f20-4301-8668-4ceee0a13e08","312ec90d-9125-4544-b7fa-ebedb685d1b7","SNYK-DEBIAN11-PERL-6085272","2026-03-20T01:11:16.423Z","high"
"0708d6a5-c79a-4f28-9fde-b7126a5c7252","1b68fd5f-9f20-4301-8668-4ceee0a13e08","312ec90d-9125-4544-b7fa-ebedb685d1b7","SNYK-DEBIAN11-PYTHON39-15435623","2026-03-20T01:11:16.423Z","high"
"0708d6a5-c79a-4f28-9fde-b7126a5c7252","1b68fd5f-9f20-4301-8668-4ceee0a13e08","312ec90d-9125-4544-b7fa-ebedb685d1b7","SNYK-DEBIAN11-CURL-3366762","2026-03-20T01:11:16.423Z","high"
"0708d6a5-c79a-4f28-9fde-b7126a5c7252","1b68fd5f-9f20-4301-8668-4ceee0a13e08","312ec90d-9125-4544-b7fa-ebedb685d1b7","SNYK-DEBIAN11-LIBDE265-6070698","2026-03-20T01:11:16.423Z","high"
"0708d6a5-c79a-4f28-9fde-b7126a5c7252","1b68fd5f-9f20-4301-8668-4ceee0a13e08","312ec90d-9125-4544-b7fa-ebedb685d1b7","SNYK-DEBIAN11-LIBDE265-1585966","2026-03-20T01:11:16.423Z","high"
"0708d6a5-c79a-4f28-9fde-b7126a5c7252","1b68fd5f-9f20-4301-8668-4ceee0a13e08","312ec90d-9125-4544-b7fa-ebedb685d1b7","SNYK-DEBIAN11-IMAGEMAGICK-15044364","2026-03-20T01:11:16.423Z","high"
"0708d6a5-c79a-4f28-9fde-b7126a5c7252","1b68fd5f-9f20-4301-8668-4ceee0a13e08","312ec90d-9125-4544-b7fa-ebedb685d1b7","SNYK-DEBIAN11-GNUTLS28-6159419","2026-03-20T01:11:16.423Z","high"
"0708d6a5-c79a-4f28-9fde-b7126a5c7252","1b68fd5f-9f20-4301-8668-4ceee0a13e08","312ec90d-9125-4544-b7fa-ebedb685d1b7","SNYK-DEBIAN11-SQLITE3-1569419","2026-03-20T01:11:16.423Z","high"
"0708d6a5-c79a-4f28-9fde-b7126a5c7252","1b68fd5f-9f20-4301-8668-4ceee0a13e08","312ec90d-9125-4544-b7fa-ebedb685d1b7","SNYK-DEBIAN11-POSTGRESQL13-6239516","2026-03-20T01:11:16.423Z","high"
"0708d6a5-c79a-4f28-9fde-b7126a5c7252","1b68fd5f-9f20-4301-8668-4ceee0a13e08","312ec90d-9125-4544-b7fa-ebedb685d1b7","SNYK-DEBIAN11-IMAGEMAGICK-15452467","2026-03-20T01:11:16.423Z","high"
"0708d6a5-c79a-4f28-9fde-b7126a5c7252","1b68fd5f-9f20-4301-8668-4ceee0a13e08","312ec90d-9125-4544-b7fa-ebedb685d1b7","SNYK-DEBIAN11-IMAGEMAGICK-14725516","2026-03-20T01:11:16.423Z","high"
"0708d6a5-c79a-4f28-9fde-b7126a5c7252","1b68fd5f-9f20-4301-8668-4ceee0a13e08","312ec90d-9125-4544-b7fa-ebedb685d1b7","SNYK-DEBIAN11-POSTGRESQL13-5519349","2026-03-20T01:11:16.423Z","high"
"0708d6a5-c79a-4f28-9fde-b7126a5c7252","1b68fd5f-9f20-4301-8668-4ceee0a13e08","312ec90d-9125-4544-b7fa-ebedb685d1b7","SNYK-DEBIAN11-IMAGEMAGICK-2928981","2026-03-20T01:11:16.423Z","high"
"0708d6a5-c79a-4f28-9fde-b7126a5c7252","1b68fd5f-9f20-4301-8668-4ceee0a13e08","312ec90d-9125-4544-b7fa-ebedb685d1b7","SNYK-DEBIAN11-LIBXML2-9673942","2026-03-20T01:11:16.423Z","high"
"0708d6a5-c79a-4f28-9fde-b7126a5c7252","1b68fd5f-9f20-4301-8668-4ceee0a13e08","312ec90d-9125-4544-b7fa-ebedb685d1b7","SNYK-DEBIAN11-IMAGEMAGICK-1312915","2026-03-20T01:11:16.423Z","high"
"0708d6a5-c79a-4f28-9fde-b7126a5c7252","1b68fd5f-9f20-4301-8668-4ceee0a13e08","312ec90d-9125-4544-b7fa-ebedb685d1b7","SNYK-DEBIAN11-GIT-2635965","2026-03-20T01:11:16.423Z","high"
"0708d6a5-c79a-4f28-9fde-b7126a5c7252","1b68fd5f-9f20-4301-8668-4ceee0a13e08","312ec90d-9125-4544-b7fa-ebedb685d1b7","SNYK-DEBIAN11-IMAGEMAGICK-1246262","2026-03-20T01:11:16.423Z","high"
"0708d6a5-c79a-4f28-9fde-b7126a5c7252","1b68fd5f-9f20-4301-8668-4ceee0a13e08","312ec90d-9125-4544-b7fa-ebedb685d1b7","SNYK-DEBIAN11-IMAGEMAGICK-14725511","2026-03-20T01:11:16.423Z","high"
"0708d6a5-c79a-4f28-9fde-b7126a5c7252","1b68fd5f-9f20-4301-8668-4ceee0a13e08","312ec90d-9125-4544-b7fa-ebedb685d1b7","SNYK-DEBIAN11-NCURSES-2767191","2026-03-20T01:11:16.423Z","high"
"0708d6a5-c79a-4f28-9fde-b7126a5c7252","1b68fd5f-9f20-4301-8668-4ceee0a13e08","312ec90d-9125-4544-b7fa-ebedb685d1b7","SNYK-DEBIAN11-CURL-3066040","2026-03-20T01:11:16.423Z","high"
"0708d6a5-c79a-4f28-9fde-b7126a5c7252","1b68fd5f-9f20-4301-8668-4ceee0a13e08","312ec90d-9125-4544-b7fa-ebedb685d1b7","SNYK-DEBIAN11-IMAGEMAGICK-11808490","2026-03-20T01:11:16.423Z","high"
"0708d6a5-c79a-4f28-9fde-b7126a5c7252","1b68fd5f-9f20-4301-8668-4ceee0a13e08","312ec90d-9125-4544-b7fa-ebedb685d1b7","SNYK-DEBIAN11-LIBPNG16-14921828","2026-03-20T01:11:16.423Z","high"
"0708d6a5-c79a-4f28-9fde-b7126a5c7252","1b68fd5f-9f20-4301-8668-4ceee0a13e08","312ec90d-9125-4544-b7fa-ebedb685d1b7","SNYK-DEBIAN11-PERL-5489191","2026-03-20T01:11:16.423Z","high"
"0708d6a5-c79a-4f28-9fde-b7126a5c7252","1b68fd5f-9f20-4301-8668-4ceee0a13e08","312ec90d-9125-4544-b7fa-ebedb685d1b7","SNYK-DEBIAN11-GIT-6846189","2026-03-20T01:11:16.423Z","high"
"0708d6a5-c79a-4f28-9fde-b7126a5c7252","1b68fd5f-9f20-4301-8668-4ceee0a13e08","312ec90d-9125-4544-b7fa-ebedb685d1b7","SNYK-DEBIAN11-PERL-1925976","2026-03-20T01:11:16.423Z","high"
"0708d6a5-c79a-4f28-9fde-b7126a5c7252","1b68fd5f-9f20-4301-8668-4ceee0a13e08","312ec90d-9125-4544-b7fa-ebedb685d1b7","SNYK-DEBIAN11-TIFF-5747600","2026-03-20T01:11:16.423Z","high"
"0708d6a5-c79a-4f28-9fde-b7126a5c7252","1b68fd5f-9f20-4301-8668-4ceee0a13e08","312ec90d-9125-4544-b7fa-ebedb685d1b7","SNYK-DEBIAN11-CURL-3179181","2026-03-20T01:11:16.423Z","high"
"0708d6a5-c79a-4f28-9fde-b7126a5c7252","1b68fd5f-9f20-4301-8668-4ceee0a13e08","312ec90d-9125-4544-b7fa-ebedb685d1b7","SNYK-DEBIAN11-LIBWEBP-5893094","2026-03-20T01:11:16.423Z","high"
"0708d6a5-c79a-4f28-9fde-b7126a5c7252","1b68fd5f-9f20-4301-8668-4ceee0a13e08","312ec90d-9125-4544-b7fa-ebedb685d1b7","SNYK-DEBIAN11-LIBPNG16-15253610","2026-03-20T01:11:16.423Z","high"
"0708d6a5-c79a-4f28-9fde-b7126a5c7252","1b68fd5f-9f20-4301-8668-4ceee0a13e08","312ec90d-9125-4544-b7fa-ebedb685d1b7","SNYK-DEBIAN11-LIBHEIF-8224947","2026-03-20T01:11:16.423Z","high"
"0708d6a5-c79a-4f28-9fde-b7126a5c7252","1b68fd5f-9f20-4301-8668-4ceee0a13e08","312ec90d-9125-4544-b7fa-ebedb685d1b7","SNYK-DEBIAN11-CURL-3366772","2026-03-20T01:11:16.423Z","high"
"0708d6a5-c79a-4f28-9fde-b7126a5c7252","1b68fd5f-9f20-4301-8668-4ceee0a13e08","312ec90d-9125-4544-b7fa-ebedb685d1b7","SNYK-DEBIAN11-TIFF-6190609","2026-03-20T01:11:16.423Z","high"
"0708d6a5-c79a-4f28-9fde-b7126a5c7252","1b68fd5f-9f20-4301-8668-4ceee0a13e08","312ec90d-9125-4544-b7fa-ebedb685d1b7","SNYK-DEBIAN11-SQLITE3-6139925","2026-03-20T01:11:16.423Z","high"
"0708d6a5-c79a-4f28-9fde-b7126a5c7252","1b68fd5f-9f20-4301-8668-4ceee0a13e08","312ec90d-9125-4544-b7fa-ebedb685d1b7","SNYK-DEBIAN11-PYTHON39-3092471","2026-03-20T01:11:16.423Z","high"
"0708d6a5-c79a-4f28-9fde-b7126a5c7252","1b68fd5f-9f20-4301-8668-4ceee0a13e08","312ec90d-9125-4544-b7fa-ebedb685d1b7","SNYK-DEBIAN11-LIBXML2-8732580","2026-03-20T01:11:16.423Z","high"
"0708d6a5-c79a-4f28-9fde-b7126a5c7252","1b68fd5f-9f20-4301-8668-4ceee0a13e08","312ec90d-9125-4544-b7fa-ebedb685d1b7","SNYK-DEBIAN11-GNUTLS28-3318299","2026-03-20T01:11:16.423Z","high"
"0708d6a5-c79a-4f28-9fde-b7126a5c7252","1b68fd5f-9f20-4301-8668-4ceee0a13e08","312ec90d-9125-4544-b7fa-ebedb685d1b7","SNYK-DEBIAN11-LIBXSLT-9407505","2026-03-20T01:11:16.423Z","high"
"0708d6a5-c79a-4f28-9fde-b7126a5c7252","1b68fd5f-9f20-4301-8668-4ceee0a13e08","312ec90d-9125-4544-b7fa-ebedb685d1b7","SNYK-DEBIAN11-GIT-537128","2026-03-20T01:11:16.423Z","high"
"0708d6a5-c79a-4f28-9fde-b7126a5c7252","1b68fd5f-9f20-4301-8668-4ceee0a13e08","312ec90d-9125-4544-b7fa-ebedb685d1b7","SNYK-DEBIAN11-ICU-10254388","2026-03-20T01:11:16.423Z","high"
"0708d6a5-c79a-4f28-9fde-b7126a5c7252","1b68fd5f-9f20-4301-8668-4ceee0a13e08","312ec90d-9125-4544-b7fa-ebedb685d1b7","SNYK-DEBIAN11-GNUTLS28-6159417","2026-03-20T01:11:16.423Z","high"
"0708d6a5-c79a-4f28-9fde-b7126a5c7252","1b68fd5f-9f20-4301-8668-4ceee0a13e08","312ec90d-9125-4544-b7fa-ebedb685d1b7","SNYK-DEBIAN11-LIBXSLT-9407509","2026-03-20T01:11:16.423Z","high"
"0708d6a5-c79a-4f28-9fde-b7126a5c7252","1b68fd5f-9f20-4301-8668-4ceee0a13e08","312ec90d-9125-4544-b7fa-ebedb685d1b7","SNYK-DEBIAN11-IMAGEMAGICK-15339620","2026-03-20T01:11:16.423Z","high"
"0708d6a5-c79a-4f28-9fde-b7126a5c7252","1b68fd5f-9f20-4301-8668-4ceee0a13e08","312ec90d-9125-4544-b7fa-ebedb685d1b7","SNYK-DEBIAN11-IMAGEMAGICK-15339570","2026-03-20T01:11:16.423Z","high"
"0708d6a5-c79a-4f28-9fde-b7126a5c7252","1b68fd5f-9f20-4301-8668-4ceee0a13e08","312ec90d-9125-4544-b7fa-ebedb685d1b7","SNYK-DEBIAN11-GIT-6846210","2026-03-20T01:11:16.423Z","high"
"0708d6a5-c79a-4f28-9fde-b7126a5c7252","1b68fd5f-9f20-4301-8668-4ceee0a13e08","312ec90d-9125-4544-b7fa-ebedb685d1b7","SNYK-DEBIAN11-IMAGEMAGICK-15339540","2026-03-20T01:11:16.423Z","high"
"0708d6a5-c79a-4f28-9fde-b7126a5c7252","1b68fd5f-9f20-4301-8668-4ceee0a13e08","312ec90d-9125-4544-b7fa-ebedb685d1b7","SNYK-DEBIAN11-DAV1D-6252758","2026-03-20T01:11:16.423Z","high"
"0708d6a5-c79a-4f28-9fde-b7126a5c7252","1b68fd5f-9f20-4301-8668-4ceee0a13e08","312ec90d-9125-4544-b7fa-ebedb685d1b7","SNYK-DEBIAN11-OPENSSL-3368735","2026-03-20T01:11:16.423Z","high"
"0708d6a5-c79a-4f28-9fde-b7126a5c7252","1b68fd5f-9f20-4301-8668-4ceee0a13e08","312ec90d-9125-4544-b7fa-ebedb685d1b7","SNYK-DEBIAN11-IMAGEMAGICK-10752985","2026-03-20T01:11:16.423Z","high"
"0708d6a5-c79a-4f28-9fde-b7126a5c7252","1b68fd5f-9f20-4301-8668-4ceee0a13e08","312ec90d-9125-4544-b7fa-ebedb685d1b7","SNYK-DEBIAN11-IMAGEMAGICK-15339544","2026-03-20T01:11:16.423Z","high"
"0708d6a5-c79a-4f28-9fde-b7126a5c7252","1b68fd5f-9f20-4301-8668-4ceee0a13e08","312ec90d-9125-4544-b7fa-ebedb685d1b7","SNYK-DEBIAN11-IMAGEMAGICK-15339636","2026-03-20T01:11:16.423Z","high"
"0708d6a5-c79a-4f28-9fde-b7126a5c7252","1b68fd5f-9f20-4301-8668-4ceee0a13e08","312ec90d-9125-4544-b7fa-ebedb685d1b7","SNYK-DEBIAN11-EXPAT-6227598","2026-03-20T01:11:16.423Z","high"
"0708d6a5-c79a-4f28-9fde-b7126a5c7252","1b68fd5f-9f20-4301-8668-4ceee0a13e08","312ec90d-9125-4544-b7fa-ebedb685d1b7","SNYK-DEBIAN11-GNUPG2-14723303","2026-03-20T01:11:16.423Z","high"
"0708d6a5-c79a-4f28-9fde-b7126a5c7252","1b68fd5f-9f20-4301-8668-4ceee0a13e08","312ec90d-9125-4544-b7fa-ebedb685d1b7","SNYK-DEBIAN11-LIBDE265-2359240","2026-03-20T01:11:16.423Z","high"
"0708d6a5-c79a-4f28-9fde-b7126a5c7252","1b68fd5f-9f20-4301-8668-4ceee0a13e08","312ec90d-9125-4544-b7fa-ebedb685d1b7","SNYK-DEBIAN11-IMAGEMAGICK-2812515","2026-03-20T01:11:16.423Z","high"
"0708d6a5-c79a-4f28-9fde-b7126a5c7252","1b68fd5f-9f20-4301-8668-4ceee0a13e08","312ec90d-9125-4544-b7fa-ebedb685d1b7","SNYK-DEBIAN11-TIFF-3113871","2026-03-20T01:11:16.423Z","high"
"0708d6a5-c79a-4f28-9fde-b7126a5c7252","1b68fd5f-9f20-4301-8668-4ceee0a13e08","312ec90d-9125-4544-b7fa-ebedb685d1b7","SNYK-DEBIAN11-PYTHON39-3325303","2026-03-20T01:11:16.423Z","high"
"0708d6a5-c79a-4f28-9fde-b7126a5c7252","1b68fd5f-9f20-4301-8668-4ceee0a13e08","312ec90d-9125-4544-b7fa-ebedb685d1b7","SNYK-DEBIAN11-SYSTEMD-6277512","2026-03-20T01:11:16.423Z","high"
"0708d6a5-c79a-4f28-9fde-b7126a5c7252","1b68fd5f-9f20-4301-8668-4ceee0a13e08","312ec90d-9125-4544-b7fa-ebedb685d1b7","SNYK-DEBIAN11-GNUTLS28-10690988","2026-03-20T01:11:16.423Z","high"
"0708d6a5-c79a-4f28-9fde-b7126a5c7252","1b68fd5f-9f20-4301-8668-4ceee0a13e08","312ec90d-9125-4544-b7fa-ebedb685d1b7","SNYK-DEBIAN11-OPENSSL-3314604","2026-03-20T01:11:16.423Z","high"
"0708d6a5-c79a-4f28-9fde-b7126a5c7252","1b68fd5f-9f20-4301-8668-4ceee0a13e08","312ec90d-9125-4544-b7fa-ebedb685d1b7","SNYK-DEBIAN11-GIT-3051727","2026-03-20T01:11:16.423Z","high"
"0708d6a5-c79a-4f28-9fde-b7126a5c7252","1b68fd5f-9f20-4301-8668-4ceee0a13e08","312ec90d-9125-4544-b7fa-ebedb685d1b7","SNYK-DEBIAN11-PYTHON39-1570176","2026-03-20T01:11:16.423Z","high"
"0708d6a5-c79a-4f28-9fde-b7126a5c7252","1b68fd5f-9f20-4301-8668-4ceee0a13e08","312ec90d-9125-4544-b7fa-ebedb685d1b7","SNYK-DEBIAN11-OPENJPEG2-1301277","2026-03-20T01:11:16.423Z","high"
"0708d6a5-c79a-4f28-9fde-b7126a5c7252","1b68fd5f-9f20-4301-8668-4ceee0a13e08","312ec90d-9125-4544-b7fa-ebedb685d1b7","SNYK-DEBIAN11-LIBDE265-3361564","2026-03-20T01:11:16.423Z","high"
"0708d6a5-c79a-4f28-9fde-b7126a5c7252","1b68fd5f-9f20-4301-8668-4ceee0a13e08","312ec90d-9125-4544-b7fa-ebedb685d1b7","SNYK-DEBIAN11-IMAGEMAGICK-2928988","2026-03-20T01:11:16.423Z","high"
"0708d6a5-c79a-4f28-9fde-b7126a5c7252","1b68fd5f-9f20-4301-8668-4ceee0a13e08","312ec90d-9125-4544-b7fa-ebedb685d1b7","SNYK-DEBIAN11-IMAGEMAGICK-15339577","2026-03-20T01:11:16.423Z","high"
"0708d6a5-c79a-4f28-9fde-b7126a5c7252","1b68fd5f-9f20-4301-8668-4ceee0a13e08","312ec90d-9125-4544-b7fa-ebedb685d1b7","SNYK-DEBIAN11-PYTHON39-7707945","2026-03-20T01:11:16.423Z","high"
"0708d6a5-c79a-4f28-9fde-b7126a5c7252","1b68fd5f-9f20-4301-8668-4ceee0a13e08","312ec90d-9125-4544-b7fa-ebedb685d1b7","SNYK-DEBIAN11-GIT-8622742","2026-03-20T01:11:16.423Z","high"
"0708d6a5-c79a-4f28-9fde-b7126a5c7252","1b68fd5f-9f20-4301-8668-4ceee0a13e08","312ec90d-9125-4544-b7fa-ebedb685d1b7","SNYK-DEBIAN11-LIBHEIF-3331227","2026-03-20T01:11:16.423Z","high"
"0708d6a5-c79a-4f28-9fde-b7126a5c7252","1b68fd5f-9f20-4301-8668-4ceee0a13e08","312ec90d-9125-4544-b7fa-ebedb685d1b7","SNYK-DEBIAN11-IMAGEMAGICK-2928984","2026-03-20T01:11:16.423Z","high"
"0708d6a5-c79a-4f28-9fde-b7126a5c7252","1b68fd5f-9f20-4301-8668-4ceee0a13e08","312ec90d-9125-4544-b7fa-ebedb685d1b7","SNYK-DEBIAN11-IMAGEMAGICK-15358608","2026-03-20T01:11:16.423Z","high"
"0708d6a5-c79a-4f28-9fde-b7126a5c7252","1b68fd5f-9f20-4301-8668-4ceee0a13e08","312ec90d-9125-4544-b7fa-ebedb685d1b7","SNYK-DEBIAN11-OPENSSH-1660415","2026-03-20T01:11:16.423Z","high"
"0708d6a5-c79a-4f28-9fde-b7126a5c7252","1b68fd5f-9f20-4301-8668-4ceee0a13e08","312ec90d-9125-4544-b7fa-ebedb685d1b7","SNYK-DEBIAN11-POSTGRESQL13-7654157","2026-03-20T01:11:16.423Z","high"
"0708d6a5-c79a-4f28-9fde-b7126a5c7252","1b68fd5f-9f20-4301-8668-4ceee0a13e08","312ec90d-9125-4544-b7fa-ebedb685d1b7","SNYK-DEBIAN11-GIT-5461943","2026-03-20T01:11:16.423Z","high"
"0708d6a5-c79a-4f28-9fde-b7126a5c7252","1b68fd5f-9f20-4301-8668-4ceee0a13e08","312ec90d-9125-4544-b7fa-ebedb685d1b7","SNYK-DEBIAN11-POSTGRESQL13-5838224","2026-03-20T01:11:16.423Z","high"
"0708d6a5-c79a-4f28-9fde-b7126a5c7252","1b68fd5f-9f20-4301-8668-4ceee0a13e08","312ec90d-9125-4544-b7fa-ebedb685d1b7","SNYK-DEBIAN11-AOM-2309719","2026-03-20T01:11:16.423Z","high"
"0708d6a5-c79a-4f28-9fde-b7126a5c7252","1b68fd5f-9f20-4301-8668-4ceee0a13e08","312ec90d-9125-4544-b7fa-ebedb685d1b7","SNYK-DEBIAN11-SYSTEMD-6277510","2026-03-20T01:11:16.423Z","high"
"0708d6a5-c79a-4f28-9fde-b7126a5c7252","1b68fd5f-9f20-4301-8668-4ceee0a13e08","312ec90d-9125-4544-b7fa-ebedb685d1b7","SNYK-DEBIAN11-LIBDE265-6105346","2026-03-20T01:11:16.423Z","high"
"0708d6a5-c79a-4f28-9fde-b7126a5c7252","1b68fd5f-9f20-4301-8668-4ceee0a13e08","312ec90d-9125-4544-b7fa-ebedb685d1b7","SNYK-DEBIAN11-GIT-2949145","2026-03-20T01:11:16.423Z","high"
"0708d6a5-c79a-4f28-9fde-b7126a5c7252","1b68fd5f-9f20-4301-8668-4ceee0a13e08","312ec90d-9125-4544-b7fa-ebedb685d1b7","SNYK-DEBIAN11-LIBDE265-3342951","2026-03-20T01:11:16.423Z","high"
"0708d6a5-c79a-4f28-9fde-b7126a5c7252","1b68fd5f-9f20-4301-8668-4ceee0a13e08","312ec90d-9125-4544-b7fa-ebedb685d1b7","SNYK-DEBIAN11-GLIBC-5927133","2026-03-20T01:11:16.423Z","high"
"0708d6a5-c79a-4f28-9fde-b7126a5c7252","1b68fd5f-9f20-4301-8668-4ceee0a13e08","312ec90d-9125-4544-b7fa-ebedb685d1b7","SNYK-DEBIAN11-PYTHON39-14157076","2026-03-20T01:11:16.423Z","high"
"0708d6a5-c79a-4f28-9fde-b7126a5c7252","1b68fd5f-9f20-4301-8668-4ceee0a13e08","312ec90d-9125-4544-b7fa-ebedb685d1b7","SNYK-DEBIAN11-LIBXML2-8663286","2026-03-20T01:11:16.423Z","high"
"0708d6a5-c79a-4f28-9fde-b7126a5c7252","1b68fd5f-9f20-4301-8668-4ceee0a13e08","312ec90d-9125-4544-b7fa-ebedb685d1b7","SNYK-DEBIAN11-PYTHON39-8305720","2026-03-20T01:11:16.423Z","high"
"0708d6a5-c79a-4f28-9fde-b7126a5c7252","1b68fd5f-9f20-4301-8668-4ceee0a13e08","312ec90d-9125-4544-b7fa-ebedb685d1b7","SNYK-DEBIAN11-IMAGEMAGICK-15339526","2026-03-20T01:11:16.423Z","high"
"0708d6a5-c79a-4f28-9fde-b7126a5c7252","1b68fd5f-9f20-4301-8668-4ceee0a13e08","312ec90d-9125-4544-b7fa-ebedb685d1b7","SNYK-DEBIAN11-GDKPIXBUF-10663979","2026-03-20T01:11:16.423Z","high"
"0708d6a5-c79a-4f28-9fde-b7126a5c7252","1b68fd5f-9f20-4301-8668-4ceee0a13e08","312ec90d-9125-4544-b7fa-ebedb685d1b7","SNYK-DEBIAN11-LIBXSLT-10691006","2026-03-20T01:11:16.423Z","high"
"0708d6a5-c79a-4f28-9fde-b7126a5c7252","1b68fd5f-9f20-4301-8668-4ceee0a13e08","312ec90d-9125-4544-b7fa-ebedb685d1b7","SNYK-DEBIAN11-GIT-5461949","2026-03-20T01:11:16.423Z","high"
"0708d6a5-c79a-4f28-9fde-b7126a5c7252","1b68fd5f-9f20-4301-8668-4ceee0a13e08","312ec90d-9125-4544-b7fa-ebedb685d1b7","SNYK-DEBIAN11-LIBPNG16-14921831","2026-03-20T01:11:16.423Z","high"
"0708d6a5-c79a-4f28-9fde-b7126a5c7252","1b68fd5f-9f20-4301-8668-4ceee0a13e08","312ec90d-9125-4544-b7fa-ebedb685d1b7","SNYK-DEBIAN11-LIBDE265-3342948","2026-03-20T01:11:16.423Z","high"
"0708d6a5-c79a-4f28-9fde-b7126a5c7252","1b68fd5f-9f20-4301-8668-4ceee0a13e08","312ec90d-9125-4544-b7fa-ebedb685d1b7","SNYK-DEBIAN11-LIBXML2-6227804","2026-03-20T01:11:16.423Z","high"
"0708d6a5-c79a-4f28-9fde-b7126a5c7252","1b68fd5f-9f20-4301-8668-4ceee0a13e08","312ec90d-9125-4544-b7fa-ebedb685d1b7","SNYK-DEBIAN11-GIT-6846205","2026-03-20T01:11:16.423Z","high"
"0708d6a5-c79a-4f28-9fde-b7126a5c7252","1b68fd5f-9f20-4301-8668-4ceee0a13e08","312ec90d-9125-4544-b7fa-ebedb685d1b7","SNYK-DEBIAN11-LIBSSH2-5861756","2026-03-20T01:11:16.423Z","high"
"0708d6a5-c79a-4f28-9fde-b7126a5c7252","1b68fd5f-9f20-4301-8668-4ceee0a13e08","312ec90d-9125-4544-b7fa-ebedb685d1b7","SNYK-DEBIAN11-PYTHON39-2388383","2026-03-20T01:11:16.423Z","high"
"0708d6a5-c79a-4f28-9fde-b7126a5c7252","1b68fd5f-9f20-4301-8668-4ceee0a13e08","312ec90d-9125-4544-b7fa-ebedb685d1b7","SNYK-DEBIAN11-GLIB20-5670987","2026-03-20T01:11:16.423Z","high"
"0708d6a5-c79a-4f28-9fde-b7126a5c7252","1b68fd5f-9f20-4301-8668-4ceee0a13e08","312ec90d-9125-4544-b7fa-ebedb685d1b7","SNYK-DEBIAN11-GDKPIXBUF-6207389","2026-03-20T01:11:16.423Z","high"
"0708d6a5-c79a-4f28-9fde-b7126a5c7252","1b68fd5f-9f20-4301-8668-4ceee0a13e08","312ec90d-9125-4544-b7fa-ebedb685d1b7","SNYK-DEBIAN11-GNUTLS28-10690986","2026-03-20T01:11:16.423Z","high"
"0708d6a5-c79a-4f28-9fde-b7126a5c7252","1b68fd5f-9f20-4301-8668-4ceee0a13e08","312ec90d-9125-4544-b7fa-ebedb685d1b7","SNYK-DEBIAN11-PAM-10378967","2026-03-20T01:11:16.423Z","high"
"0708d6a5-c79a-4f28-9fde-b7126a5c7252","1b68fd5f-9f20-4301-8668-4ceee0a13e08","312ec90d-9125-4544-b7fa-ebedb685d1b7","SNYK-DEBIAN11-TIFF-13019604","2026-03-20T01:11:16.423Z","high"
"0708d6a5-c79a-4f28-9fde-b7126a5c7252","1b68fd5f-9f20-4301-8668-4ceee0a13e08","312ec90d-9125-4544-b7fa-ebedb685d1b7","SNYK-DEBIAN11-PYTHON39-3111117","2026-03-20T01:11:16.423Z","high"
"0708d6a5-c79a-4f28-9fde-b7126a5c7252","1b68fd5f-9f20-4301-8668-4ceee0a13e08","312ec90d-9125-4544-b7fa-ebedb685d1b7","SNYK-DEBIAN11-IMAGEMAGICK-12202814","2026-03-20T01:11:16.423Z","high"
"0708d6a5-c79a-4f28-9fde-b7126a5c7252","1b68fd5f-9f20-4301-8668-4ceee0a13e08","312ec90d-9125-4544-b7fa-ebedb685d1b7","SNYK-DEBIAN11-EXPAT-7855508","2026-03-20T01:11:16.423Z","high"
"0708d6a5-c79a-4f28-9fde-b7126a5c7252","1b68fd5f-9f20-4301-8668-4ceee0a13e08","312ec90d-9125-4544-b7fa-ebedb685d1b7","SNYK-DEBIAN11-PYTHON39-2764968","2026-03-20T01:11:16.423Z","high"
"0708d6a5-c79a-4f28-9fde-b7126a5c7252","1b68fd5f-9f20-4301-8668-4ceee0a13e08","312ec90d-9125-4544-b7fa-ebedb685d1b7","SNYK-DEBIAN11-IMAGEMAGICK-1244104","2026-03-20T01:11:16.423Z","high"
"0708d6a5-c79a-4f28-9fde-b7126a5c7252","1b68fd5f-9f20-4301-8668-4ceee0a13e08","312ec90d-9125-4544-b7fa-ebedb685d1b7","SNYK-DEBIAN11-IMAGEMAGICK-15339500","2026-03-20T01:11:16.423Z","high"
"0708d6a5-c79a-4f28-9fde-b7126a5c7252","1b68fd5f-9f20-4301-8668-4ceee0a13e08","312ec90d-9125-4544-b7fa-ebedb685d1b7","SNYK-DEBIAN11-IMAGEMAGICK-5858556","2026-03-20T01:11:16.423Z","high"
"0708d6a5-c79a-4f28-9fde-b7126a5c7252","1b68fd5f-9f20-4301-8668-4ceee0a13e08","312ec90d-9125-4544-b7fa-ebedb685d1b7","SNYK-DEBIAN11-PYTHON39-3017608","2026-03-20T01:11:16.423Z","high"
"0708d6a5-c79a-4f28-9fde-b7126a5c7252","1b68fd5f-9f20-4301-8668-4ceee0a13e08","312ec90d-9125-4544-b7fa-ebedb685d1b7","SNYK-DEBIAN11-LIBWEBP-5489177","2026-03-20T01:11:16.423Z","high"
"0708d6a5-c79a-4f28-9fde-b7126a5c7252","1b68fd5f-9f20-4301-8668-4ceee0a13e08","312ec90d-9125-4544-b7fa-ebedb685d1b7","SNYK-DEBIAN11-LIBXML2-5747746","2026-03-20T01:11:16.423Z","high"
"0708d6a5-c79a-4f28-9fde-b7126a5c7252","1b68fd5f-9f20-4301-8668-4ceee0a13e08","312ec90d-9125-4544-b7fa-ebedb685d1b7","SNYK-DEBIAN11-LIBXML2-9747194","2026-03-20T01:11:16.423Z","high"
"0708d6a5-c79a-4f28-9fde-b7126a5c7252","1b68fd5f-9f20-4301-8668-4ceee0a13e08","312ec90d-9125-4544-b7fa-ebedb685d1b7","SNYK-DEBIAN11-OPENSSL-3314615","2026-03-20T01:11:16.423Z","high"
"0708d6a5-c79a-4f28-9fde-b7126a5c7252","1b68fd5f-9f20-4301-8668-4ceee0a13e08","312ec90d-9125-4544-b7fa-ebedb685d1b7","SNYK-DEBIAN11-TIFF-7642492","2026-03-20T01:11:16.423Z","high"
"0708d6a5-c79a-4f28-9fde-b7126a5c7252","1b68fd5f-9f20-4301-8668-4ceee0a13e08","312ec90d-9125-4544-b7fa-ebedb685d1b7","SNYK-DEBIAN11-OPENEXR-15424061","2026-03-20T01:11:16.423Z","high"
"0708d6a5-c79a-4f28-9fde-b7126a5c7252","1b68fd5f-9f20-4301-8668-4ceee0a13e08","312ec90d-9125-4544-b7fa-ebedb685d1b7","SNYK-DEBIAN11-IMAGEMAGICK-2441371","2026-03-20T01:11:16.423Z","high"
"0708d6a5-c79a-4f28-9fde-b7126a5c7252","1b68fd5f-9f20-4301-8668-4ceee0a13e08","312ec90d-9125-4544-b7fa-ebedb685d1b7","SNYK-DEBIAN11-IMAGEMAGICK-15339645","2026-03-20T01:11:16.423Z","high"
"0708d6a5-c79a-4f28-9fde-b7126a5c7252","1b68fd5f-9f20-4301-8668-4ceee0a13e08","312ec90d-9125-4544-b7fa-ebedb685d1b7","SNYK-DEBIAN11-LIBDE265-3227414","2026-03-20T01:11:16.423Z","high"
"0708d6a5-c79a-4f28-9fde-b7126a5c7252","1b68fd5f-9f20-4301-8668-4ceee0a13e08","312ec90d-9125-4544-b7fa-ebedb685d1b7","SNYK-DEBIAN11-PYTHON39-3032984","2026-03-20T01:11:16.423Z","high"
"0708d6a5-c79a-4f28-9fde-b7126a5c7252","1b68fd5f-9f20-4301-8668-4ceee0a13e08","312ec90d-9125-4544-b7fa-ebedb685d1b7","SNYK-DEBIAN11-LIBX11-5710893","2026-03-20T01:11:16.423Z","high"
"0708d6a5-c79a-4f28-9fde-b7126a5c7252","1b68fd5f-9f20-4301-8668-4ceee0a13e08","312ec90d-9125-4544-b7fa-ebedb685d1b7","SNYK-DEBIAN11-PYTHON39-7886326","2026-03-20T01:11:16.423Z","high"
"0708d6a5-c79a-4f28-9fde-b7126a5c7252","1b68fd5f-9f20-4301-8668-4ceee0a13e08","312ec90d-9125-4544-b7fa-ebedb685d1b7","SNYK-DEBIAN11-GIT-3319756","2026-03-20T01:11:16.423Z","high"
"0708d6a5-c79a-4f28-9fde-b7126a5c7252","1b68fd5f-9f20-4301-8668-4ceee0a13e08","312ec90d-9125-4544-b7fa-ebedb685d1b7","SNYK-DEBIAN11-OPENSSL-15123191","2026-03-20T01:11:16.423Z","high"
"0708d6a5-c79a-4f28-9fde-b7126a5c7252","1b68fd5f-9f20-4301-8668-4ceee0a13e08","312ec90d-9125-4544-b7fa-ebedb685d1b7","SNYK-DEBIAN11-IMAGEMAGICK-12202825","2026-03-20T01:11:16.423Z","high"
"0708d6a5-c79a-4f28-9fde-b7126a5c7252","1b68fd5f-9f20-4301-8668-4ceee0a13e08","312ec90d-9125-4544-b7fa-ebedb685d1b7","SNYK-DEBIAN11-POSTGRESQL13-8381234","2026-03-20T01:11:16.423Z","high"
"0708d6a5-c79a-4f28-9fde-b7126a5c7252","1b68fd5f-9f20-4301-8668-4ceee0a13e08","312ec90d-9125-4544-b7fa-ebedb685d1b7","SNYK-DEBIAN11-LIBX11-5927150","2026-03-20T01:11:16.423Z","high"
"0708d6a5-c79a-4f28-9fde-b7126a5c7252","1b68fd5f-9f20-4301-8668-4ceee0a13e08","312ec90d-9125-4544-b7fa-ebedb685d1b7","SNYK-DEBIAN11-LIBDE265-6105352","2026-03-20T01:11:16.423Z","high"
"0708d6a5-c79a-4f28-9fde-b7126a5c7252","1b68fd5f-9f20-4301-8668-4ceee0a13e08","312ec90d-9125-4544-b7fa-ebedb685d1b7","SNYK-DEBIAN11-IMAGEMAGICK-1246513","2026-03-20T01:11:16.423Z","high"
"0708d6a5-c79a-4f28-9fde-b7126a5c7252","1b68fd5f-9f20-4301-8668-4ceee0a13e08","312ec90d-9125-4544-b7fa-ebedb685d1b7","SNYK-DEBIAN11-IMAGEMAGICK-9802134","2026-03-20T01:11:16.423Z","high"
"0708d6a5-c79a-4f28-9fde-b7126a5c7252","1b68fd5f-9f20-4301-8668-4ceee0a13e08","312ec90d-9125-4544-b7fa-ebedb685d1b7","SNYK-DEBIAN11-LIBDE265-3336916","2026-03-20T01:11:16.423Z","high"
"0708d6a5-c79a-4f28-9fde-b7126a5c7252","1b68fd5f-9f20-4301-8668-4ceee0a13e08","312ec90d-9125-4544-b7fa-ebedb685d1b7","SNYK-DEBIAN11-AOM-2309736","2026-03-20T01:11:16.423Z","high"
"0708d6a5-c79a-4f28-9fde-b7126a5c7252","1b68fd5f-9f20-4301-8668-4ceee0a13e08","312ec90d-9125-4544-b7fa-ebedb685d1b7","SNYK-DEBIAN11-IMAGEMAGICK-13615063","2026-03-20T01:11:16.423Z","high"
"0708d6a5-c79a-4f28-9fde-b7126a5c7252","1b68fd5f-9f20-4301-8668-4ceee0a13e08","312ec90d-9125-4544-b7fa-ebedb685d1b7","SNYK-DEBIAN11-NGHTTP2-5953384","2026-03-20T01:11:16.423Z","high"
"0708d6a5-c79a-4f28-9fde-b7126a5c7252","1b68fd5f-9f20-4301-8668-4ceee0a13e08","312ec90d-9125-4544-b7fa-ebedb685d1b7","SNYK-DEBIAN11-LIBDE265-6105344","2026-03-20T01:11:16.423Z","high"
"0708d6a5-c79a-4f28-9fde-b7126a5c7252","1b68fd5f-9f20-4301-8668-4ceee0a13e08","312ec90d-9125-4544-b7fa-ebedb685d1b7","SNYK-DEBIAN11-FREETYPE-9402510","2026-03-20T01:11:16.423Z","high"
"0708d6a5-c79a-4f28-9fde-b7126a5c7252","1b68fd5f-9f20-4301-8668-4ceee0a13e08","312ec90d-9125-4544-b7fa-ebedb685d1b7","SNYK-DEBIAN11-GLIB20-14139021","2026-03-20T01:11:16.423Z","high"
"0708d6a5-c79a-4f28-9fde-b7126a5c7252","1b68fd5f-9f20-4301-8668-4ceee0a13e08","312ec90d-9125-4544-b7fa-ebedb685d1b7","SNYK-DEBIAN11-KRB5-7411320","2026-03-20T01:11:16.423Z","high"
"0708d6a5-c79a-4f28-9fde-b7126a5c7252","1b68fd5f-9f20-4301-8668-4ceee0a13e08","312ec90d-9125-4544-b7fa-ebedb685d1b7","SNYK-DEBIAN11-OPENSSL-3314584","2026-03-20T01:11:16.423Z","high"
"0708d6a5-c79a-4f28-9fde-b7126a5c7252","1b68fd5f-9f20-4301-8668-4ceee0a13e08","312ec90d-9125-4544-b7fa-ebedb685d1b7","SNYK-DEBIAN11-E2FSPROGS-2628459","2026-03-20T01:11:16.423Z","high"
"0708d6a5-c79a-4f28-9fde-b7126a5c7252","1b68fd5f-9f20-4301-8668-4ceee0a13e08","312ec90d-9125-4544-b7fa-ebedb685d1b7","SNYK-DEBIAN11-NCURSES-5421197","2026-03-20T01:11:16.423Z","high"
"0708d6a5-c79a-4f28-9fde-b7126a5c7252","1b68fd5f-9f20-4301-8668-4ceee0a13e08","312ec90d-9125-4544-b7fa-ebedb685d1b7","SNYK-DEBIAN11-IMAGEMAGICK-12202818","2026-03-20T01:11:16.423Z","high"
"0708d6a5-c79a-4f28-9fde-b7126a5c7252","1b68fd5f-9f20-4301-8668-4ceee0a13e08","312ec90d-9125-4544-b7fa-ebedb685d1b7","SNYK-DEBIAN11-POSTGRESQL13-6055641","2026-03-20T01:11:16.423Z","high"
"0708d6a5-c79a-4f28-9fde-b7126a5c7252","1b68fd5f-9f20-4301-8668-4ceee0a13e08","a0ed7807-6234-4b24-a12e-23d57dc0bfb5","d10ec92a-31a5-4bc2-9dab-a7d590c18aa8","2026-03-20T01:11:31.249Z","high"
"0708d6a5-c79a-4f28-9fde-b7126a5c7252","1b68fd5f-9f20-4301-8668-4ceee0a13e08","a0ed7807-6234-4b24-a12e-23d57dc0bfb5","2698cf7d-0072-47c3-a038-233f29543970","2026-03-20T01:11:31.249Z","high"
"0708d6a5-c79a-4f28-9fde-b7126a5c7252","1b68fd5f-9f20-4301-8668-4ceee0a13e08","a0ed7807-6234-4b24-a12e-23d57dc0bfb5","69e4b280-54c3-49a3-be31-e032305b87bd","2026-03-20T01:11:31.249Z","high"
"0708d6a5-c79a-4f28-9fde-b7126a5c7252","1b68fd5f-9f20-4301-8668-4ceee0a13e08","3b1d0caf-6e61-4726-92dc-bdc2a25faa02","SNYK-PYTHON-URLLIB3-14192442","2026-03-20T01:11:53.239Z","high"
"0708d6a5-c79a-4f28-9fde-b7126a5c7252","1b68fd5f-9f20-4301-8668-4ceee0a13e08","3b1d0caf-6e61-4726-92dc-bdc2a25faa02","SNYK-PYTHON-URLLIB3-14896210","2026-03-20T01:11:53.239Z","high"
"0708d6a5-c79a-4f28-9fde-b7126a5c7252","1b68fd5f-9f20-4301-8668-4ceee0a13e08","3b1d0caf-6e61-4726-92dc-bdc2a25faa02","SNYK-PYTHON-URLLIB3-14192443","2026-03-20T01:11:53.239Z","high"
"0708d6a5-c79a-4f28-9fde-b7126a5c7252","1b68fd5f-9f20-4301-8668-4ceee0a13e08","312ec90d-9125-4544-b7fa-ebedb685d1b7","SNYK-DEBIAN11-IMAGEMAGICK-15726873","2026-03-22T14:04:27.897Z","high"
"0708d6a5-c79a-4f28-9fde-b7126a5c7252","670f08fd-76e0-445b-914c-d5ab8905909d","a68bed7b-1294-40f4-8e1c-19173c9aa7f8","SNYK-DEBIAN11-DB53-2825168","2025-02-27T18:39:52.441Z","critical"
"0708d6a5-c79a-4f28-9fde-b7126a5c7252","670f08fd-76e0-445b-914c-d5ab8905909d","a68bed7b-1294-40f4-8e1c-19173c9aa7f8","SNYK-DEBIAN11-ZLIB-6008961","2025-02-27T18:39:52.441Z","critical"
"0708d6a5-c79a-4f28-9fde-b7126a5c7252","670f08fd-76e0-445b-914c-d5ab8905909d","a68bed7b-1294-40f4-8e1c-19173c9aa7f8","SNYK-DEBIAN11-KRB5-7411316","2025-02-27T18:39:52.441Z","critical"
"0708d6a5-c79a-4f28-9fde-b7126a5c7252","670f08fd-76e0-445b-914c-d5ab8905909d","a68bed7b-1294-40f4-8e1c-19173c9aa7f8","SNYK-DEBIAN11-CURL-3320493","2025-02-27T18:39:52.441Z","critical"
"0708d6a5-c79a-4f28-9fde-b7126a5c7252","670f08fd-76e0-445b-914c-d5ab8905909d","3ed4b65d-42df-4f02-8c20-f75396c815c3","SNYK-JAVA-ORGAPACHELOGGINGLOG4J-2314720","2025-02-27T18:40:43.984Z","critical"
"0708d6a5-c79a-4f28-9fde-b7126a5c7252","670f08fd-76e0-445b-914c-d5ab8905909d","3ed4b65d-42df-4f02-8c20-f75396c815c3","SNYK-JAVA-ORGAPACHELOGGINGLOG4J-2320014","2025-02-27T18:40:43.984Z","critical"
"0708d6a5-c79a-4f28-9fde-b7126a5c7252","670f08fd-76e0-445b-914c-d5ab8905909d","d06b89d4-2a56-4342-9946-b8c8a8e9d7df","SNYK-JS-VM2-1585918","2025-02-27T18:40:46.676Z","critical"
"0708d6a5-c79a-4f28-9fde-b7126a5c7252","670f08fd-76e0-445b-914c-d5ab8905909d","d06b89d4-2a56-4342-9946-b8c8a8e9d7df","SNYK-JS-VM2-2990237","2025-02-27T18:40:46.676Z","critical"
"0708d6a5-c79a-4f28-9fde-b7126a5c7252","670f08fd-76e0-445b-914c-d5ab8905909d","d06b89d4-2a56-4342-9946-b8c8a8e9d7df","SNYK-JS-SEQUELIZE-2932027","2025-02-27T18:40:46.676Z","critical"
"0708d6a5-c79a-4f28-9fde-b7126a5c7252","670f08fd-76e0-445b-914c-d5ab8905909d","d06b89d4-2a56-4342-9946-b8c8a8e9d7df","SNYK-JS-MARSDB-480405","2025-02-27T18:40:46.676Z","critical"
"0708d6a5-c79a-4f28-9fde-b7126a5c7252","670f08fd-76e0-445b-914c-d5ab8905909d","d06b89d4-2a56-4342-9946-b8c8a8e9d7df","SNYK-JS-VM2-5772823","2025-02-27T18:40:46.676Z","critical"
"0708d6a5-c79a-4f28-9fde-b7126a5c7252","670f08fd-76e0-445b-914c-d5ab8905909d","d06b89d4-2a56-4342-9946-b8c8a8e9d7df","SNYK-JS-VM2-5772825","2025-02-27T18:40:46.676Z","critical"
"0708d6a5-c79a-4f28-9fde-b7126a5c7252","670f08fd-76e0-445b-914c-d5ab8905909d","d06b89d4-2a56-4342-9946-b8c8a8e9d7df","SNYK-JS-VM2-5537100","2025-02-27T18:40:46.676Z","critical"
"0708d6a5-c79a-4f28-9fde-b7126a5c7252","670f08fd-76e0-445b-914c-d5ab8905909d","d06b89d4-2a56-4342-9946-b8c8a8e9d7df","SNYK-JS-SOCKETIOPARSER-3091012","2025-02-27T18:40:46.676Z","critical"
"0708d6a5-c79a-4f28-9fde-b7126a5c7252","670f08fd-76e0-445b-914c-d5ab8905909d","d06b89d4-2a56-4342-9946-b8c8a8e9d7df","SNYK-JS-VM2-5422057","2025-02-27T18:40:46.676Z","critical"
"0708d6a5-c79a-4f28-9fde-b7126a5c7252","670f08fd-76e0-445b-914c-d5ab8905909d","d06b89d4-2a56-4342-9946-b8c8a8e9d7df","SNYK-JS-VM2-3018201","2025-02-27T18:40:46.676Z","critical"
"0708d6a5-c79a-4f28-9fde-b7126a5c7252","670f08fd-76e0-445b-914c-d5ab8905909d","d06b89d4-2a56-4342-9946-b8c8a8e9d7df","SNYK-JS-VM2-5415299","2025-02-27T18:40:46.676Z","critical"
"0708d6a5-c79a-4f28-9fde-b7126a5c7252","670f08fd-76e0-445b-914c-d5ab8905909d","d06b89d4-2a56-4342-9946-b8c8a8e9d7df","SNYK-JS-VM2-2309905","2025-02-27T18:40:46.676Z","critical"
"0708d6a5-c79a-4f28-9fde-b7126a5c7252","670f08fd-76e0-445b-914c-d5ab8905909d","d06b89d4-2a56-4342-9946-b8c8a8e9d7df","SNYK-JS-VM2-5426093","2025-02-27T18:40:46.676Z","critical"
"0708d6a5-c79a-4f28-9fde-b7126a5c7252","670f08fd-76e0-445b-914c-d5ab8905909d","16099a99-f87c-4ef1-8a05-c41a8e3f773e","SNYK-DEBIAN10-LIBWEBP-1289584","2025-02-27T18:40:48.906Z","critical"
"0708d6a5-c79a-4f28-9fde-b7126a5c7252","670f08fd-76e0-445b-914c-d5ab8905909d","16099a99-f87c-4ef1-8a05-c41a8e3f773e","SNYK-DEBIAN10-EXPAT-2331818","2025-02-27T18:40:48.906Z","critical"
"0708d6a5-c79a-4f28-9fde-b7126a5c7252","670f08fd-76e0-445b-914c-d5ab8905909d","16099a99-f87c-4ef1-8a05-c41a8e3f773e","SNYK-DEBIAN10-EXPAT-2403513","2025-02-27T18:40:48.906Z","critical"
"0708d6a5-c79a-4f28-9fde-b7126a5c7252","670f08fd-76e0-445b-914c-d5ab8905909d","16099a99-f87c-4ef1-8a05-c41a8e3f773e","SNYK-DEBIAN10-DB53-2825169","2025-02-27T18:40:48.906Z","critical"
"0708d6a5-c79a-4f28-9fde-b7126a5c7252","670f08fd-76e0-445b-914c-d5ab8905909d","16099a99-f87c-4ef1-8a05-c41a8e3f773e","SNYK-DEBIAN10-LIBWEBP-1290149","2025-02-27T18:40:48.906Z","critical"
"0708d6a5-c79a-4f28-9fde-b7126a5c7252","670f08fd-76e0-445b-914c-d5ab8905909d","16099a99-f87c-4ef1-8a05-c41a8e3f773e","SNYK-DEBIAN10-KRB5-7411319","2025-02-27T18:40:48.906Z","critical"
"0708d6a5-c79a-4f28-9fde-b7126a5c7252","670f08fd-76e0-445b-914c-d5ab8905909d","16099a99-f87c-4ef1-8a05-c41a8e3f773e","SNYK-DEBIAN10-LIBWEBP-1289576","2025-02-27T18:40:48.906Z","critical"
"0708d6a5-c79a-4f28-9fde-b7126a5c7252","670f08fd-76e0-445b-914c-d5ab8905909d","16099a99-f87c-4ef1-8a05-c41a8e3f773e","SNYK-DEBIAN10-APACHELOG4J2-2320108","2025-02-27T18:40:48.906Z","critical"
"0708d6a5-c79a-4f28-9fde-b7126a5c7252","670f08fd-76e0-445b-914c-d5ab8905909d","16099a99-f87c-4ef1-8a05-c41a8e3f773e","SNYK-DEBIAN10-LIBWEBP-1289573","2025-02-27T18:40:48.906Z","critical"
"0708d6a5-c79a-4f28-9fde-b7126a5c7252","670f08fd-76e0-445b-914c-d5ab8905909d","16099a99-f87c-4ef1-8a05-c41a8e3f773e","SNYK-DEBIAN10-PYTHON27-5853772","2025-02-27T18:40:48.906Z","critical"
"0708d6a5-c79a-4f28-9fde-b7126a5c7252","670f08fd-76e0-445b-914c-d5ab8905909d","16099a99-f87c-4ef1-8a05-c41a8e3f773e","SNYK-DEBIAN10-ZLIB-2976149","2025-02-27T18:40:48.906Z","critical"
"0708d6a5-c79a-4f28-9fde-b7126a5c7252","670f08fd-76e0-445b-914c-d5ab8905909d","16099a99-f87c-4ef1-8a05-c41a8e3f773e","SNYK-DEBIAN10-APACHELOG4J2-2314898","2025-02-27T18:40:48.906Z","critical"
"0708d6a5-c79a-4f28-9fde-b7126a5c7252","670f08fd-76e0-445b-914c-d5ab8905909d","16099a99-f87c-4ef1-8a05-c41a8e3f773e","SNYK-DEBIAN10-EXPAT-2359258","2025-02-27T18:40:48.906Z","critical"
"0708d6a5-c79a-4f28-9fde-b7126a5c7252","670f08fd-76e0-445b-914c-d5ab8905909d","16099a99-f87c-4ef1-8a05-c41a8e3f773e","SNYK-DEBIAN10-FREETYPE-1019582","2025-02-27T18:40:48.906Z","critical"
"0708d6a5-c79a-4f28-9fde-b7126a5c7252","670f08fd-76e0-445b-914c-d5ab8905909d","16099a99-f87c-4ef1-8a05-c41a8e3f773e","SNYK-DEBIAN10-PCRE2-2808696","2025-02-27T18:40:48.906Z","critical"
"0708d6a5-c79a-4f28-9fde-b7126a5c7252","670f08fd-76e0-445b-914c-d5ab8905909d","16099a99-f87c-4ef1-8a05-c41a8e3f773e","SNYK-DEBIAN10-SQLITE3-3011634","2025-02-27T18:40:48.906Z","critical"
"0708d6a5-c79a-4f28-9fde-b7126a5c7252","670f08fd-76e0-445b-914c-d5ab8905909d","16099a99-f87c-4ef1-8a05-c41a8e3f773e","SNYK-DEBIAN10-CURL-3065760","2025-02-27T18:40:48.906Z","critical"
"0708d6a5-c79a-4f28-9fde-b7126a5c7252","670f08fd-76e0-445b-914c-d5ab8905909d","16099a99-f87c-4ef1-8a05-c41a8e3f773e","SNYK-DEBIAN10-LIBX11-1293573","2025-02-27T18:40:48.906Z","critical"
"0708d6a5-c79a-4f28-9fde-b7126a5c7252","670f08fd-76e0-445b-914c-d5ab8905909d","16099a99-f87c-4ef1-8a05-c41a8e3f773e","SNYK-DEBIAN10-PYTHON27-1063178","2025-02-27T18:40:48.906Z","critical"
"0708d6a5-c79a-4f28-9fde-b7126a5c7252","670f08fd-76e0-445b-914c-d5ab8905909d","16099a99-f87c-4ef1-8a05-c41a8e3f773e","SNYK-DEBIAN10-LIBWEBP-1289592","2025-02-27T18:40:48.906Z","critical"
"0708d6a5-c79a-4f28-9fde-b7126a5c7252","670f08fd-76e0-445b-914c-d5ab8905909d","16099a99-f87c-4ef1-8a05-c41a8e3f773e","SNYK-DEBIAN10-GLIBC-1296899","2025-02-27T18:40:48.906Z","critical"
"0708d6a5-c79a-4f28-9fde-b7126a5c7252","670f08fd-76e0-445b-914c-d5ab8905909d","16099a99-f87c-4ef1-8a05-c41a8e3f773e","SNYK-DEBIAN10-LIBWEBP-1289561","2025-02-27T18:40:48.906Z","critical"
"0708d6a5-c79a-4f28-9fde-b7126a5c7252","670f08fd-76e0-445b-914c-d5ab8905909d","16099a99-f87c-4ef1-8a05-c41a8e3f773e","SNYK-DEBIAN10-LIBBSD-541041","2025-02-27T18:40:48.906Z","critical"
"0708d6a5-c79a-4f28-9fde-b7126a5c7252","670f08fd-76e0-445b-914c-d5ab8905909d","16099a99-f87c-4ef1-8a05-c41a8e3f773e","SNYK-DEBIAN10-EXPAT-2406128","2025-02-27T18:40:48.906Z","critical"
"0708d6a5-c79a-4f28-9fde-b7126a5c7252","670f08fd-76e0-445b-914c-d5ab8905909d","16099a99-f87c-4ef1-8a05-c41a8e3f773e","SNYK-DEBIAN10-OPENSSH-5788320","2025-02-27T18:40:48.906Z","critical"
"0708d6a5-c79a-4f28-9fde-b7126a5c7252","670f08fd-76e0-445b-914c-d5ab8905909d","16099a99-f87c-4ef1-8a05-c41a8e3f773e","SNYK-DEBIAN10-LIBTASN16-3061094","2025-02-27T18:40:48.906Z","critical"
"0708d6a5-c79a-4f28-9fde-b7126a5c7252","670f08fd-76e0-445b-914c-d5ab8905909d","16099a99-f87c-4ef1-8a05-c41a8e3f773e","SNYK-DEBIAN10-GIT-6846202","2025-02-27T18:40:48.906Z","critical"
"0708d6a5-c79a-4f28-9fde-b7126a5c7252","670f08fd-76e0-445b-914c-d5ab8905909d","16099a99-f87c-4ef1-8a05-c41a8e3f773e","SNYK-DEBIAN10-EXPAT-2403518","2025-02-27T18:40:48.906Z","critical"
"0708d6a5-c79a-4f28-9fde-b7126a5c7252","670f08fd-76e0-445b-914c-d5ab8905909d","16099a99-f87c-4ef1-8a05-c41a8e3f773e","SNYK-DEBIAN10-ZLIB-6008964","2025-02-27T18:40:48.906Z","critical"
"0708d6a5-c79a-4f28-9fde-b7126a5c7252","670f08fd-76e0-445b-914c-d5ab8905909d","16099a99-f87c-4ef1-8a05-c41a8e3f773e","SNYK-DEBIAN10-LIBKSBA-3050754","2025-02-27T18:40:48.906Z","critical"
"0708d6a5-c79a-4f28-9fde-b7126a5c7252","670f08fd-76e0-445b-914c-d5ab8905909d","16099a99-f87c-4ef1-8a05-c41a8e3f773e","SNYK-DEBIAN10-GLIBC-1315333","2025-02-27T18:40:48.906Z","critical"
"0708d6a5-c79a-4f28-9fde-b7126a5c7252","670f08fd-76e0-445b-914c-d5ab8905909d","16099a99-f87c-4ef1-8a05-c41a8e3f773e","SNYK-DEBIAN10-LIBWEBP-1289553","2025-02-27T18:40:48.906Z","critical"
"0708d6a5-c79a-4f28-9fde-b7126a5c7252","670f08fd-76e0-445b-914c-d5ab8905909d","16099a99-f87c-4ef1-8a05-c41a8e3f773e","SNYK-DEBIAN10-PYTHON37-5851336","2025-02-27T18:40:48.906Z","critical"
"0708d6a5-c79a-4f28-9fde-b7126a5c7252","670f08fd-76e0-445b-914c-d5ab8905909d","16099a99-f87c-4ef1-8a05-c41a8e3f773e","SNYK-DEBIAN10-GLIBC-2340923","2025-02-27T18:40:48.906Z","critical"
"0708d6a5-c79a-4f28-9fde-b7126a5c7252","670f08fd-76e0-445b-914c-d5ab8905909d","16099a99-f87c-4ef1-8a05-c41a8e3f773e","SNYK-DEBIAN10-MARIADB103-1017374","2025-02-27T18:40:48.906Z","critical"
"0708d6a5-c79a-4f28-9fde-b7126a5c7252","670f08fd-76e0-445b-914c-d5ab8905909d","16099a99-f87c-4ef1-8a05-c41a8e3f773e","SNYK-DEBIAN10-LIBEXIF-1037313","2025-02-27T18:40:48.906Z","critical"
"0708d6a5-c79a-4f28-9fde-b7126a5c7252","670f08fd-76e0-445b-914c-d5ab8905909d","16099a99-f87c-4ef1-8a05-c41a8e3f773e","SNYK-DEBIAN10-LIBWEBP-1289586","2025-02-27T18:40:48.906Z","critical"
"0708d6a5-c79a-4f28-9fde-b7126a5c7252","670f08fd-76e0-445b-914c-d5ab8905909d","16099a99-f87c-4ef1-8a05-c41a8e3f773e","SNYK-DEBIAN10-LZ4-1277601","2025-02-27T18:40:48.906Z","critical"
"0708d6a5-c79a-4f28-9fde-b7126a5c7252","670f08fd-76e0-445b-914c-d5ab8905909d","16099a99-f87c-4ef1-8a05-c41a8e3f773e","SNYK-DEBIAN10-OPENLDAP-2808412","2025-02-27T18:40:48.906Z","critical"
"0708d6a5-c79a-4f28-9fde-b7126a5c7252","670f08fd-76e0-445b-914c-d5ab8905909d","16099a99-f87c-4ef1-8a05-c41a8e3f773e","SNYK-DEBIAN10-LIBWEBP-1289591","2025-02-27T18:40:48.906Z","critical"
"0708d6a5-c79a-4f28-9fde-b7126a5c7252","670f08fd-76e0-445b-914c-d5ab8905909d","16099a99-f87c-4ef1-8a05-c41a8e3f773e","SNYK-DEBIAN10-PYTHON37-1063182","2025-02-27T18:40:48.906Z","critical"
"0708d6a5-c79a-4f28-9fde-b7126a5c7252","670f08fd-76e0-445b-914c-d5ab8905909d","16099a99-f87c-4ef1-8a05-c41a8e3f773e","SNYK-DEBIAN10-PYTHON37-3090928","2025-02-27T18:40:48.906Z","critical"
"0708d6a5-c79a-4f28-9fde-b7126a5c7252","670f08fd-76e0-445b-914c-d5ab8905909d","16099a99-f87c-4ef1-8a05-c41a8e3f773e","SNYK-DEBIAN10-GNUTLS28-1085094","2025-02-27T18:40:48.906Z","critical"
"0708d6a5-c79a-4f28-9fde-b7126a5c7252","670f08fd-76e0-445b-914c-d5ab8905909d","16099a99-f87c-4ef1-8a05-c41a8e3f773e","SNYK-DEBIAN10-EXPAT-2331813","2025-02-27T18:40:48.906Z","critical"
"0708d6a5-c79a-4f28-9fde-b7126a5c7252","670f08fd-76e0-445b-914c-d5ab8905909d","16099a99-f87c-4ef1-8a05-c41a8e3f773e","SNYK-DEBIAN10-GIT-3232719","2025-02-27T18:40:48.906Z","critical"
"0708d6a5-c79a-4f28-9fde-b7126a5c7252","670f08fd-76e0-445b-914c-d5ab8905909d","16099a99-f87c-4ef1-8a05-c41a8e3f773e","SNYK-DEBIAN10-OPENSSL-1569403","2025-02-27T18:40:48.906Z","critical"
"0708d6a5-c79a-4f28-9fde-b7126a5c7252","670f08fd-76e0-445b-914c-d5ab8905909d","16099a99-f87c-4ef1-8a05-c41a8e3f773e","SNYK-DEBIAN10-GIT-3232718","2025-02-27T18:40:48.906Z","critical"
"0708d6a5-c79a-4f28-9fde-b7126a5c7252","670f08fd-76e0-445b-914c-d5ab8905909d","16099a99-f87c-4ef1-8a05-c41a8e3f773e","SNYK-DEBIAN10-LIBWEBP-1289593","2025-02-27T18:40:48.906Z","critical"
"0708d6a5-c79a-4f28-9fde-b7126a5c7252","670f08fd-76e0-445b-914c-d5ab8905909d","16099a99-f87c-4ef1-8a05-c41a8e3f773e","SNYK-DEBIAN10-DPKG-2847944","2025-02-27T18:40:48.906Z","critical"
"0708d6a5-c79a-4f28-9fde-b7126a5c7252","670f08fd-76e0-445b-914c-d5ab8905909d","16099a99-f87c-4ef1-8a05-c41a8e3f773e","SNYK-DEBIAN10-LIBKSBA-3179190","2025-02-27T18:40:48.906Z","critical"
"0708d6a5-c79a-4f28-9fde-b7126a5c7252","670f08fd-76e0-445b-914c-d5ab8905909d","16099a99-f87c-4ef1-8a05-c41a8e3f773e","SNYK-DEBIAN10-PCRE2-2808698","2025-02-27T18:40:48.906Z","critical"
"0708d6a5-c79a-4f28-9fde-b7126a5c7252","670f08fd-76e0-445b-914c-d5ab8905909d","16099a99-f87c-4ef1-8a05-c41a8e3f773e","SNYK-DEBIAN10-GNUTLS28-1085097","2025-02-27T18:40:48.906Z","critical"
"0708d6a5-c79a-4f28-9fde-b7126a5c7252","670f08fd-76e0-445b-914c-d5ab8905909d","16099a99-f87c-4ef1-8a05-c41a8e3f773e","SNYK-DEBIAN10-FREETYPE-2774655","2025-02-27T18:40:48.906Z","critical"
"0708d6a5-c79a-4f28-9fde-b7126a5c7252","670f08fd-76e0-445b-914c-d5ab8905909d","16099a99-f87c-4ef1-8a05-c41a8e3f773e","SNYK-DEBIAN10-EXPAT-2331803","2025-02-27T18:40:48.906Z","critical"
"0708d6a5-c79a-4f28-9fde-b7126a5c7252","670f08fd-76e0-445b-914c-d5ab8905909d","16099a99-f87c-4ef1-8a05-c41a8e3f773e","SNYK-DEBIAN10-GLIBC-2340915","2025-02-27T18:40:48.906Z","critical"
"0708d6a5-c79a-4f28-9fde-b7126a5c7252","670f08fd-76e0-445b-914c-d5ab8905909d","dca4577d-ef6f-4cf8-bbe1-760cb031fe45","SNYK-JS-ELLIPTIC-7577918","2025-02-27T18:40:49.41Z","critical"
"0708d6a5-c79a-4f28-9fde-b7126a5c7252","670f08fd-76e0-445b-914c-d5ab8905909d","dca4577d-ef6f-4cf8-bbe1-760cb031fe45","SNYK-JS-ELLIPTIC-7577917","2025-02-27T18:40:49.41Z","critical"
"0708d6a5-c79a-4f28-9fde-b7126a5c7252","670f08fd-76e0-445b-914c-d5ab8905909d","dca4577d-ef6f-4cf8-bbe1-760cb031fe45","SNYK-JS-ELLIPTIC-8187303","2025-02-27T18:40:49.41Z","critical"
"0708d6a5-c79a-4f28-9fde-b7126a5c7252","670f08fd-76e0-445b-914c-d5ab8905909d","dca4577d-ef6f-4cf8-bbe1-760cb031fe45","SNYK-JS-BABELTRAVERSE-5962462","2025-02-27T18:40:49.41Z","critical"
"0708d6a5-c79a-4f28-9fde-b7126a5c7252","670f08fd-76e0-445b-914c-d5ab8905909d","dca4577d-ef6f-4cf8-bbe1-760cb031fe45","SNYK-JS-ELLIPTIC-7577916","2025-02-27T18:40:49.41Z","critical"
"0708d6a5-c79a-4f28-9fde-b7126a5c7252","670f08fd-76e0-445b-914c-d5ab8905909d","dca4577d-ef6f-4cf8-bbe1-760cb031fe45","SNYK-JS-SOCKETIOPARSER-3091012","2025-02-27T18:40:49.41Z","critical"
"0708d6a5-c79a-4f28-9fde-b7126a5c7252","670f08fd-76e0-445b-914c-d5ab8905909d","dca4577d-ef6f-4cf8-bbe1-760cb031fe45","SNYK-JS-ELLIPTIC-8720086","2025-02-27T18:40:49.41Z","critical"
"0708d6a5-c79a-4f28-9fde-b7126a5c7252","670f08fd-76e0-445b-914c-d5ab8905909d","d06b89d4-2a56-4342-9946-b8c8a8e9d7df","SNYK-JS-MULTER-10299078","2025-06-05T09:23:29.965Z","critical"
"0708d6a5-c79a-4f28-9fde-b7126a5c7252","670f08fd-76e0-445b-914c-d5ab8905909d","dca4577d-ef6f-4cf8-bbe1-760cb031fe45","SNYK-JS-PBKDF2-10495498","2025-06-25T09:54:52.124Z","critical"
"0708d6a5-c79a-4f28-9fde-b7126a5c7252","670f08fd-76e0-445b-914c-d5ab8905909d","dca4577d-ef6f-4cf8-bbe1-760cb031fe45","SNYK-JS-PBKDF2-10495496","2025-06-25T09:54:52.124Z","critical"
"0708d6a5-c79a-4f28-9fde-b7126a5c7252","670f08fd-76e0-445b-914c-d5ab8905909d","11eb0c8d-d36b-4dce-a30f-7a0a47e87a9b","SNYK-JS-FORMDATA-10841150","2025-07-21T09:21:02.761Z","critical"
"0708d6a5-c79a-4f28-9fde-b7126a5c7252","670f08fd-76e0-445b-914c-d5ab8905909d","d06b89d4-2a56-4342-9946-b8c8a8e9d7df","SNYK-JS-FORMDATA-10841150","2025-07-21T09:28:27.398Z","critical"
"0708d6a5-c79a-4f28-9fde-b7126a5c7252","670f08fd-76e0-445b-914c-d5ab8905909d","dca4577d-ef6f-4cf8-bbe1-760cb031fe45","SNYK-JS-FORMDATA-10841150","2025-07-21T09:32:16.341Z","critical"
"0708d6a5-c79a-4f28-9fde-b7126a5c7252","670f08fd-76e0-445b-914c-d5ab8905909d","dca4577d-ef6f-4cf8-bbe1-760cb031fe45","SNYK-JS-CIPHERBASE-12084814","2025-08-22T09:10:47.84Z","critical"
"0708d6a5-c79a-4f28-9fde-b7126a5c7252","670f08fd-76e0-445b-914c-d5ab8905909d","dca4577d-ef6f-4cf8-bbe1-760cb031fe45","SNYK-JS-SHAJS-12089400","2025-08-22T09:10:47.84Z","critical"
"0708d6a5-c79a-4f28-9fde-b7126a5c7252","670f08fd-76e0-445b-914c-d5ab8905909d","dca4577d-ef6f-4cf8-bbe1-760cb031fe45","SNYK-JS-NODEFORGE-14114940","2025-11-26T17:05:13.223Z","critical"
"0708d6a5-c79a-4f28-9fde-b7126a5c7252","670f08fd-76e0-445b-914c-d5ab8905909d","16099a99-f87c-4ef1-8a05-c41a8e3f773e","SNYK-UPSTREAM-NODE-14928492","2026-01-16T16:55:42.254Z","critical"
"0708d6a5-c79a-4f28-9fde-b7126a5c7252","670f08fd-76e0-445b-914c-d5ab8905909d","dca4577d-ef6f-4cf8-bbe1-760cb031fe45","SNYK-JS-SCHEMATICSANGULAR-15357313","2026-02-27T14:04:01.327Z","critical"
"0708d6a5-c79a-4f28-9fde-b7126a5c7252","670f08fd-76e0-445b-914c-d5ab8905909d","dca4577d-ef6f-4cf8-bbe1-760cb031fe45","SNYK-JS-ANGULARDEVKITBUILDANGULAR-15357315","2026-02-27T14:04:01.327Z","critical"
"0708d6a5-c79a-4f28-9fde-b7126a5c7252","670f08fd-76e0-445b-914c-d5ab8905909d","a68bed7b-1294-40f4-8e1c-19173c9aa7f8","SNYK-DEBIAN11-KRB5-7411320","2025-02-27T18:39:52.441Z","high"
"0708d6a5-c79a-4f28-9fde-b7126a5c7252","670f08fd-76e0-445b-914c-d5ab8905909d","a68bed7b-1294-40f4-8e1c-19173c9aa7f8","SNYK-DEBIAN11-PERL-1925976","2025-02-27T18:39:52.441Z","high"
"0708d6a5-c79a-4f28-9fde-b7126a5c7252","670f08fd-76e0-445b-914c-d5ab8905909d","a68bed7b-1294-40f4-8e1c-19173c9aa7f8","SNYK-DEBIAN11-CURL-3179181","2025-02-27T18:39:52.441Z","high"
"0708d6a5-c79a-4f28-9fde-b7126a5c7252","670f08fd-76e0-445b-914c-d5ab8905909d","a68bed7b-1294-40f4-8e1c-19173c9aa7f8","SNYK-DEBIAN11-PERL-5489191","2025-02-27T18:39:52.441Z","high"
"0708d6a5-c79a-4f28-9fde-b7126a5c7252","670f08fd-76e0-445b-914c-d5ab8905909d","a68bed7b-1294-40f4-8e1c-19173c9aa7f8","SNYK-DEBIAN11-GNUTLS28-6159417","2025-02-27T18:39:52.441Z","high"
"0708d6a5-c79a-4f28-9fde-b7126a5c7252","670f08fd-76e0-445b-914c-d5ab8905909d","a68bed7b-1294-40f4-8e1c-19173c9aa7f8","SNYK-DEBIAN11-CURL-3066040","2025-02-27T18:39:52.441Z","high"
"0708d6a5-c79a-4f28-9fde-b7126a5c7252","670f08fd-76e0-445b-914c-d5ab8905909d","a68bed7b-1294-40f4-8e1c-19173c9aa7f8","SNYK-DEBIAN11-LIBSSH2-5861756","2025-02-27T18:39:52.441Z","high"
"0708d6a5-c79a-4f28-9fde-b7126a5c7252","670f08fd-76e0-445b-914c-d5ab8905909d","a68bed7b-1294-40f4-8e1c-19173c9aa7f8","SNYK-DEBIAN11-E2FSPROGS-2628459","2025-02-27T18:39:52.441Z","high"
"0708d6a5-c79a-4f28-9fde-b7126a5c7252","670f08fd-76e0-445b-914c-d5ab8905909d","a68bed7b-1294-40f4-8e1c-19173c9aa7f8","SNYK-DEBIAN11-PERL-6085272","2025-02-27T18:39:52.441Z","high"
"0708d6a5-c79a-4f28-9fde-b7126a5c7252","670f08fd-76e0-445b-914c-d5ab8905909d","a68bed7b-1294-40f4-8e1c-19173c9aa7f8","SNYK-DEBIAN11-SYSTEMD-6277512","2025-02-27T18:39:52.441Z","high"
"0708d6a5-c79a-4f28-9fde-b7126a5c7252","670f08fd-76e0-445b-914c-d5ab8905909d","a68bed7b-1294-40f4-8e1c-19173c9aa7f8","SNYK-DEBIAN11-SYSTEMD-6277510","2025-02-27T18:39:52.441Z","high"
"0708d6a5-c79a-4f28-9fde-b7126a5c7252","670f08fd-76e0-445b-914c-d5ab8905909d","a68bed7b-1294-40f4-8e1c-19173c9aa7f8","SNYK-DEBIAN11-GNUTLS28-6159419","2025-02-27T18:39:52.441Z","high"
"0708d6a5-c79a-4f28-9fde-b7126a5c7252","670f08fd-76e0-445b-914c-d5ab8905909d","a0595b98-d6c4-4cf8-9a87-29584ead2699","SNYK-GOLANG-GOLANGORGXNETHTML-8535262","2025-02-27T18:39:52.956Z","high"
"0708d6a5-c79a-4f28-9fde-b7126a5c7252","670f08fd-76e0-445b-914c-d5ab8905909d","3ed4b65d-42df-4f02-8c20-f75396c815c3","SNYK-JAVA-ORGAPACHELOGGINGLOG4J-2321524","2025-02-27T18:40:43.984Z","high"
"0708d6a5-c79a-4f28-9fde-b7126a5c7252","670f08fd-76e0-445b-914c-d5ab8905909d","d06b89d4-2a56-4342-9946-b8c8a8e9d7df","npm:jws:20160726","2025-02-27T18:40:46.676Z","high"
"0708d6a5-c79a-4f28-9fde-b7126a5c7252","670f08fd-76e0-445b-914c-d5ab8905909d","d06b89d4-2a56-4342-9946-b8c8a8e9d7df","SNYK-JS-ENGINEIO-1056749","2025-02-27T18:40:46.676Z","high"
"0708d6a5-c79a-4f28-9fde-b7126a5c7252","670f08fd-76e0-445b-914c-d5ab8905909d","d06b89d4-2a56-4342-9946-b8c8a8e9d7df","SNYK-JS-WS-7266574","2025-02-27T18:40:46.676Z","high"
"0708d6a5-c79a-4f28-9fde-b7126a5c7252","670f08fd-76e0-445b-914c-d5ab8905909d","d06b89d4-2a56-4342-9946-b8c8a8e9d7df","SNYK-JS-LODASHSET-1320032","2025-02-27T18:40:46.676Z","high"
"0708d6a5-c79a-4f28-9fde-b7126a5c7252","670f08fd-76e0-445b-914c-d5ab8905909d","d06b89d4-2a56-4342-9946-b8c8a8e9d7df","SNYK-JS-SEQUELIZE-3324088","2025-02-27T18:40:46.676Z","high"
"0708d6a5-c79a-4f28-9fde-b7126a5c7252","670f08fd-76e0-445b-914c-d5ab8905909d","d06b89d4-2a56-4342-9946-b8c8a8e9d7df","SNYK-JS-ANSIREGEX-1583908","2025-02-27T18:40:46.676Z","high"
"0708d6a5-c79a-4f28-9fde-b7126a5c7252","670f08fd-76e0-445b-914c-d5ab8905909d","d06b89d4-2a56-4342-9946-b8c8a8e9d7df","npm:jsonwebtoken:20150331","2025-02-27T18:40:46.676Z","high"
"0708d6a5-c79a-4f28-9fde-b7126a5c7252","670f08fd-76e0-445b-914c-d5ab8905909d","d06b89d4-2a56-4342-9946-b8c8a8e9d7df","SNYK-JS-EXPRESSJWT-575022","2025-02-27T18:40:46.676Z","high"
"0708d6a5-c79a-4f28-9fde-b7126a5c7252","670f08fd-76e0-445b-914c-d5ab8905909d","d06b89d4-2a56-4342-9946-b8c8a8e9d7df","SNYK-JS-LODASH-73638","2025-02-27T18:40:46.676Z","high"
"0708d6a5-c79a-4f28-9fde-b7126a5c7252","670f08fd-76e0-445b-914c-d5ab8905909d","d06b89d4-2a56-4342-9946-b8c8a8e9d7df","SNYK-JS-TAR-1536531","2025-02-27T18:40:46.676Z","high"
"0708d6a5-c79a-4f28-9fde-b7126a5c7252","670f08fd-76e0-445b-914c-d5ab8905909d","d06b89d4-2a56-4342-9946-b8c8a8e9d7df","SNYK-JS-SQLITE3-3358947","2025-02-27T18:40:46.676Z","high"
"0708d6a5-c79a-4f28-9fde-b7126a5c7252","670f08fd-76e0-445b-914c-d5ab8905909d","d06b89d4-2a56-4342-9946-b8c8a8e9d7df","SNYK-JS-ENGINEIO-3136336","2025-02-27T18:40:46.676Z","high"
"0708d6a5-c79a-4f28-9fde-b7126a5c7252","670f08fd-76e0-445b-914c-d5ab8905909d","d06b89d4-2a56-4342-9946-b8c8a8e9d7df","SNYK-JS-BRACES-6838727","2025-02-27T18:40:46.676Z","high"
"0708d6a5-c79a-4f28-9fde-b7126a5c7252","670f08fd-76e0-445b-914c-d5ab8905909d","d06b89d4-2a56-4342-9946-b8c8a8e9d7df","SNYK-JS-SIMPLEGET-2361683","2025-02-27T18:40:46.676Z","high"
"0708d6a5-c79a-4f28-9fde-b7126a5c7252","670f08fd-76e0-445b-914c-d5ab8905909d","d06b89d4-2a56-4342-9946-b8c8a8e9d7df","SNYK-JS-LIBXMLJS2-6808816","2025-02-27T18:40:46.676Z","high"
"0708d6a5-c79a-4f28-9fde-b7126a5c7252","670f08fd-76e0-445b-914c-d5ab8905909d","d06b89d4-2a56-4342-9946-b8c8a8e9d7df","SNYK-JS-LODASH-608086","2025-02-27T18:40:46.676Z","high"
"0708d6a5-c79a-4f28-9fde-b7126a5c7252","670f08fd-76e0-445b-914c-d5ab8905909d","d06b89d4-2a56-4342-9946-b8c8a8e9d7df","SNYK-JS-TAR-1579147","2025-02-27T18:40:46.676Z","high"
"0708d6a5-c79a-4f28-9fde-b7126a5c7252","670f08fd-76e0-445b-914c-d5ab8905909d","d06b89d4-2a56-4342-9946-b8c8a8e9d7df","npm:base64url:20180511","2025-02-27T18:40:46.676Z","high"
"0708d6a5-c79a-4f28-9fde-b7126a5c7252","670f08fd-76e0-445b-914c-d5ab8905909d","d06b89d4-2a56-4342-9946-b8c8a8e9d7df","SNYK-JS-LODASH-1040724","2025-02-27T18:40:46.676Z","high"
"0708d6a5-c79a-4f28-9fde-b7126a5c7252","670f08fd-76e0-445b-914c-d5ab8905909d","d06b89d4-2a56-4342-9946-b8c8a8e9d7df","SNYK-JS-MOMENT-2440688","2025-02-27T18:40:46.676Z","high"
"0708d6a5-c79a-4f28-9fde-b7126a5c7252","670f08fd-76e0-445b-914c-d5ab8905909d","d06b89d4-2a56-4342-9946-b8c8a8e9d7df","npm:underscore.string:20170908","2025-02-27T18:40:46.676Z","high"
"0708d6a5-c79a-4f28-9fde-b7126a5c7252","670f08fd-76e0-445b-914c-d5ab8905909d","d06b89d4-2a56-4342-9946-b8c8a8e9d7df","SNYK-JS-SEQUELIZE-2959225","2025-02-27T18:40:46.676Z","high"
"0708d6a5-c79a-4f28-9fde-b7126a5c7252","670f08fd-76e0-445b-914c-d5ab8905909d","d06b89d4-2a56-4342-9946-b8c8a8e9d7df","SNYK-JS-MOMENT-2944238","2025-02-27T18:40:46.676Z","high"
"0708d6a5-c79a-4f28-9fde-b7126a5c7252","670f08fd-76e0-445b-914c-d5ab8905909d","d06b89d4-2a56-4342-9946-b8c8a8e9d7df","SNYK-JS-CRYPTOJS-6028119","2025-02-27T18:40:46.676Z","high"
"0708d6a5-c79a-4f28-9fde-b7126a5c7252","670f08fd-76e0-445b-914c-d5ab8905909d","d06b89d4-2a56-4342-9946-b8c8a8e9d7df","SNYK-JS-ASYNC-2441827","2025-02-27T18:40:46.676Z","high"
"0708d6a5-c79a-4f28-9fde-b7126a5c7252","670f08fd-76e0-445b-914c-d5ab8905909d","d06b89d4-2a56-4342-9946-b8c8a8e9d7df","SNYK-JS-DECODEURICOMPONENT-3149970","2025-02-27T18:40:46.676Z","high"
"0708d6a5-c79a-4f28-9fde-b7126a5c7252","670f08fd-76e0-445b-914c-d5ab8905909d","d06b89d4-2a56-4342-9946-b8c8a8e9d7df","SNYK-JS-TAR-1579152","2025-02-27T18:40:46.676Z","high"
"0708d6a5-c79a-4f28-9fde-b7126a5c7252","670f08fd-76e0-445b-914c-d5ab8905909d","d06b89d4-2a56-4342-9946-b8c8a8e9d7df","SNYK-JS-SQLITE3-2388645","2025-02-27T18:40:46.676Z","high"
"0708d6a5-c79a-4f28-9fde-b7126a5c7252","670f08fd-76e0-445b-914c-d5ab8905909d","d06b89d4-2a56-4342-9946-b8c8a8e9d7df","SNYK-JS-LODASH-450202","2025-02-27T18:40:46.676Z","high"
"0708d6a5-c79a-4f28-9fde-b7126a5c7252","670f08fd-76e0-445b-914c-d5ab8905909d","d06b89d4-2a56-4342-9946-b8c8a8e9d7df","SNYK-JS-DOTTIE-3332763","2025-02-27T18:40:46.676Z","high"
"0708d6a5-c79a-4f28-9fde-b7126a5c7252","670f08fd-76e0-445b-914c-d5ab8905909d","d06b89d4-2a56-4342-9946-b8c8a8e9d7df","SNYK-JS-TAR-1579155","2025-02-27T18:40:46.676Z","high"
"0708d6a5-c79a-4f28-9fde-b7126a5c7252","670f08fd-76e0-445b-914c-d5ab8905909d","d06b89d4-2a56-4342-9946-b8c8a8e9d7df","SNYK-JS-ES5EXT-6095076","2025-02-27T18:40:46.676Z","high"
"0708d6a5-c79a-4f28-9fde-b7126a5c7252","670f08fd-76e0-445b-914c-d5ab8905909d","d06b89d4-2a56-4342-9946-b8c8a8e9d7df","SNYK-JS-MOUT-2342654","2025-02-27T18:40:46.676Z","high"
"0708d6a5-c79a-4f28-9fde-b7126a5c7252","670f08fd-76e0-445b-914c-d5ab8905909d","d06b89d4-2a56-4342-9946-b8c8a8e9d7df","SNYK-JS-QS-3153490","2025-02-27T18:40:46.676Z","high"
"0708d6a5-c79a-4f28-9fde-b7126a5c7252","670f08fd-76e0-445b-914c-d5ab8905909d","d06b89d4-2a56-4342-9946-b8c8a8e9d7df","SNYK-JS-DICER-2311764","2025-02-27T18:40:46.676Z","high"
"0708d6a5-c79a-4f28-9fde-b7126a5c7252","670f08fd-76e0-445b-914c-d5ab8905909d","d06b89d4-2a56-4342-9946-b8c8a8e9d7df","SNYK-JS-BODYPARSER-7926860","2025-02-27T18:40:46.676Z","high"
"0708d6a5-c79a-4f28-9fde-b7126a5c7252","670f08fd-76e0-445b-914c-d5ab8905909d","d06b89d4-2a56-4342-9946-b8c8a8e9d7df","SNYK-JS-SOCKETIOPARSER-5596892","2025-02-27T18:40:46.676Z","high"
"0708d6a5-c79a-4f28-9fde-b7126a5c7252","670f08fd-76e0-445b-914c-d5ab8905909d","d06b89d4-2a56-4342-9946-b8c8a8e9d7df","SNYK-JS-PUGCODEGEN-7086056","2025-02-27T18:40:46.676Z","high"
"0708d6a5-c79a-4f28-9fde-b7126a5c7252","670f08fd-76e0-445b-914c-d5ab8905909d","d06b89d4-2a56-4342-9946-b8c8a8e9d7df","snyk:lic:npm:fuzzball:GPL-2.0","2025-02-27T18:40:46.676Z","high"
"0708d6a5-c79a-4f28-9fde-b7126a5c7252","670f08fd-76e0-445b-914c-d5ab8905909d","d06b89d4-2a56-4342-9946-b8c8a8e9d7df","SNYK-JS-LODASH-6139239","2025-02-27T18:40:46.676Z","high"
"0708d6a5-c79a-4f28-9fde-b7126a5c7252","670f08fd-76e0-445b-914c-d5ab8905909d","d06b89d4-2a56-4342-9946-b8c8a8e9d7df","SNYK-JS-LIBXMLJS2-6808810","2025-02-27T18:40:46.676Z","high"
"0708d6a5-c79a-4f28-9fde-b7126a5c7252","670f08fd-76e0-445b-914c-d5ab8905909d","d06b89d4-2a56-4342-9946-b8c8a8e9d7df","SNYK-JS-SEMVER-3247795","2025-02-27T18:40:46.676Z","high"
"0708d6a5-c79a-4f28-9fde-b7126a5c7252","670f08fd-76e0-445b-914c-d5ab8905909d","d06b89d4-2a56-4342-9946-b8c8a8e9d7df","SNYK-JS-SOCKETIO-7278048","2025-02-27T18:40:46.676Z","high"
"0708d6a5-c79a-4f28-9fde-b7126a5c7252","670f08fd-76e0-445b-914c-d5ab8905909d","d06b89d4-2a56-4342-9946-b8c8a8e9d7df","SNYK-JS-TAR-1536528","2025-02-27T18:40:46.676Z","high"
"0708d6a5-c79a-4f28-9fde-b7126a5c7252","670f08fd-76e0-445b-914c-d5ab8905909d","d06b89d4-2a56-4342-9946-b8c8a8e9d7df","SNYK-JS-UNSETVALUE-2400660","2025-02-27T18:40:46.676Z","high"
"0708d6a5-c79a-4f28-9fde-b7126a5c7252","670f08fd-76e0-445b-914c-d5ab8905909d","11eb0c8d-d36b-4dce-a30f-7a0a47e87a9b","SNYK-JS-CROSSSPAWN-8303230","2025-02-27T18:40:47.999Z","high"
"0708d6a5-c79a-4f28-9fde-b7126a5c7252","670f08fd-76e0-445b-914c-d5ab8905909d","11eb0c8d-d36b-4dce-a30f-7a0a47e87a9b","SNYK-JS-SEMVER-3247795","2025-02-27T18:40:47.999Z","high"
"0708d6a5-c79a-4f28-9fde-b7126a5c7252","670f08fd-76e0-445b-914c-d5ab8905909d","11eb0c8d-d36b-4dce-a30f-7a0a47e87a9b","SNYK-JS-JSONSCHEMA-1920922","2025-02-27T18:40:47.999Z","high"
"0708d6a5-c79a-4f28-9fde-b7126a5c7252","670f08fd-76e0-445b-914c-d5ab8905909d","11eb0c8d-d36b-4dce-a30f-7a0a47e87a9b","SNYK-JS-SSRI-1246392","2025-02-27T18:40:47.999Z","high"
"0708d6a5-c79a-4f28-9fde-b7126a5c7252","670f08fd-76e0-445b-914c-d5ab8905909d","11eb0c8d-d36b-4dce-a30f-7a0a47e87a9b","SNYK-JS-TAR-1536531","2025-02-27T18:40:47.999Z","high"
"0708d6a5-c79a-4f28-9fde-b7126a5c7252","670f08fd-76e0-445b-914c-d5ab8905909d","11eb0c8d-d36b-4dce-a30f-7a0a47e87a9b","SNYK-JS-INI-1048974","2025-02-27T18:40:47.999Z","high"
"0708d6a5-c79a-4f28-9fde-b7126a5c7252","670f08fd-76e0-445b-914c-d5ab8905909d","11eb0c8d-d36b-4dce-a30f-7a0a47e87a9b","SNYK-JS-TAR-1579152","2025-02-27T18:40:47.999Z","high"
"0708d6a5-c79a-4f28-9fde-b7126a5c7252","670f08fd-76e0-445b-914c-d5ab8905909d","11eb0c8d-d36b-4dce-a30f-7a0a47e87a9b","SNYK-JS-AJV-584908","2025-02-27T18:40:47.999Z","high"
"0708d6a5-c79a-4f28-9fde-b7126a5c7252","670f08fd-76e0-445b-914c-d5ab8905909d","11eb0c8d-d36b-4dce-a30f-7a0a47e87a9b","SNYK-JS-TAR-1536528","2025-02-27T18:40:47.999Z","high"
"0708d6a5-c79a-4f28-9fde-b7126a5c7252","670f08fd-76e0-445b-914c-d5ab8905909d","11eb0c8d-d36b-4dce-a30f-7a0a47e87a9b","SNYK-JS-TAR-1579155","2025-02-27T18:40:47.999Z","high"
"0708d6a5-c79a-4f28-9fde-b7126a5c7252","670f08fd-76e0-445b-914c-d5ab8905909d","11eb0c8d-d36b-4dce-a30f-7a0a47e87a9b","SNYK-JS-NPMUSERVALIDATE-1019352","2025-02-27T18:40:47.999Z","high"
"0708d6a5-c79a-4f28-9fde-b7126a5c7252","670f08fd-76e0-445b-914c-d5ab8905909d","11eb0c8d-d36b-4dce-a30f-7a0a47e87a9b","SNYK-JS-IP-6240864","2025-02-27T18:40:47.999Z","high"
"0708d6a5-c79a-4f28-9fde-b7126a5c7252","670f08fd-76e0-445b-914c-d5ab8905909d","11eb0c8d-d36b-4dce-a30f-7a0a47e87a9b","SNYK-JS-Y18N-1021887","2025-02-27T18:40:47.999Z","high"
"0708d6a5-c79a-4f28-9fde-b7126a5c7252","670f08fd-76e0-445b-914c-d5ab8905909d","11eb0c8d-d36b-4dce-a30f-7a0a47e87a9b","SNYK-JS-DECODEURICOMPONENT-3149970","2025-02-27T18:40:47.999Z","high"
"0708d6a5-c79a-4f28-9fde-b7126a5c7252","670f08fd-76e0-445b-914c-d5ab8905909d","11eb0c8d-d36b-4dce-a30f-7a0a47e87a9b","SNYK-JS-TAR-1579147","2025-02-27T18:40:47.999Z","high"
"0708d6a5-c79a-4f28-9fde-b7126a5c7252","670f08fd-76e0-445b-914c-d5ab8905909d","11eb0c8d-d36b-4dce-a30f-7a0a47e87a9b","SNYK-JS-ANSIREGEX-1583908","2025-02-27T18:40:47.999Z","high"
"0708d6a5-c79a-4f28-9fde-b7126a5c7252","670f08fd-76e0-445b-914c-d5ab8905909d","11eb0c8d-d36b-4dce-a30f-7a0a47e87a9b","SNYK-JS-QS-3153490","2025-02-27T18:40:47.999Z","high"
"0708d6a5-c79a-4f28-9fde-b7126a5c7252","670f08fd-76e0-445b-914c-d5ab8905909d","16099a99-f87c-4ef1-8a05-c41a8e3f773e","SNYK-DEBIAN10-LIBDE265-6105363","2025-02-27T18:40:48.906Z","high"
"0708d6a5-c79a-4f28-9fde-b7126a5c7252","670f08fd-76e0-445b-914c-d5ab8905909d","16099a99-f87c-4ef1-8a05-c41a8e3f773e","SNYK-DEBIAN10-PYTHON37-3017604","2025-02-27T18:40:48.906Z","high"
"0708d6a5-c79a-4f28-9fde-b7126a5c7252","670f08fd-76e0-445b-914c-d5ab8905909d","16099a99-f87c-4ef1-8a05-c41a8e3f773e","SNYK-DEBIAN10-PYTHON27-584372","2025-02-27T18:40:48.906Z","high"
"0708d6a5-c79a-4f28-9fde-b7126a5c7252","670f08fd-76e0-445b-914c-d5ab8905909d","16099a99-f87c-4ef1-8a05-c41a8e3f773e","SNYK-DEBIAN10-GIT-5461946","2025-02-27T18:40:48.906Z","high"
"0708d6a5-c79a-4f28-9fde-b7126a5c7252","670f08fd-76e0-445b-914c-d5ab8905909d","16099a99-f87c-4ef1-8a05-c41a8e3f773e","SNYK-DEBIAN10-PYTHON37-3111114","2025-02-27T18:40:48.906Z","high"
"0708d6a5-c79a-4f28-9fde-b7126a5c7252","670f08fd-76e0-445b-914c-d5ab8905909d","16099a99-f87c-4ef1-8a05-c41a8e3f773e","SNYK-DEBIAN10-OPENJPEG2-543666","2025-02-27T18:40:48.906Z","high"
"0708d6a5-c79a-4f28-9fde-b7126a5c7252","670f08fd-76e0-445b-914c-d5ab8905909d","16099a99-f87c-4ef1-8a05-c41a8e3f773e","SNYK-DEBIAN10-LIBSSH2-5861759","2025-02-27T18:40:48.906Z","high"
"0708d6a5-c79a-4f28-9fde-b7126a5c7252","670f08fd-76e0-445b-914c-d5ab8905909d","16099a99-f87c-4ef1-8a05-c41a8e3f773e","SNYK-DEBIAN10-OPENSSH-1660419","2025-02-27T18:40:48.906Z","high"
"0708d6a5-c79a-4f28-9fde-b7126a5c7252","670f08fd-76e0-445b-914c-d5ab8905909d","16099a99-f87c-4ef1-8a05-c41a8e3f773e","SNYK-DEBIAN10-LIBXML2-2413976","2025-02-27T18:40:48.906Z","high"
"0708d6a5-c79a-4f28-9fde-b7126a5c7252","670f08fd-76e0-445b-914c-d5ab8905909d","16099a99-f87c-4ef1-8a05-c41a8e3f773e","SNYK-DEBIAN10-DJVULIBRE-1290629","2025-02-27T18:40:48.906Z","high"
"0708d6a5-c79a-4f28-9fde-b7126a5c7252","670f08fd-76e0-445b-914c-d5ab8905909d","16099a99-f87c-4ef1-8a05-c41a8e3f773e","SNYK-DEBIAN10-MARIADB103-2766301","2025-02-27T18:40:48.906Z","high"
"0708d6a5-c79a-4f28-9fde-b7126a5c7252","670f08fd-76e0-445b-914c-d5ab8905909d","16099a99-f87c-4ef1-8a05-c41a8e3f773e","SNYK-DEBIAN10-LIBDE265-3227415","2025-02-27T18:40:48.906Z","high"
"0708d6a5-c79a-4f28-9fde-b7126a5c7252","670f08fd-76e0-445b-914c-d5ab8905909d","16099a99-f87c-4ef1-8a05-c41a8e3f773e","SNYK-DEBIAN10-LIBDE265-3361566","2025-02-27T18:40:48.906Z","high"
"0708d6a5-c79a-4f28-9fde-b7126a5c7252","670f08fd-76e0-445b-914c-d5ab8905909d","16099a99-f87c-4ef1-8a05-c41a8e3f773e","SNYK-DEBIAN10-SYSTEMD-3339153","2025-02-27T18:40:48.906Z","high"
"0708d6a5-c79a-4f28-9fde-b7126a5c7252","670f08fd-76e0-445b-914c-d5ab8905909d","16099a99-f87c-4ef1-8a05-c41a8e3f773e","SNYK-DEBIAN10-OPENLDAP-1035359","2025-02-27T18:40:48.906Z","high"
"0708d6a5-c79a-4f28-9fde-b7126a5c7252","670f08fd-76e0-445b-914c-d5ab8905909d","16099a99-f87c-4ef1-8a05-c41a8e3f773e","SNYK-DEBIAN10-OPENSSL-2933515","2025-02-27T18:40:48.906Z","high"
"0708d6a5-c79a-4f28-9fde-b7126a5c7252","670f08fd-76e0-445b-914c-d5ab8905909d","16099a99-f87c-4ef1-8a05-c41a8e3f773e","SNYK-DEBIAN10-LIBXML2-1277346","2025-02-27T18:40:48.906Z","high"
"0708d6a5-c79a-4f28-9fde-b7126a5c7252","670f08fd-76e0-445b-914c-d5ab8905909d","16099a99-f87c-4ef1-8a05-c41a8e3f773e","SNYK-DEBIAN10-OPENSSL-3368736","2025-02-27T18:40:48.906Z","high"
"0708d6a5-c79a-4f28-9fde-b7126a5c7252","670f08fd-76e0-445b-914c-d5ab8905909d","16099a99-f87c-4ef1-8a05-c41a8e3f773e","SNYK-UPSTREAM-NODE-6615824","2025-02-27T18:40:48.906Z","high"
"0708d6a5-c79a-4f28-9fde-b7126a5c7252","670f08fd-76e0-445b-914c-d5ab8905909d","16099a99-f87c-4ef1-8a05-c41a8e3f773e","SNYK-DEBIAN10-DJVULIBRE-481572","2025-02-27T18:40:48.906Z","high"
"0708d6a5-c79a-4f28-9fde-b7126a5c7252","670f08fd-76e0-445b-914c-d5ab8905909d","16099a99-f87c-4ef1-8a05-c41a8e3f773e","SNYK-DEBIAN10-MARIADB103-2766287","2025-02-27T18:40:48.906Z","high"
"0708d6a5-c79a-4f28-9fde-b7126a5c7252","670f08fd-76e0-445b-914c-d5ab8905909d","16099a99-f87c-4ef1-8a05-c41a8e3f773e","SNYK-DEBIAN10-CURL-3366768","2025-02-27T18:40:48.906Z","high"
"0708d6a5-c79a-4f28-9fde-b7126a5c7252","670f08fd-76e0-445b-914c-d5ab8905909d","16099a99-f87c-4ef1-8a05-c41a8e3f773e","SNYK-DEBIAN10-OPENLDAP-1064754","2025-02-27T18:40:48.906Z","high"
"0708d6a5-c79a-4f28-9fde-b7126a5c7252","670f08fd-76e0-445b-914c-d5ab8905909d","16099a99-f87c-4ef1-8a05-c41a8e3f773e","SNYK-DEBIAN10-SQLITE3-540471","2025-02-27T18:40:48.906Z","high"
"0708d6a5-c79a-4f28-9fde-b7126a5c7252","670f08fd-76e0-445b-914c-d5ab8905909d","16099a99-f87c-4ef1-8a05-c41a8e3f773e","SNYK-DEBIAN10-MARIADB103-2766380","2025-02-27T18:40:48.906Z","high"
"0708d6a5-c79a-4f28-9fde-b7126a5c7252","670f08fd-76e0-445b-914c-d5ab8905909d","16099a99-f87c-4ef1-8a05-c41a8e3f773e","SNYK-DEBIAN10-MARIADB103-2396505","2025-02-27T18:40:48.906Z","high"
"0708d6a5-c79a-4f28-9fde-b7126a5c7252","670f08fd-76e0-445b-914c-d5ab8905909d","16099a99-f87c-4ef1-8a05-c41a8e3f773e","SNYK-DEBIAN10-LIBXML2-3059802","2025-02-27T18:40:48.906Z","high"
"0708d6a5-c79a-4f28-9fde-b7126a5c7252","670f08fd-76e0-445b-914c-d5ab8905909d","16099a99-f87c-4ef1-8a05-c41a8e3f773e","SNYK-DEBIAN10-OPENSSL-3314606","2025-02-27T18:40:48.906Z","high"
"0708d6a5-c79a-4f28-9fde-b7126a5c7252","670f08fd-76e0-445b-914c-d5ab8905909d","16099a99-f87c-4ef1-8a05-c41a8e3f773e","SNYK-DEBIAN10-GNUTLS28-609778","2025-02-27T18:40:48.906Z","high"
"0708d6a5-c79a-4f28-9fde-b7126a5c7252","670f08fd-76e0-445b-914c-d5ab8905909d","16099a99-f87c-4ef1-8a05-c41a8e3f773e","SNYK-DEBIAN10-TIFF-1078789","2025-02-27T18:40:48.906Z","high"
"0708d6a5-c79a-4f28-9fde-b7126a5c7252","670f08fd-76e0-445b-914c-d5ab8905909d","16099a99-f87c-4ef1-8a05-c41a8e3f773e","SNYK-DEBIAN10-POSTGRESQL11-2824083","2025-02-27T18:40:48.906Z","high"
"0708d6a5-c79a-4f28-9fde-b7126a5c7252","670f08fd-76e0-445b-914c-d5ab8905909d","16099a99-f87c-4ef1-8a05-c41a8e3f773e","SNYK-DEBIAN10-LIBWEBP-5893093","2025-02-27T18:40:48.906Z","high"
"0708d6a5-c79a-4f28-9fde-b7126a5c7252","670f08fd-76e0-445b-914c-d5ab8905909d","16099a99-f87c-4ef1-8a05-c41a8e3f773e","SNYK-DEBIAN10-POSTGRESQL11-2980115","2025-02-27T18:40:48.906Z","high"
"0708d6a5-c79a-4f28-9fde-b7126a5c7252","670f08fd-76e0-445b-914c-d5ab8905909d","16099a99-f87c-4ef1-8a05-c41a8e3f773e","SNYK-DEBIAN10-LIBXML2-429565","2025-02-27T18:40:48.906Z","high"
"0708d6a5-c79a-4f28-9fde-b7126a5c7252","670f08fd-76e0-445b-914c-d5ab8905909d","16099a99-f87c-4ef1-8a05-c41a8e3f773e","SNYK-DEBIAN10-MARIADB103-2396513","2025-02-27T18:40:48.906Z","high"
"0708d6a5-c79a-4f28-9fde-b7126a5c7252","670f08fd-76e0-445b-914c-d5ab8905909d","16099a99-f87c-4ef1-8a05-c41a8e3f773e","SNYK-DEBIAN10-CURL-2813757","2025-02-27T18:40:48.906Z","high"
"0708d6a5-c79a-4f28-9fde-b7126a5c7252","670f08fd-76e0-445b-914c-d5ab8905909d","16099a99-f87c-4ef1-8a05-c41a8e3f773e","SNYK-DEBIAN10-EXPAT-2384929","2025-02-27T18:40:48.906Z","high"
"0708d6a5-c79a-4f28-9fde-b7126a5c7252","670f08fd-76e0-445b-914c-d5ab8905909d","16099a99-f87c-4ef1-8a05-c41a8e3f773e","SNYK-DEBIAN10-OPENLDAP-1064746","2025-02-27T18:40:48.906Z","high"
"0708d6a5-c79a-4f28-9fde-b7126a5c7252","670f08fd-76e0-445b-914c-d5ab8905909d","16099a99-f87c-4ef1-8a05-c41a8e3f773e","SNYK-DEBIAN10-GCC8-347558","2025-02-27T18:40:48.906Z","high"
"0708d6a5-c79a-4f28-9fde-b7126a5c7252","670f08fd-76e0-445b-914c-d5ab8905909d","16099a99-f87c-4ef1-8a05-c41a8e3f773e","SNYK-DEBIAN10-EXPAT-2331820","2025-02-27T18:40:48.906Z","high"
"0708d6a5-c79a-4f28-9fde-b7126a5c7252","670f08fd-76e0-445b-914c-d5ab8905909d","16099a99-f87c-4ef1-8a05-c41a8e3f773e","SNYK-DEBIAN10-MARIADB103-2396511","2025-02-27T18:40:48.906Z","high"
"0708d6a5-c79a-4f28-9fde-b7126a5c7252","670f08fd-76e0-445b-914c-d5ab8905909d","16099a99-f87c-4ef1-8a05-c41a8e3f773e","SNYK-DEBIAN10-GLIBC-559493","2025-02-27T18:40:48.906Z","high"
"0708d6a5-c79a-4f28-9fde-b7126a5c7252","670f08fd-76e0-445b-914c-d5ab8905909d","16099a99-f87c-4ef1-8a05-c41a8e3f773e","SNYK-DEBIAN10-OPENEXR-1320028","2025-02-27T18:40:48.906Z","high"
"0708d6a5-c79a-4f28-9fde-b7126a5c7252","670f08fd-76e0-445b-914c-d5ab8905909d","16099a99-f87c-4ef1-8a05-c41a8e3f773e","SNYK-DEBIAN10-GIT-3319755","2025-02-27T18:40:48.906Z","high"
"0708d6a5-c79a-4f28-9fde-b7126a5c7252","670f08fd-76e0-445b-914c-d5ab8905909d","16099a99-f87c-4ef1-8a05-c41a8e3f773e","SNYK-DEBIAN10-MARIADB103-2766378","2025-02-27T18:40:48.906Z","high"
"0708d6a5-c79a-4f28-9fde-b7126a5c7252","670f08fd-76e0-445b-914c-d5ab8905909d","16099a99-f87c-4ef1-8a05-c41a8e3f773e","SNYK-DEBIAN10-PYTHON37-3325305","2025-02-27T18:40:48.906Z","high"
"0708d6a5-c79a-4f28-9fde-b7126a5c7252","670f08fd-76e0-445b-914c-d5ab8905909d","16099a99-f87c-4ef1-8a05-c41a8e3f773e","SNYK-DEBIAN10-PYTHON37-5851338","2025-02-27T18:40:48.906Z","high"
"0708d6a5-c79a-4f28-9fde-b7126a5c7252","670f08fd-76e0-445b-914c-d5ab8905909d","16099a99-f87c-4ef1-8a05-c41a8e3f773e","SNYK-DEBIAN10-MARIADB103-2766360","2025-02-27T18:40:48.906Z","high"
"0708d6a5-c79a-4f28-9fde-b7126a5c7252","670f08fd-76e0-445b-914c-d5ab8905909d","16099a99-f87c-4ef1-8a05-c41a8e3f773e","SNYK-DEBIAN10-GLIB20-1075027","2025-02-27T18:40:48.906Z","high"
"0708d6a5-c79a-4f28-9fde-b7126a5c7252","670f08fd-76e0-445b-914c-d5ab8905909d","16099a99-f87c-4ef1-8a05-c41a8e3f773e","SNYK-DEBIAN10-IMAGEMAGICK-2928992","2025-02-27T18:40:48.906Z","high"
"0708d6a5-c79a-4f28-9fde-b7126a5c7252","670f08fd-76e0-445b-914c-d5ab8905909d","16099a99-f87c-4ef1-8a05-c41a8e3f773e","SNYK-DEBIAN10-GLIB20-5670985","2025-02-27T18:40:48.906Z","high"
"0708d6a5-c79a-4f28-9fde-b7126a5c7252","670f08fd-76e0-445b-914c-d5ab8905909d","16099a99-f87c-4ef1-8a05-c41a8e3f773e","SNYK-DEBIAN10-POSTGRESQL11-1292094","2025-02-27T18:40:48.906Z","high"
"0708d6a5-c79a-4f28-9fde-b7126a5c7252","670f08fd-76e0-445b-914c-d5ab8905909d","16099a99-f87c-4ef1-8a05-c41a8e3f773e","SNYK-DEBIAN10-TIFF-5747604","2025-02-27T18:40:48.906Z","high"
"0708d6a5-c79a-4f28-9fde-b7126a5c7252","670f08fd-76e0-445b-914c-d5ab8905909d","16099a99-f87c-4ef1-8a05-c41a8e3f773e","SNYK-DEBIAN10-FRIBIDI-2433113","2025-02-27T18:40:48.906Z","high"
"0708d6a5-c79a-4f28-9fde-b7126a5c7252","670f08fd-76e0-445b-914c-d5ab8905909d","16099a99-f87c-4ef1-8a05-c41a8e3f773e","SNYK-DEBIAN10-POSTGRESQL11-1040145","2025-02-27T18:40:48.906Z","high"
"0708d6a5-c79a-4f28-9fde-b7126a5c7252","670f08fd-76e0-445b-914c-d5ab8905909d","16099a99-f87c-4ef1-8a05-c41a8e3f773e","SNYK-DEBIAN10-KRB5-3120879","2025-02-27T18:40:48.906Z","high"
"0708d6a5-c79a-4f28-9fde-b7126a5c7252","670f08fd-76e0-445b-914c-d5ab8905909d","16099a99-f87c-4ef1-8a05-c41a8e3f773e","SNYK-DEBIAN10-GLIBC-564233","2025-02-27T18:40:48.906Z","high"
"0708d6a5-c79a-4f28-9fde-b7126a5c7252","670f08fd-76e0-445b-914c-d5ab8905909d","16099a99-f87c-4ef1-8a05-c41a8e3f773e","SNYK-DEBIAN10-OPENJPEG2-541531","2025-02-27T18:40:48.906Z","high"
"0708d6a5-c79a-4f28-9fde-b7126a5c7252","670f08fd-76e0-445b-914c-d5ab8905909d","16099a99-f87c-4ef1-8a05-c41a8e3f773e","SNYK-DEBIAN10-SUBVERSION-1071814","2025-02-27T18:40:48.906Z","high"
"0708d6a5-c79a-4f28-9fde-b7126a5c7252","670f08fd-76e0-445b-914c-d5ab8905909d","16099a99-f87c-4ef1-8a05-c41a8e3f773e","SNYK-DEBIAN10-MARIADB103-2766300","2025-02-27T18:40:48.906Z","high"
"0708d6a5-c79a-4f28-9fde-b7126a5c7252","670f08fd-76e0-445b-914c-d5ab8905909d","16099a99-f87c-4ef1-8a05-c41a8e3f773e","SNYK-DEBIAN10-OPENLDAP-1074919","2025-02-27T18:40:48.906Z","high"
"0708d6a5-c79a-4f28-9fde-b7126a5c7252","670f08fd-76e0-445b-914c-d5ab8905909d","16099a99-f87c-4ef1-8a05-c41a8e3f773e","SNYK-DEBIAN10-IMAGEMAGICK-2928990","2025-02-27T18:40:48.906Z","high"
"0708d6a5-c79a-4f28-9fde-b7126a5c7252","670f08fd-76e0-445b-914c-d5ab8905909d","16099a99-f87c-4ef1-8a05-c41a8e3f773e","SNYK-DEBIAN10-LIBJPEGTURBO-571504","2025-02-27T18:40:48.906Z","high"
"0708d6a5-c79a-4f28-9fde-b7126a5c7252","670f08fd-76e0-445b-914c-d5ab8905909d","16099a99-f87c-4ef1-8a05-c41a8e3f773e","SNYK-DEBIAN10-GIT-2949147","2025-02-27T18:40:48.906Z","high"
"0708d6a5-c79a-4f28-9fde-b7126a5c7252","670f08fd-76e0-445b-914c-d5ab8905909d","16099a99-f87c-4ef1-8a05-c41a8e3f773e","SNYK-DEBIAN10-CAIRO-1054852","2025-02-27T18:40:48.906Z","high"
"0708d6a5-c79a-4f28-9fde-b7126a5c7252","670f08fd-76e0-445b-914c-d5ab8905909d","16099a99-f87c-4ef1-8a05-c41a8e3f773e","SNYK-UPSTREAM-NODE-1040499","2025-02-27T18:40:48.906Z","high"
"0708d6a5-c79a-4f28-9fde-b7126a5c7252","670f08fd-76e0-445b-914c-d5ab8905909d","16099a99-f87c-4ef1-8a05-c41a8e3f773e","SNYK-DEBIAN10-EXPAT-2406126","2025-02-27T18:40:48.906Z","high"
"0708d6a5-c79a-4f28-9fde-b7126a5c7252","670f08fd-76e0-445b-914c-d5ab8905909d","16099a99-f87c-4ef1-8a05-c41a8e3f773e","SNYK-UPSTREAM-NODE-6252328","2025-02-27T18:40:48.906Z","high"
"0708d6a5-c79a-4f28-9fde-b7126a5c7252","670f08fd-76e0-445b-914c-d5ab8905909d","16099a99-f87c-4ef1-8a05-c41a8e3f773e","SNYK-DEBIAN10-FREETYPE-2774652","2025-02-27T18:40:48.906Z","high"
"0708d6a5-c79a-4f28-9fde-b7126a5c7252","670f08fd-76e0-445b-914c-d5ab8905909d","16099a99-f87c-4ef1-8a05-c41a8e3f773e","SNYK-DEBIAN10-LIBDE265-2359233","2025-02-27T18:40:48.906Z","high"
"0708d6a5-c79a-4f28-9fde-b7126a5c7252","670f08fd-76e0-445b-914c-d5ab8905909d","16099a99-f87c-4ef1-8a05-c41a8e3f773e","SNYK-DEBIAN10-CURL-1585139","2025-02-27T18:40:48.906Z","high"
"0708d6a5-c79a-4f28-9fde-b7126a5c7252","670f08fd-76e0-445b-914c-d5ab8905909d","16099a99-f87c-4ef1-8a05-c41a8e3f773e","SNYK-DEBIAN10-POSTGRESQL11-598393","2025-02-27T18:40:48.906Z","high"
"0708d6a5-c79a-4f28-9fde-b7126a5c7252","670f08fd-76e0-445b-914c-d5ab8905909d","16099a99-f87c-4ef1-8a05-c41a8e3f773e","SNYK-DEBIAN10-CURL-608200","2025-02-27T18:40:48.906Z","high"
"0708d6a5-c79a-4f28-9fde-b7126a5c7252","670f08fd-76e0-445b-914c-d5ab8905909d","16099a99-f87c-4ef1-8a05-c41a8e3f773e","SNYK-DEBIAN10-SYSTEMD-6277511","2025-02-27T18:40:48.906Z","high"
"0708d6a5-c79a-4f28-9fde-b7126a5c7252","670f08fd-76e0-445b-914c-d5ab8905909d","16099a99-f87c-4ef1-8a05-c41a8e3f773e","SNYK-DEBIAN10-LIBDE265-3336915","2025-02-27T18:40:48.906Z","high"
"0708d6a5-c79a-4f28-9fde-b7126a5c7252","670f08fd-76e0-445b-914c-d5ab8905909d","16099a99-f87c-4ef1-8a05-c41a8e3f773e","SNYK-DEBIAN10-MARIADB103-2940573","2025-02-27T18:40:48.906Z","high"
"0708d6a5-c79a-4f28-9fde-b7126a5c7252","670f08fd-76e0-445b-914c-d5ab8905909d","16099a99-f87c-4ef1-8a05-c41a8e3f773e","SNYK-DEBIAN10-EXPAT-2331795","2025-02-27T18:40:48.906Z","high"
"0708d6a5-c79a-4f28-9fde-b7126a5c7252","670f08fd-76e0-445b-914c-d5ab8905909d","16099a99-f87c-4ef1-8a05-c41a8e3f773e","SNYK-DEBIAN10-LIBXML2-539775","2025-02-27T18:40:48.906Z","high"
"0708d6a5-c79a-4f28-9fde-b7126a5c7252","670f08fd-76e0-445b-914c-d5ab8905909d","16099a99-f87c-4ef1-8a05-c41a8e3f773e","SNYK-DEBIAN10-MARIADB103-2766314","2025-02-27T18:40:48.906Z","high"
"0708d6a5-c79a-4f28-9fde-b7126a5c7252","670f08fd-76e0-445b-914c-d5ab8905909d","16099a99-f87c-4ef1-8a05-c41a8e3f773e","SNYK-DEBIAN10-MARIADB103-1087462","2025-02-27T18:40:48.906Z","high"
"0708d6a5-c79a-4f28-9fde-b7126a5c7252","670f08fd-76e0-445b-914c-d5ab8905909d","16099a99-f87c-4ef1-8a05-c41a8e3f773e","SNYK-DEBIAN10-GIT-6846206","2025-02-27T18:40:48.906Z","high"
"0708d6a5-c79a-4f28-9fde-b7126a5c7252","670f08fd-76e0-445b-914c-d5ab8905909d","16099a99-f87c-4ef1-8a05-c41a8e3f773e","SNYK-DEBIAN10-MARIADB103-2396512","2025-02-27T18:40:48.906Z","high"
"0708d6a5-c79a-4f28-9fde-b7126a5c7252","670f08fd-76e0-445b-914c-d5ab8905909d","16099a99-f87c-4ef1-8a05-c41a8e3f773e","SNYK-DEBIAN10-LIBXML2-542927","2025-02-27T18:40:48.906Z","high"
"0708d6a5-c79a-4f28-9fde-b7126a5c7252","670f08fd-76e0-445b-914c-d5ab8905909d","16099a99-f87c-4ef1-8a05-c41a8e3f773e","SNYK-DEBIAN10-SQLITE3-3011631","2025-02-27T18:40:48.906Z","high"
"0708d6a5-c79a-4f28-9fde-b7126a5c7252","670f08fd-76e0-445b-914c-d5ab8905909d","16099a99-f87c-4ef1-8a05-c41a8e3f773e","SNYK-DEBIAN10-LIBSSH2-452460","2025-02-27T18:40:48.906Z","high"
"0708d6a5-c79a-4f28-9fde-b7126a5c7252","670f08fd-76e0-445b-914c-d5ab8905909d","16099a99-f87c-4ef1-8a05-c41a8e3f773e","SNYK-DEBIAN10-GNUTLS28-6159414","2025-02-27T18:40:48.906Z","high"
"0708d6a5-c79a-4f28-9fde-b7126a5c7252","670f08fd-76e0-445b-914c-d5ab8905909d","16099a99-f87c-4ef1-8a05-c41a8e3f773e","SNYK-DEBIAN10-IMAGEMAGICK-1246263","2025-02-27T18:40:48.906Z","high"
"0708d6a5-c79a-4f28-9fde-b7126a5c7252","670f08fd-76e0-445b-914c-d5ab8905909d","16099a99-f87c-4ef1-8a05-c41a8e3f773e","SNYK-DEBIAN10-OPENLDAP-1064752","2025-02-27T18:40:48.906Z","high"
"0708d6a5-c79a-4f28-9fde-b7126a5c7252","670f08fd-76e0-445b-914c-d5ab8905909d","16099a99-f87c-4ef1-8a05-c41a8e3f773e","SNYK-DEBIAN10-OPENLDAP-1064721","2025-02-27T18:40:48.906Z","high"
"0708d6a5-c79a-4f28-9fde-b7126a5c7252","670f08fd-76e0-445b-914c-d5ab8905909d","16099a99-f87c-4ef1-8a05-c41a8e3f773e","SNYK-DEBIAN10-TIFF-2420604","2025-02-27T18:40:48.906Z","high"
"0708d6a5-c79a-4f28-9fde-b7126a5c7252","670f08fd-76e0-445b-914c-d5ab8905909d","16099a99-f87c-4ef1-8a05-c41a8e3f773e","SNYK-UPSTREAM-NODE-1078517","2025-02-27T18:40:48.906Z","high"
"0708d6a5-c79a-4f28-9fde-b7126a5c7252","670f08fd-76e0-445b-914c-d5ab8905909d","16099a99-f87c-4ef1-8a05-c41a8e3f773e","SNYK-DEBIAN10-MARIADB103-2766403","2025-02-27T18:40:48.906Z","high"
"0708d6a5-c79a-4f28-9fde-b7126a5c7252","670f08fd-76e0-445b-914c-d5ab8905909d","16099a99-f87c-4ef1-8a05-c41a8e3f773e","SNYK-DEBIAN10-POSTGRESQL11-1920111","2025-02-27T18:40:48.906Z","high"
"0708d6a5-c79a-4f28-9fde-b7126a5c7252","670f08fd-76e0-445b-914c-d5ab8905909d","16099a99-f87c-4ef1-8a05-c41a8e3f773e","SNYK-DEBIAN10-IMAGEMAGICK-2812516","2025-02-27T18:40:48.906Z","high"
"0708d6a5-c79a-4f28-9fde-b7126a5c7252","670f08fd-76e0-445b-914c-d5ab8905909d","16099a99-f87c-4ef1-8a05-c41a8e3f773e","SNYK-DEBIAN10-MARIADB103-2940560","2025-02-27T18:40:48.906Z","high"
"0708d6a5-c79a-4f28-9fde-b7126a5c7252","670f08fd-76e0-445b-914c-d5ab8905909d","16099a99-f87c-4ef1-8a05-c41a8e3f773e","SNYK-DEBIAN10-P11KIT-1050833","2025-02-27T18:40:48.906Z","high"
"0708d6a5-c79a-4f28-9fde-b7126a5c7252","670f08fd-76e0-445b-914c-d5ab8905909d","16099a99-f87c-4ef1-8a05-c41a8e3f773e","SNYK-DEBIAN10-MARIADB103-2766414","2025-02-27T18:40:48.906Z","high"
"0708d6a5-c79a-4f28-9fde-b7126a5c7252","670f08fd-76e0-445b-914c-d5ab8905909d","16099a99-f87c-4ef1-8a05-c41a8e3f773e","SNYK-UPSTREAM-NODE-1055465","2025-02-27T18:40:48.906Z","high"
"0708d6a5-c79a-4f28-9fde-b7126a5c7252","670f08fd-76e0-445b-914c-d5ab8905909d","16099a99-f87c-4ef1-8a05-c41a8e3f773e","SNYK-DEBIAN10-CURL-2805484","2025-02-27T18:40:48.906Z","high"
"0708d6a5-c79a-4f28-9fde-b7126a5c7252","670f08fd-76e0-445b-914c-d5ab8905909d","16099a99-f87c-4ef1-8a05-c41a8e3f773e","SNYK-DEBIAN10-LIBDE265-6105345","2025-02-27T18:40:48.906Z","high"
"0708d6a5-c79a-4f28-9fde-b7126a5c7252","670f08fd-76e0-445b-914c-d5ab8905909d","16099a99-f87c-4ef1-8a05-c41a8e3f773e","SNYK-DEBIAN10-PYTHON27-5853784","2025-02-27T18:40:48.906Z","high"
"0708d6a5-c79a-4f28-9fde-b7126a5c7252","670f08fd-76e0-445b-914c-d5ab8905909d","16099a99-f87c-4ef1-8a05-c41a8e3f773e","SNYK-DEBIAN10-SUBVERSION-2635642","2025-02-27T18:40:48.906Z","high"
"0708d6a5-c79a-4f28-9fde-b7126a5c7252","670f08fd-76e0-445b-914c-d5ab8905909d","16099a99-f87c-4ef1-8a05-c41a8e3f773e","SNYK-DEBIAN10-MARIADB103-2766402","2025-02-27T18:40:48.906Z","high"
"0708d6a5-c79a-4f28-9fde-b7126a5c7252","670f08fd-76e0-445b-914c-d5ab8905909d","16099a99-f87c-4ef1-8a05-c41a8e3f773e","SNYK-DEBIAN10-NGHTTP2-5953390","2025-02-27T18:40:48.906Z","high"
"0708d6a5-c79a-4f28-9fde-b7126a5c7252","670f08fd-76e0-445b-914c-d5ab8905909d","16099a99-f87c-4ef1-8a05-c41a8e3f773e","SNYK-DEBIAN10-EXPAT-2331796","2025-02-27T18:40:48.906Z","high"
"0708d6a5-c79a-4f28-9fde-b7126a5c7252","670f08fd-76e0-445b-914c-d5ab8905909d","16099a99-f87c-4ef1-8a05-c41a8e3f773e","SNYK-DEBIAN10-MARIADB103-2389282","2025-02-27T18:40:48.906Z","high"
"0708d6a5-c79a-4f28-9fde-b7126a5c7252","670f08fd-76e0-445b-914c-d5ab8905909d","16099a99-f87c-4ef1-8a05-c41a8e3f773e","SNYK-UPSTREAM-NODE-6252332","2025-02-27T18:40:48.906Z","high"
"0708d6a5-c79a-4f28-9fde-b7126a5c7252","670f08fd-76e0-445b-914c-d5ab8905909d","16099a99-f87c-4ef1-8a05-c41a8e3f773e","SNYK-DEBIAN10-GLIBC-2340921","2025-02-27T18:40:48.906Z","high"
"0708d6a5-c79a-4f28-9fde-b7126a5c7252","670f08fd-76e0-445b-914c-d5ab8905909d","16099a99-f87c-4ef1-8a05-c41a8e3f773e","SNYK-DEBIAN10-EXPAT-3023032","2025-02-27T18:40:48.906Z","high"
"0708d6a5-c79a-4f28-9fde-b7126a5c7252","670f08fd-76e0-445b-914c-d5ab8905909d","16099a99-f87c-4ef1-8a05-c41a8e3f773e","SNYK-DEBIAN10-FREETYPE-2774657","2025-02-27T18:40:48.906Z","high"
"0708d6a5-c79a-4f28-9fde-b7126a5c7252","670f08fd-76e0-445b-914c-d5ab8905909d","16099a99-f87c-4ef1-8a05-c41a8e3f773e","SNYK-DEBIAN10-OPENLDAP-1039832","2025-02-27T18:40:48.906Z","high"
"0708d6a5-c79a-4f28-9fde-b7126a5c7252","670f08fd-76e0-445b-914c-d5ab8905909d","16099a99-f87c-4ef1-8a05-c41a8e3f773e","SNYK-DEBIAN10-IMAGEMAGICK-1048022","2025-02-27T18:40:48.906Z","high"
"0708d6a5-c79a-4f28-9fde-b7126a5c7252","670f08fd-76e0-445b-914c-d5ab8905909d","16099a99-f87c-4ef1-8a05-c41a8e3f773e","SNYK-DEBIAN10-POSTGRESQL11-598395","2025-02-27T18:40:48.906Z","high"
"0708d6a5-c79a-4f28-9fde-b7126a5c7252","670f08fd-76e0-445b-914c-d5ab8905909d","16099a99-f87c-4ef1-8a05-c41a8e3f773e","SNYK-DEBIAN10-DJVULIBRE-1278421","2025-02-27T18:40:48.906Z","high"
"0708d6a5-c79a-4f28-9fde-b7126a5c7252","670f08fd-76e0-445b-914c-d5ab8905909d","16099a99-f87c-4ef1-8a05-c41a8e3f773e","SNYK-DEBIAN10-MARIADB103-2940554","2025-02-27T18:40:48.906Z","high"
"0708d6a5-c79a-4f28-9fde-b7126a5c7252","670f08fd-76e0-445b-914c-d5ab8905909d","16099a99-f87c-4ef1-8a05-c41a8e3f773e","SNYK-DEBIAN10-OPENLDAP-1064744","2025-02-27T18:40:48.906Z","high"
"0708d6a5-c79a-4f28-9fde-b7126a5c7252","670f08fd-76e0-445b-914c-d5ab8905909d","16099a99-f87c-4ef1-8a05-c41a8e3f773e","SNYK-DEBIAN10-MARIADB103-2766430","2025-02-27T18:40:48.906Z","high"
"0708d6a5-c79a-4f28-9fde-b7126a5c7252","670f08fd-76e0-445b-914c-d5ab8905909d","16099a99-f87c-4ef1-8a05-c41a8e3f773e","SNYK-DEBIAN10-GNUTLS28-2964217","2025-02-27T18:40:48.906Z","high"
"0708d6a5-c79a-4f28-9fde-b7126a5c7252","670f08fd-76e0-445b-914c-d5ab8905909d","16099a99-f87c-4ef1-8a05-c41a8e3f773e","SNYK-DEBIAN10-LIBWEBP-1289557","2025-02-27T18:40:48.906Z","high"
"0708d6a5-c79a-4f28-9fde-b7126a5c7252","670f08fd-76e0-445b-914c-d5ab8905909d","16099a99-f87c-4ef1-8a05-c41a8e3f773e","SNYK-DEBIAN10-LIBXML2-542929","2025-02-27T18:40:48.906Z","high"
"0708d6a5-c79a-4f28-9fde-b7126a5c7252","670f08fd-76e0-445b-914c-d5ab8905909d","16099a99-f87c-4ef1-8a05-c41a8e3f773e","SNYK-UPSTREAM-NODE-2332186","2025-02-27T18:40:48.906Z","high"
"0708d6a5-c79a-4f28-9fde-b7126a5c7252","670f08fd-76e0-445b-914c-d5ab8905909d","16099a99-f87c-4ef1-8a05-c41a8e3f773e","SNYK-UPSTREAM-NODE-1534880","2025-02-27T18:40:48.906Z","high"
"0708d6a5-c79a-4f28-9fde-b7126a5c7252","670f08fd-76e0-445b-914c-d5ab8905909d","16099a99-f87c-4ef1-8a05-c41a8e3f773e","SNYK-DEBIAN10-UNBOUND-6245704","2025-02-27T18:40:48.906Z","high"
"0708d6a5-c79a-4f28-9fde-b7126a5c7252","670f08fd-76e0-445b-914c-d5ab8905909d","16099a99-f87c-4ef1-8a05-c41a8e3f773e","SNYK-UPSTREAM-NODE-5811867","2025-02-27T18:40:48.906Z","high"
"0708d6a5-c79a-4f28-9fde-b7126a5c7252","670f08fd-76e0-445b-914c-d5ab8905909d","16099a99-f87c-4ef1-8a05-c41a8e3f773e","SNYK-DEBIAN10-GZIP-2444259","2025-02-27T18:40:48.906Z","high"
"0708d6a5-c79a-4f28-9fde-b7126a5c7252","670f08fd-76e0-445b-914c-d5ab8905909d","16099a99-f87c-4ef1-8a05-c41a8e3f773e","SNYK-DEBIAN10-UNBOUND-3028989","2025-02-27T18:40:48.906Z","high"
"0708d6a5-c79a-4f28-9fde-b7126a5c7252","670f08fd-76e0-445b-914c-d5ab8905909d","16099a99-f87c-4ef1-8a05-c41a8e3f773e","SNYK-DEBIAN10-GLIBC-559488","2025-02-27T18:40:48.906Z","high"
"0708d6a5-c79a-4f28-9fde-b7126a5c7252","670f08fd-76e0-445b-914c-d5ab8905909d","16099a99-f87c-4ef1-8a05-c41a8e3f773e","SNYK-DEBIAN10-EXPAT-2329087","2025-02-27T18:40:48.906Z","high"
"0708d6a5-c79a-4f28-9fde-b7126a5c7252","670f08fd-76e0-445b-914c-d5ab8905909d","16099a99-f87c-4ef1-8a05-c41a8e3f773e","SNYK-DEBIAN10-LIBWEBP-5489178","2025-02-27T18:40:48.906Z","high"
"0708d6a5-c79a-4f28-9fde-b7126a5c7252","670f08fd-76e0-445b-914c-d5ab8905909d","16099a99-f87c-4ef1-8a05-c41a8e3f773e","SNYK-DEBIAN10-GLIBC-1065768","2025-02-27T18:40:48.906Z","high"
"0708d6a5-c79a-4f28-9fde-b7126a5c7252","670f08fd-76e0-445b-914c-d5ab8905909d","16099a99-f87c-4ef1-8a05-c41a8e3f773e","SNYK-DEBIAN10-OPENLDAP-1064742","2025-02-27T18:40:48.906Z","high"
"0708d6a5-c79a-4f28-9fde-b7126a5c7252","670f08fd-76e0-445b-914c-d5ab8905909d","16099a99-f87c-4ef1-8a05-c41a8e3f773e","SNYK-UPSTREAM-NODE-6564548","2025-02-27T18:40:48.906Z","high"
"0708d6a5-c79a-4f28-9fde-b7126a5c7252","670f08fd-76e0-445b-914c-d5ab8905909d","16099a99-f87c-4ef1-8a05-c41a8e3f773e","SNYK-DEBIAN10-OPENEXR-1318910","2025-02-27T18:40:48.906Z","high"
"0708d6a5-c79a-4f28-9fde-b7126a5c7252","670f08fd-76e0-445b-914c-d5ab8905909d","16099a99-f87c-4ef1-8a05-c41a8e3f773e","SNYK-DEBIAN10-EXPAT-6227596","2025-02-27T18:40:48.906Z","high"
"0708d6a5-c79a-4f28-9fde-b7126a5c7252","670f08fd-76e0-445b-914c-d5ab8905909d","16099a99-f87c-4ef1-8a05-c41a8e3f773e","SNYK-DEBIAN10-GIT-1577271","2025-02-27T18:40:48.906Z","high"
"0708d6a5-c79a-4f28-9fde-b7126a5c7252","670f08fd-76e0-445b-914c-d5ab8905909d","16099a99-f87c-4ef1-8a05-c41a8e3f773e","SNYK-DEBIAN10-POSTGRESQL11-6239518","2025-02-27T18:40:48.906Z","high"
"0708d6a5-c79a-4f28-9fde-b7126a5c7252","670f08fd-76e0-445b-914c-d5ab8905909d","16099a99-f87c-4ef1-8a05-c41a8e3f773e","SNYK-DEBIAN10-OPENLDAP-1064733","2025-02-27T18:40:48.906Z","high"
"0708d6a5-c79a-4f28-9fde-b7126a5c7252","670f08fd-76e0-445b-914c-d5ab8905909d","16099a99-f87c-4ef1-8a05-c41a8e3f773e","SNYK-UPSTREAM-NODE-1540540","2025-02-27T18:40:48.906Z","high"
"0708d6a5-c79a-4f28-9fde-b7126a5c7252","670f08fd-76e0-445b-914c-d5ab8905909d","16099a99-f87c-4ef1-8a05-c41a8e3f773e","SNYK-DEBIAN10-LIBXML2-1277349","2025-02-27T18:40:48.906Z","high"
"0708d6a5-c79a-4f28-9fde-b7126a5c7252","670f08fd-76e0-445b-914c-d5ab8905909d","16099a99-f87c-4ef1-8a05-c41a8e3f773e","SNYK-DEBIAN10-POSTGRESQL11-6055646","2025-02-27T18:40:48.906Z","high"
"0708d6a5-c79a-4f28-9fde-b7126a5c7252","670f08fd-76e0-445b-914c-d5ab8905909d","16099a99-f87c-4ef1-8a05-c41a8e3f773e","SNYK-DEBIAN10-PYTHON27-5423210","2025-02-27T18:40:48.906Z","high"
"0708d6a5-c79a-4f28-9fde-b7126a5c7252","670f08fd-76e0-445b-914c-d5ab8905909d","16099a99-f87c-4ef1-8a05-c41a8e3f773e","SNYK-UPSTREAM-NODE-8379641","2025-02-27T18:40:48.906Z","high"
"0708d6a5-c79a-4f28-9fde-b7126a5c7252","670f08fd-76e0-445b-914c-d5ab8905909d","16099a99-f87c-4ef1-8a05-c41a8e3f773e","SNYK-DEBIAN10-CURL-1049502","2025-02-27T18:40:48.906Z","high"
"0708d6a5-c79a-4f28-9fde-b7126a5c7252","670f08fd-76e0-445b-914c-d5ab8905909d","16099a99-f87c-4ef1-8a05-c41a8e3f773e","SNYK-DEBIAN10-GIT-6846196","2025-02-27T18:40:48.906Z","high"
"0708d6a5-c79a-4f28-9fde-b7126a5c7252","670f08fd-76e0-445b-914c-d5ab8905909d","16099a99-f87c-4ef1-8a05-c41a8e3f773e","SNYK-DEBIAN10-OPENLDAP-1064726","2025-02-27T18:40:48.906Z","high"
"0708d6a5-c79a-4f28-9fde-b7126a5c7252","670f08fd-76e0-445b-914c-d5ab8905909d","16099a99-f87c-4ef1-8a05-c41a8e3f773e","SNYK-DEBIAN10-LIBXML2-1277350","2025-02-27T18:40:48.906Z","high"
"0708d6a5-c79a-4f28-9fde-b7126a5c7252","670f08fd-76e0-445b-914c-d5ab8905909d","16099a99-f87c-4ef1-8a05-c41a8e3f773e","SNYK-DEBIAN10-SQLITE3-539773","2025-02-27T18:40:48.906Z","high"
"0708d6a5-c79a-4f28-9fde-b7126a5c7252","670f08fd-76e0-445b-914c-d5ab8905909d","16099a99-f87c-4ef1-8a05-c41a8e3f773e","SNYK-DEBIAN10-NETTLE-1301269","2025-02-27T18:40:48.906Z","high"
"0708d6a5-c79a-4f28-9fde-b7126a5c7252","670f08fd-76e0-445b-914c-d5ab8905909d","16099a99-f87c-4ef1-8a05-c41a8e3f773e","SNYK-DEBIAN10-PYTHON27-5423207","2025-02-27T18:40:48.906Z","high"
"0708d6a5-c79a-4f28-9fde-b7126a5c7252","670f08fd-76e0-445b-914c-d5ab8905909d","16099a99-f87c-4ef1-8a05-c41a8e3f773e","SNYK-DEBIAN10-DJVULIBRE-1290633","2025-02-27T18:40:48.906Z","high"
"0708d6a5-c79a-4f28-9fde-b7126a5c7252","670f08fd-76e0-445b-914c-d5ab8905909d","16099a99-f87c-4ef1-8a05-c41a8e3f773e","SNYK-DEBIAN10-LIBSSH2-474372","2025-02-27T18:40:48.906Z","high"
"0708d6a5-c79a-4f28-9fde-b7126a5c7252","670f08fd-76e0-445b-914c-d5ab8905909d","16099a99-f87c-4ef1-8a05-c41a8e3f773e","SNYK-DEBIAN10-GIT-5461944","2025-02-27T18:40:48.906Z","high"
"0708d6a5-c79a-4f28-9fde-b7126a5c7252","670f08fd-76e0-445b-914c-d5ab8905909d","16099a99-f87c-4ef1-8a05-c41a8e3f773e","SNYK-DEBIAN10-DJVULIBRE-1290638","2025-02-27T18:40:48.906Z","high"
"0708d6a5-c79a-4f28-9fde-b7126a5c7252","670f08fd-76e0-445b-914c-d5ab8905909d","16099a99-f87c-4ef1-8a05-c41a8e3f773e","SNYK-DEBIAN10-TIFF-6190611","2025-02-27T18:40:48.906Z","high"
"0708d6a5-c79a-4f28-9fde-b7126a5c7252","670f08fd-76e0-445b-914c-d5ab8905909d","16099a99-f87c-4ef1-8a05-c41a8e3f773e","SNYK-DEBIAN10-IMAGEMAGICK-2928986","2025-02-27T18:40:48.906Z","high"
"0708d6a5-c79a-4f28-9fde-b7126a5c7252","670f08fd-76e0-445b-914c-d5ab8905909d","16099a99-f87c-4ef1-8a05-c41a8e3f773e","SNYK-UPSTREAM-NODE-1315790","2025-02-27T18:40:48.906Z","high"
"0708d6a5-c79a-4f28-9fde-b7126a5c7252","670f08fd-76e0-445b-914c-d5ab8905909d","16099a99-f87c-4ef1-8a05-c41a8e3f773e","SNYK-DEBIAN10-MARIADB103-2766369","2025-02-27T18:40:48.906Z","high"
"0708d6a5-c79a-4f28-9fde-b7126a5c7252","670f08fd-76e0-445b-914c-d5ab8905909d","16099a99-f87c-4ef1-8a05-c41a8e3f773e","SNYK-DEBIAN10-GIT-6846199","2025-02-27T18:40:48.906Z","high"
"0708d6a5-c79a-4f28-9fde-b7126a5c7252","670f08fd-76e0-445b-914c-d5ab8905909d","16099a99-f87c-4ef1-8a05-c41a8e3f773e","SNYK-DEBIAN10-OPENSSL-3314607","2025-02-27T18:40:48.906Z","high"
"0708d6a5-c79a-4f28-9fde-b7126a5c7252","670f08fd-76e0-445b-914c-d5ab8905909d","16099a99-f87c-4ef1-8a05-c41a8e3f773e","SNYK-DEBIAN10-KRB5-1037638","2025-02-27T18:40:48.906Z","high"
"0708d6a5-c79a-4f28-9fde-b7126a5c7252","670f08fd-76e0-445b-914c-d5ab8905909d","16099a99-f87c-4ef1-8a05-c41a8e3f773e","SNYK-DEBIAN10-PYTHON27-5423201","2025-02-27T18:40:48.906Z","high"
"0708d6a5-c79a-4f28-9fde-b7126a5c7252","670f08fd-76e0-445b-914c-d5ab8905909d","16099a99-f87c-4ef1-8a05-c41a8e3f773e","SNYK-DEBIAN10-POSTGRESQL11-5838230","2025-02-27T18:40:48.906Z","high"
"0708d6a5-c79a-4f28-9fde-b7126a5c7252","670f08fd-76e0-445b-914c-d5ab8905909d","16099a99-f87c-4ef1-8a05-c41a8e3f773e","SNYK-DEBIAN10-NCURSES-2767192","2025-02-27T18:40:48.906Z","high"
"0708d6a5-c79a-4f28-9fde-b7126a5c7252","670f08fd-76e0-445b-914c-d5ab8905909d","16099a99-f87c-4ef1-8a05-c41a8e3f773e","SNYK-DEBIAN10-OPENJPEG2-1049515","2025-02-27T18:40:48.906Z","high"
"0708d6a5-c79a-4f28-9fde-b7126a5c7252","670f08fd-76e0-445b-914c-d5ab8905909d","16099a99-f87c-4ef1-8a05-c41a8e3f773e","SNYK-DEBIAN10-CURL-573153","2025-02-27T18:40:48.906Z","high"
"0708d6a5-c79a-4f28-9fde-b7126a5c7252","670f08fd-76e0-445b-914c-d5ab8905909d","16099a99-f87c-4ef1-8a05-c41a8e3f773e","SNYK-DEBIAN10-GIT-1083853","2025-02-27T18:40:48.906Z","high"
"0708d6a5-c79a-4f28-9fde-b7126a5c7252","670f08fd-76e0-445b-914c-d5ab8905909d","16099a99-f87c-4ef1-8a05-c41a8e3f773e","SNYK-DEBIAN10-OPENSSL-1075326","2025-02-27T18:40:48.906Z","high"
"0708d6a5-c79a-4f28-9fde-b7126a5c7252","670f08fd-76e0-445b-914c-d5ab8905909d","16099a99-f87c-4ef1-8a05-c41a8e3f773e","SNYK-DEBIAN10-CURL-1049506","2025-02-27T18:40:48.906Z","high"
"0708d6a5-c79a-4f28-9fde-b7126a5c7252","670f08fd-76e0-445b-914c-d5ab8905909d","16099a99-f87c-4ef1-8a05-c41a8e3f773e","SNYK-DEBIAN10-IMAGEMAGICK-1246512","2025-02-27T18:40:48.906Z","high"
"0708d6a5-c79a-4f28-9fde-b7126a5c7252","670f08fd-76e0-445b-914c-d5ab8905909d","16099a99-f87c-4ef1-8a05-c41a8e3f773e","SNYK-DEBIAN10-NETTLE-1090205","2025-02-27T18:40:48.906Z","high"
"0708d6a5-c79a-4f28-9fde-b7126a5c7252","670f08fd-76e0-445b-914c-d5ab8905909d","16099a99-f87c-4ef1-8a05-c41a8e3f773e","SNYK-DEBIAN10-CURL-3366771","2025-02-27T18:40:48.906Z","high"
"0708d6a5-c79a-4f28-9fde-b7126a5c7252","670f08fd-76e0-445b-914c-d5ab8905909d","16099a99-f87c-4ef1-8a05-c41a8e3f773e","SNYK-DEBIAN10-GIT-537149","2025-02-27T18:40:48.906Z","high"
"0708d6a5-c79a-4f28-9fde-b7126a5c7252","670f08fd-76e0-445b-914c-d5ab8905909d","16099a99-f87c-4ef1-8a05-c41a8e3f773e","SNYK-DEBIAN10-MARIADB103-2940558","2025-02-27T18:40:48.906Z","high"
"0708d6a5-c79a-4f28-9fde-b7126a5c7252","670f08fd-76e0-445b-914c-d5ab8905909d","16099a99-f87c-4ef1-8a05-c41a8e3f773e","SNYK-DEBIAN10-LIBDE265-6105350","2025-02-27T18:40:48.906Z","high"
"0708d6a5-c79a-4f28-9fde-b7126a5c7252","670f08fd-76e0-445b-914c-d5ab8905909d","16099a99-f87c-4ef1-8a05-c41a8e3f773e","SNYK-DEBIAN10-POSTGRESQL11-5519355","2025-02-27T18:40:48.906Z","high"
"0708d6a5-c79a-4f28-9fde-b7126a5c7252","670f08fd-76e0-445b-914c-d5ab8905909d","16099a99-f87c-4ef1-8a05-c41a8e3f773e","SNYK-DEBIAN10-SQLITE3-539763","2025-02-27T18:40:48.906Z","high"
"0708d6a5-c79a-4f28-9fde-b7126a5c7252","670f08fd-76e0-445b-914c-d5ab8905909d","16099a99-f87c-4ef1-8a05-c41a8e3f773e","SNYK-DEBIAN10-PYTHON27-5423202","2025-02-27T18:40:48.906Z","high"
"0708d6a5-c79a-4f28-9fde-b7126a5c7252","670f08fd-76e0-445b-914c-d5ab8905909d","16099a99-f87c-4ef1-8a05-c41a8e3f773e","SNYK-DEBIAN10-POSTGRESQL11-1040144","2025-02-27T18:40:48.906Z","high"
"0708d6a5-c79a-4f28-9fde-b7126a5c7252","670f08fd-76e0-445b-914c-d5ab8905909d","16099a99-f87c-4ef1-8a05-c41a8e3f773e","SNYK-DEBIAN10-OPENSSL-2426310","2025-02-27T18:40:48.906Z","high"
"0708d6a5-c79a-4f28-9fde-b7126a5c7252","670f08fd-76e0-445b-914c-d5ab8905909d","16099a99-f87c-4ef1-8a05-c41a8e3f773e","SNYK-DEBIAN10-LIBX11-5927157","2025-02-27T18:40:48.906Z","high"
"0708d6a5-c79a-4f28-9fde-b7126a5c7252","670f08fd-76e0-445b-914c-d5ab8905909d","16099a99-f87c-4ef1-8a05-c41a8e3f773e","SNYK-DEBIAN10-MARIADB103-2766367","2025-02-27T18:40:48.906Z","high"
"0708d6a5-c79a-4f28-9fde-b7126a5c7252","670f08fd-76e0-445b-914c-d5ab8905909d","16099a99-f87c-4ef1-8a05-c41a8e3f773e","SNYK-DEBIAN10-IMAGEMAGICK-1042774","2025-02-27T18:40:48.906Z","high"
"0708d6a5-c79a-4f28-9fde-b7126a5c7252","670f08fd-76e0-445b-914c-d5ab8905909d","16099a99-f87c-4ef1-8a05-c41a8e3f773e","SNYK-DEBIAN10-LIBXSLT-2964221","2025-02-27T18:40:48.906Z","high"
"0708d6a5-c79a-4f28-9fde-b7126a5c7252","670f08fd-76e0-445b-914c-d5ab8905909d","16099a99-f87c-4ef1-8a05-c41a8e3f773e","SNYK-DEBIAN10-LIBJPEGTURBO-480829","2025-02-27T18:40:48.906Z","high"
"0708d6a5-c79a-4f28-9fde-b7126a5c7252","670f08fd-76e0-445b-914c-d5ab8905909d","16099a99-f87c-4ef1-8a05-c41a8e3f773e","SNYK-DEBIAN10-SQLITE3-540568","2025-02-27T18:40:48.906Z","high"
"0708d6a5-c79a-4f28-9fde-b7126a5c7252","670f08fd-76e0-445b-914c-d5ab8905909d","16099a99-f87c-4ef1-8a05-c41a8e3f773e","SNYK-DEBIAN10-LIBDE265-6070697","2025-02-27T18:40:48.906Z","high"
"0708d6a5-c79a-4f28-9fde-b7126a5c7252","670f08fd-76e0-445b-914c-d5ab8905909d","16099a99-f87c-4ef1-8a05-c41a8e3f773e","SNYK-DEBIAN10-GIT-3051708","2025-02-27T18:40:48.906Z","high"
"0708d6a5-c79a-4f28-9fde-b7126a5c7252","670f08fd-76e0-445b-914c-d5ab8905909d","16099a99-f87c-4ef1-8a05-c41a8e3f773e","SNYK-DEBIAN10-PYTHON37-1570178","2025-02-27T18:40:48.906Z","high"
"0708d6a5-c79a-4f28-9fde-b7126a5c7252","670f08fd-76e0-445b-914c-d5ab8905909d","16099a99-f87c-4ef1-8a05-c41a8e3f773e","SNYK-DEBIAN10-CURL-573151","2025-02-27T18:40:48.906Z","high"
"0708d6a5-c79a-4f28-9fde-b7126a5c7252","670f08fd-76e0-445b-914c-d5ab8905909d","16099a99-f87c-4ef1-8a05-c41a8e3f773e","SNYK-DEBIAN10-OPENLDAP-1039835","2025-02-27T18:40:48.906Z","high"
"0708d6a5-c79a-4f28-9fde-b7126a5c7252","670f08fd-76e0-445b-914c-d5ab8905909d","16099a99-f87c-4ef1-8a05-c41a8e3f773e","SNYK-DEBIAN10-NCURSES-5421196","2025-02-27T18:40:48.906Z","high"
"0708d6a5-c79a-4f28-9fde-b7126a5c7252","670f08fd-76e0-445b-914c-d5ab8905909d","16099a99-f87c-4ef1-8a05-c41a8e3f773e","SNYK-DEBIAN10-PCRE2-548863","2025-02-27T18:40:48.906Z","high"
"0708d6a5-c79a-4f28-9fde-b7126a5c7252","670f08fd-76e0-445b-914c-d5ab8905909d","16099a99-f87c-4ef1-8a05-c41a8e3f773e","SNYK-DEBIAN10-TIFF-1078788","2025-02-27T18:40:48.906Z","high"
"0708d6a5-c79a-4f28-9fde-b7126a5c7252","670f08fd-76e0-445b-914c-d5ab8905909d","16099a99-f87c-4ef1-8a05-c41a8e3f773e","SNYK-DEBIAN10-LIBXSLT-2964226","2025-02-27T18:40:48.906Z","high"
"0708d6a5-c79a-4f28-9fde-b7126a5c7252","670f08fd-76e0-445b-914c-d5ab8905909d","16099a99-f87c-4ef1-8a05-c41a8e3f773e","SNYK-DEBIAN10-OPENLDAP-1064724","2025-02-27T18:40:48.906Z","high"
"0708d6a5-c79a-4f28-9fde-b7126a5c7252","670f08fd-76e0-445b-914c-d5ab8905909d","16099a99-f87c-4ef1-8a05-c41a8e3f773e","SNYK-DEBIAN10-TIFF-3113870","2025-02-27T18:40:48.906Z","high"
"0708d6a5-c79a-4f28-9fde-b7126a5c7252","670f08fd-76e0-445b-914c-d5ab8905909d","16099a99-f87c-4ef1-8a05-c41a8e3f773e","SNYK-DEBIAN10-EXPAT-2330888","2025-02-27T18:40:48.906Z","high"
"0708d6a5-c79a-4f28-9fde-b7126a5c7252","670f08fd-76e0-445b-914c-d5ab8905909d","16099a99-f87c-4ef1-8a05-c41a8e3f773e","SNYK-UPSTREAM-NODE-1315789","2025-02-27T18:40:48.906Z","high"
"0708d6a5-c79a-4f28-9fde-b7126a5c7252","670f08fd-76e0-445b-914c-d5ab8905909d","16099a99-f87c-4ef1-8a05-c41a8e3f773e","SNYK-DEBIAN10-P11KIT-1050836","2025-02-27T18:40:48.906Z","high"
"0708d6a5-c79a-4f28-9fde-b7126a5c7252","670f08fd-76e0-445b-914c-d5ab8905909d","16099a99-f87c-4ef1-8a05-c41a8e3f773e","SNYK-DEBIAN10-PYTHON37-1013422","2025-02-27T18:40:48.906Z","high"
"0708d6a5-c79a-4f28-9fde-b7126a5c7252","670f08fd-76e0-445b-914c-d5ab8905909d","16099a99-f87c-4ef1-8a05-c41a8e3f773e","SNYK-DEBIAN10-NCURSES-1655739","2025-02-27T18:40:48.906Z","high"
"0708d6a5-c79a-4f28-9fde-b7126a5c7252","670f08fd-76e0-445b-914c-d5ab8905909d","16099a99-f87c-4ef1-8a05-c41a8e3f773e","SNYK-DEBIAN10-LIBDE265-3342947","2025-02-27T18:40:48.906Z","high"
"0708d6a5-c79a-4f28-9fde-b7126a5c7252","670f08fd-76e0-445b-914c-d5ab8905909d","16099a99-f87c-4ef1-8a05-c41a8e3f773e","SNYK-DEBIAN10-PIXMAN-3099046","2025-02-27T18:40:48.906Z","high"
"0708d6a5-c79a-4f28-9fde-b7126a5c7252","670f08fd-76e0-445b-914c-d5ab8905909d","16099a99-f87c-4ef1-8a05-c41a8e3f773e","SNYK-DEBIAN10-KRB5-7411318","2025-02-27T18:40:48.906Z","high"
"0708d6a5-c79a-4f28-9fde-b7126a5c7252","670f08fd-76e0-445b-914c-d5ab8905909d","16099a99-f87c-4ef1-8a05-c41a8e3f773e","SNYK-DEBIAN10-MARIADB103-2940586","2025-02-27T18:40:48.906Z","high"
"0708d6a5-c79a-4f28-9fde-b7126a5c7252","670f08fd-76e0-445b-914c-d5ab8905909d","16099a99-f87c-4ef1-8a05-c41a8e3f773e","SNYK-DEBIAN10-MARIADB103-2940568","2025-02-27T18:40:48.906Z","high"
"0708d6a5-c79a-4f28-9fde-b7126a5c7252","670f08fd-76e0-445b-914c-d5ab8905909d","16099a99-f87c-4ef1-8a05-c41a8e3f773e","SNYK-DEBIAN10-IMAGEMAGICK-5850024","2025-02-27T18:40:48.906Z","high"
"0708d6a5-c79a-4f28-9fde-b7126a5c7252","670f08fd-76e0-445b-914c-d5ab8905909d","16099a99-f87c-4ef1-8a05-c41a8e3f773e","SNYK-DEBIAN10-IMAGEMAGICK-1049976","2025-02-27T18:40:48.906Z","high"
"0708d6a5-c79a-4f28-9fde-b7126a5c7252","670f08fd-76e0-445b-914c-d5ab8905909d","16099a99-f87c-4ef1-8a05-c41a8e3f773e","SNYK-DEBIAN10-KRB5-1320094","2025-02-27T18:40:48.906Z","high"
"0708d6a5-c79a-4f28-9fde-b7126a5c7252","670f08fd-76e0-445b-914c-d5ab8905909d","16099a99-f87c-4ef1-8a05-c41a8e3f773e","SNYK-DEBIAN10-LIBDE265-1585971","2025-02-27T18:40:48.906Z","high"
"0708d6a5-c79a-4f28-9fde-b7126a5c7252","670f08fd-76e0-445b-914c-d5ab8905909d","16099a99-f87c-4ef1-8a05-c41a8e3f773e","SNYK-DEBIAN10-SQLITE3-570494","2025-02-27T18:40:48.906Z","high"
"0708d6a5-c79a-4f28-9fde-b7126a5c7252","670f08fd-76e0-445b-914c-d5ab8905909d","16099a99-f87c-4ef1-8a05-c41a8e3f773e","SNYK-DEBIAN10-UNBOUND-6245698","2025-02-27T18:40:48.906Z","high"
"0708d6a5-c79a-4f28-9fde-b7126a5c7252","670f08fd-76e0-445b-914c-d5ab8905909d","16099a99-f87c-4ef1-8a05-c41a8e3f773e","SNYK-DEBIAN10-XZUTILS-2444279","2025-02-27T18:40:48.906Z","high"
"0708d6a5-c79a-4f28-9fde-b7126a5c7252","670f08fd-76e0-445b-914c-d5ab8905909d","16099a99-f87c-4ef1-8a05-c41a8e3f773e","SNYK-DEBIAN10-POSTGRESQL11-1040143","2025-02-27T18:40:48.906Z","high"
"0708d6a5-c79a-4f28-9fde-b7126a5c7252","670f08fd-76e0-445b-914c-d5ab8905909d","16099a99-f87c-4ef1-8a05-c41a8e3f773e","SNYK-DEBIAN10-SYSTEMD-6277513","2025-02-27T18:40:48.906Z","high"
"0708d6a5-c79a-4f28-9fde-b7126a5c7252","670f08fd-76e0-445b-914c-d5ab8905909d","16099a99-f87c-4ef1-8a05-c41a8e3f773e","SNYK-DEBIAN10-CYRUSSASL2-2412041","2025-02-27T18:40:48.906Z","high"
"0708d6a5-c79a-4f28-9fde-b7126a5c7252","670f08fd-76e0-445b-914c-d5ab8905909d","16099a99-f87c-4ef1-8a05-c41a8e3f773e","SNYK-DEBIAN10-PYTHON27-2764959","2025-02-27T18:40:48.906Z","high"
"0708d6a5-c79a-4f28-9fde-b7126a5c7252","670f08fd-76e0-445b-914c-d5ab8905909d","16099a99-f87c-4ef1-8a05-c41a8e3f773e","SNYK-DEBIAN10-ZLIB-2433934","2025-02-27T18:40:48.906Z","high"
"0708d6a5-c79a-4f28-9fde-b7126a5c7252","670f08fd-76e0-445b-914c-d5ab8905909d","16099a99-f87c-4ef1-8a05-c41a8e3f773e","SNYK-DEBIAN10-CURL-2813772","2025-02-27T18:40:48.906Z","high"
"0708d6a5-c79a-4f28-9fde-b7126a5c7252","670f08fd-76e0-445b-914c-d5ab8905909d","16099a99-f87c-4ef1-8a05-c41a8e3f773e","SNYK-DEBIAN10-LIBDE265-3342950","2025-02-27T18:40:48.906Z","high"
"0708d6a5-c79a-4f28-9fde-b7126a5c7252","670f08fd-76e0-445b-914c-d5ab8905909d","16099a99-f87c-4ef1-8a05-c41a8e3f773e","SNYK-DEBIAN10-MARIADB103-2766361","2025-02-27T18:40:48.906Z","high"
"0708d6a5-c79a-4f28-9fde-b7126a5c7252","670f08fd-76e0-445b-914c-d5ab8905909d","16099a99-f87c-4ef1-8a05-c41a8e3f773e","SNYK-DEBIAN10-GLIB20-1075023","2025-02-27T18:40:48.906Z","high"
"0708d6a5-c79a-4f28-9fde-b7126a5c7252","670f08fd-76e0-445b-914c-d5ab8905909d","16099a99-f87c-4ef1-8a05-c41a8e3f773e","SNYK-DEBIAN10-OPENLDAP-1064737","2025-02-27T18:40:48.906Z","high"
"0708d6a5-c79a-4f28-9fde-b7126a5c7252","670f08fd-76e0-445b-914c-d5ab8905909d","16099a99-f87c-4ef1-8a05-c41a8e3f773e","SNYK-UPSTREAM-NODE-8663306","2025-02-27T18:40:48.906Z","high"
"0708d6a5-c79a-4f28-9fde-b7126a5c7252","670f08fd-76e0-445b-914c-d5ab8905909d","16099a99-f87c-4ef1-8a05-c41a8e3f773e","SNYK-DEBIAN10-LIBX11-5710890","2025-02-27T18:40:48.906Z","high"
"0708d6a5-c79a-4f28-9fde-b7126a5c7252","670f08fd-76e0-445b-914c-d5ab8905909d","16099a99-f87c-4ef1-8a05-c41a8e3f773e","SNYK-DEBIAN10-GIT-2635966","2025-02-27T18:40:48.906Z","high"
"0708d6a5-c79a-4f28-9fde-b7126a5c7252","670f08fd-76e0-445b-914c-d5ab8905909d","16099a99-f87c-4ef1-8a05-c41a8e3f773e","SNYK-DEBIAN10-GNUTLS28-3318300","2025-02-27T18:40:48.906Z","high"
"0708d6a5-c79a-4f28-9fde-b7126a5c7252","670f08fd-76e0-445b-914c-d5ab8905909d","16099a99-f87c-4ef1-8a05-c41a8e3f773e","SNYK-DEBIAN10-PYTHON37-2764966","2025-02-27T18:40:48.906Z","high"
"0708d6a5-c79a-4f28-9fde-b7126a5c7252","670f08fd-76e0-445b-914c-d5ab8905909d","16099a99-f87c-4ef1-8a05-c41a8e3f773e","SNYK-DEBIAN10-OPENSSL-3314585","2025-02-27T18:40:48.906Z","high"
"0708d6a5-c79a-4f28-9fde-b7126a5c7252","670f08fd-76e0-445b-914c-d5ab8905909d","16099a99-f87c-4ef1-8a05-c41a8e3f773e","SNYK-DEBIAN10-NGHTTP2-1584531","2025-02-27T18:40:48.906Z","high"
"0708d6a5-c79a-4f28-9fde-b7126a5c7252","670f08fd-76e0-445b-914c-d5ab8905909d","16099a99-f87c-4ef1-8a05-c41a8e3f773e","SNYK-DEBIAN10-IMAGEMAGICK-5858554","2025-02-27T18:40:48.906Z","high"
"0708d6a5-c79a-4f28-9fde-b7126a5c7252","670f08fd-76e0-445b-914c-d5ab8905909d","16099a99-f87c-4ef1-8a05-c41a8e3f773e","SNYK-UPSTREAM-NODE-1243765","2025-02-27T18:40:48.906Z","high"
"0708d6a5-c79a-4f28-9fde-b7126a5c7252","670f08fd-76e0-445b-914c-d5ab8905909d","16099a99-f87c-4ef1-8a05-c41a8e3f773e","SNYK-DEBIAN10-LIBXML2-3059798","2025-02-27T18:40:48.906Z","high"
"0708d6a5-c79a-4f28-9fde-b7126a5c7252","670f08fd-76e0-445b-914c-d5ab8905909d","16099a99-f87c-4ef1-8a05-c41a8e3f773e","SNYK-DEBIAN10-EXPAT-3061092","2025-02-27T18:40:48.906Z","high"
"0708d6a5-c79a-4f28-9fde-b7126a5c7252","670f08fd-76e0-445b-914c-d5ab8905909d","16099a99-f87c-4ef1-8a05-c41a8e3f773e","SNYK-DEBIAN10-IMAGEMAGICK-1244105","2025-02-27T18:40:48.906Z","high"
"0708d6a5-c79a-4f28-9fde-b7126a5c7252","670f08fd-76e0-445b-914c-d5ab8905909d","16099a99-f87c-4ef1-8a05-c41a8e3f773e","SNYK-DEBIAN10-MARIADB103-2766279","2025-02-27T18:40:48.906Z","high"
"0708d6a5-c79a-4f28-9fde-b7126a5c7252","670f08fd-76e0-445b-914c-d5ab8905909d","16099a99-f87c-4ef1-8a05-c41a8e3f773e","SNYK-DEBIAN10-GMP-1920939","2025-02-27T18:40:48.906Z","high"
"0708d6a5-c79a-4f28-9fde-b7126a5c7252","670f08fd-76e0-445b-914c-d5ab8905909d","16099a99-f87c-4ef1-8a05-c41a8e3f773e","SNYK-DEBIAN10-DJVULIBRE-1290628","2025-02-27T18:40:48.906Z","high"
"0708d6a5-c79a-4f28-9fde-b7126a5c7252","670f08fd-76e0-445b-914c-d5ab8905909d","16099a99-f87c-4ef1-8a05-c41a8e3f773e","SNYK-DEBIAN10-OPENSSL-2807585","2025-02-27T18:40:48.906Z","high"
"0708d6a5-c79a-4f28-9fde-b7126a5c7252","670f08fd-76e0-445b-914c-d5ab8905909d","16099a99-f87c-4ef1-8a05-c41a8e3f773e","SNYK-DEBIAN10-PYTHON27-5423193","2025-02-27T18:40:48.906Z","high"
"0708d6a5-c79a-4f28-9fde-b7126a5c7252","670f08fd-76e0-445b-914c-d5ab8905909d","16099a99-f87c-4ef1-8a05-c41a8e3f773e","SNYK-DEBIAN10-OPENSSL-1569406","2025-02-27T18:40:48.906Z","high"
"0708d6a5-c79a-4f28-9fde-b7126a5c7252","670f08fd-76e0-445b-914c-d5ab8905909d","16099a99-f87c-4ef1-8a05-c41a8e3f773e","SNYK-DEBIAN10-LIBX11-608548","2025-02-27T18:40:48.906Z","high"
"0708d6a5-c79a-4f28-9fde-b7126a5c7252","670f08fd-76e0-445b-914c-d5ab8905909d","16099a99-f87c-4ef1-8a05-c41a8e3f773e","SNYK-DEBIAN10-MARIADB103-2766401","2025-02-27T18:40:48.906Z","high"
"0708d6a5-c79a-4f28-9fde-b7126a5c7252","670f08fd-76e0-445b-914c-d5ab8905909d","16099a99-f87c-4ef1-8a05-c41a8e3f773e","SNYK-DEBIAN10-OPENJPEG2-1047355","2025-02-27T18:40:48.906Z","high"
"0708d6a5-c79a-4f28-9fde-b7126a5c7252","670f08fd-76e0-445b-914c-d5ab8905909d","dca4577d-ef6f-4cf8-bbe1-760cb031fe45","SNYK-JS-IP-6240864","2025-02-27T18:40:49.41Z","high"
"0708d6a5-c79a-4f28-9fde-b7126a5c7252","670f08fd-76e0-445b-914c-d5ab8905909d","dca4577d-ef6f-4cf8-bbe1-760cb031fe45","SNYK-JS-FOLLOWREDIRECTS-6141137","2025-02-27T18:40:49.41Z","high"
"0708d6a5-c79a-4f28-9fde-b7126a5c7252","670f08fd-76e0-445b-914c-d5ab8905909d","dca4577d-ef6f-4cf8-bbe1-760cb031fe45","SNYK-JS-TAR-1536531","2025-02-27T18:40:49.41Z","high"
"0708d6a5-c79a-4f28-9fde-b7126a5c7252","670f08fd-76e0-445b-914c-d5ab8905909d","dca4577d-ef6f-4cf8-bbe1-760cb031fe45","SNYK-JS-BROWSERIFYSIGN-6037026","2025-02-27T18:40:49.41Z","high"
"0708d6a5-c79a-4f28-9fde-b7126a5c7252","670f08fd-76e0-445b-914c-d5ab8905909d","dca4577d-ef6f-4cf8-bbe1-760cb031fe45","SNYK-JS-TAR-1579152","2025-02-27T18:40:49.41Z","high"
"0708d6a5-c79a-4f28-9fde-b7126a5c7252","670f08fd-76e0-445b-914c-d5ab8905909d","dca4577d-ef6f-4cf8-bbe1-760cb031fe45","SNYK-JS-NODEFORGE-2430339","2025-02-27T18:40:49.41Z","high"
"0708d6a5-c79a-4f28-9fde-b7126a5c7252","670f08fd-76e0-445b-914c-d5ab8905909d","dca4577d-ef6f-4cf8-bbe1-760cb031fe45","SNYK-JS-SEMVER-3247795","2025-02-27T18:40:49.41Z","high"
"0708d6a5-c79a-4f28-9fde-b7126a5c7252","670f08fd-76e0-445b-914c-d5ab8905909d","dca4577d-ef6f-4cf8-bbe1-760cb031fe45","SNYK-JS-TRIMNEWLINES-1298042","2025-02-27T18:40:49.41Z","high"
"0708d6a5-c79a-4f28-9fde-b7126a5c7252","670f08fd-76e0-445b-914c-d5ab8905909d","dca4577d-ef6f-4cf8-bbe1-760cb031fe45","SNYK-JS-TAR-1536528","2025-02-27T18:40:49.41Z","high"
"0708d6a5-c79a-4f28-9fde-b7126a5c7252","670f08fd-76e0-445b-914c-d5ab8905909d","dca4577d-ef6f-4cf8-bbe1-760cb031fe45","SNYK-JS-UNSETVALUE-2400660","2025-02-27T18:40:49.41Z","high"
"0708d6a5-c79a-4f28-9fde-b7126a5c7252","670f08fd-76e0-445b-914c-d5ab8905909d","dca4577d-ef6f-4cf8-bbe1-760cb031fe45","SNYK-JS-BODYPARSER-7926860","2025-02-27T18:40:49.41Z","high"
"0708d6a5-c79a-4f28-9fde-b7126a5c7252","670f08fd-76e0-445b-914c-d5ab8905909d","dca4577d-ef6f-4cf8-bbe1-760cb031fe45","SNYK-JS-WS-7266574","2025-02-27T18:40:49.41Z","high"
"0708d6a5-c79a-4f28-9fde-b7126a5c7252","670f08fd-76e0-445b-914c-d5ab8905909d","dca4577d-ef6f-4cf8-bbe1-760cb031fe45","SNYK-JS-TAR-1579147","2025-02-27T18:40:49.41Z","high"
"0708d6a5-c79a-4f28-9fde-b7126a5c7252","670f08fd-76e0-445b-914c-d5ab8905909d","dca4577d-ef6f-4cf8-bbe1-760cb031fe45","SNYK-JS-DECODEURICOMPONENT-3149970","2025-02-27T18:40:49.41Z","high"
"0708d6a5-c79a-4f28-9fde-b7126a5c7252","670f08fd-76e0-445b-914c-d5ab8905909d","dca4577d-ef6f-4cf8-bbe1-760cb031fe45","SNYK-JS-LOADERUTILS-3043105","2025-02-27T18:40:49.41Z","high"
"0708d6a5-c79a-4f28-9fde-b7126a5c7252","670f08fd-76e0-445b-914c-d5ab8905909d","dca4577d-ef6f-4cf8-bbe1-760cb031fe45","SNYK-JS-NODESASS-535500","2025-02-27T18:40:49.41Z","high"
"0708d6a5-c79a-4f28-9fde-b7126a5c7252","670f08fd-76e0-445b-914c-d5ab8905909d","dca4577d-ef6f-4cf8-bbe1-760cb031fe45","SNYK-JS-NTHCHECK-1586032","2025-02-27T18:40:49.41Z","high"
"0708d6a5-c79a-4f28-9fde-b7126a5c7252","670f08fd-76e0-445b-914c-d5ab8905909d","dca4577d-ef6f-4cf8-bbe1-760cb031fe45","SNYK-JS-TAR-1579155","2025-02-27T18:40:49.41Z","high"
"0708d6a5-c79a-4f28-9fde-b7126a5c7252","670f08fd-76e0-445b-914c-d5ab8905909d","dca4577d-ef6f-4cf8-bbe1-760cb031fe45","SNYK-JS-ELLIPTIC-8172694","2025-02-27T18:40:49.41Z","high"
"0708d6a5-c79a-4f28-9fde-b7126a5c7252","670f08fd-76e0-445b-914c-d5ab8905909d","dca4577d-ef6f-4cf8-bbe1-760cb031fe45","SNYK-JS-OBJECTPATH-1585658","2025-02-27T18:40:49.41Z","high"
"0708d6a5-c79a-4f28-9fde-b7126a5c7252","670f08fd-76e0-445b-914c-d5ab8905909d","dca4577d-ef6f-4cf8-bbe1-760cb031fe45","SNYK-JS-OBJECTPATH-1017036","2025-02-27T18:40:49.41Z","high"
"0708d6a5-c79a-4f28-9fde-b7126a5c7252","670f08fd-76e0-445b-914c-d5ab8905909d","dca4577d-ef6f-4cf8-bbe1-760cb031fe45","SNYK-JS-ES5EXT-6095076","2025-02-27T18:40:49.41Z","high"
"0708d6a5-c79a-4f28-9fde-b7126a5c7252","670f08fd-76e0-445b-914c-d5ab8905909d","dca4577d-ef6f-4cf8-bbe1-760cb031fe45","SNYK-JS-ANSIREGEX-1583908","2025-02-27T18:40:49.41Z","high"
"0708d6a5-c79a-4f28-9fde-b7126a5c7252","670f08fd-76e0-445b-914c-d5ab8905909d","dca4577d-ef6f-4cf8-bbe1-760cb031fe45","SNYK-JS-HTTPPROXYMIDDLEWARE-8229906","2025-02-27T18:40:49.41Z","high"
"0708d6a5-c79a-4f28-9fde-b7126a5c7252","670f08fd-76e0-445b-914c-d5ab8905909d","dca4577d-ef6f-4cf8-bbe1-760cb031fe45","SNYK-JS-CROSSSPAWN-8303230","2025-02-27T18:40:49.41Z","high"
"0708d6a5-c79a-4f28-9fde-b7126a5c7252","670f08fd-76e0-445b-914c-d5ab8905909d","dca4577d-ef6f-4cf8-bbe1-760cb031fe45","SNYK-JS-NODESASS-541000","2025-02-27T18:40:49.41Z","high"
"0708d6a5-c79a-4f28-9fde-b7126a5c7252","670f08fd-76e0-445b-914c-d5ab8905909d","dca4577d-ef6f-4cf8-bbe1-760cb031fe45","SNYK-JS-ANSIHTML-1296849","2025-02-27T18:40:49.41Z","high"
"0708d6a5-c79a-4f28-9fde-b7126a5c7252","670f08fd-76e0-445b-914c-d5ab8905909d","dca4577d-ef6f-4cf8-bbe1-760cb031fe45","SNYK-JS-WEBPACKDEVMIDDLEWARE-6476555","2025-02-27T18:40:49.41Z","high"
"0708d6a5-c79a-4f28-9fde-b7126a5c7252","670f08fd-76e0-445b-914c-d5ab8905909d","dca4577d-ef6f-4cf8-bbe1-760cb031fe45","snyk:lic:npm:qrious:GPL-3.0","2025-02-27T18:40:49.41Z","high"
"0708d6a5-c79a-4f28-9fde-b7126a5c7252","670f08fd-76e0-445b-914c-d5ab8905909d","dca4577d-ef6f-4cf8-bbe1-760cb031fe45","SNYK-JS-BRACES-6838727","2025-02-27T18:40:49.41Z","high"
"0708d6a5-c79a-4f28-9fde-b7126a5c7252","670f08fd-76e0-445b-914c-d5ab8905909d","a0595b98-d6c4-4cf8-9a87-29584ead2699","SNYK-GOLANG-GOLANGORGXNETHTTPHTTPPROXY-9058601","2025-03-06T07:26:16.278Z","high"
"0708d6a5-c79a-4f28-9fde-b7126a5c7252","670f08fd-76e0-445b-914c-d5ab8905909d","d06b89d4-2a56-4342-9946-b8c8a8e9d7df","SNYK-JS-TARFS-9535930","2025-03-29T07:36:34.701Z","high"
"0708d6a5-c79a-4f28-9fde-b7126a5c7252","670f08fd-76e0-445b-914c-d5ab8905909d","d06b89d4-2a56-4342-9946-b8c8a8e9d7df","SNYK-JS-MULTER-10185675","2025-05-21T09:52:03.192Z","high"
"0708d6a5-c79a-4f28-9fde-b7126a5c7252","670f08fd-76e0-445b-914c-d5ab8905909d","d06b89d4-2a56-4342-9946-b8c8a8e9d7df","SNYK-JS-MULTER-10185673","2025-05-21T09:52:03.192Z","high"
"0708d6a5-c79a-4f28-9fde-b7126a5c7252","670f08fd-76e0-445b-914c-d5ab8905909d","d06b89d4-2a56-4342-9946-b8c8a8e9d7df","SNYK-JS-TARFS-10293725","2025-06-04T04:09:27.449Z","high"
"0708d6a5-c79a-4f28-9fde-b7126a5c7252","670f08fd-76e0-445b-914c-d5ab8905909d","dca4577d-ef6f-4cf8-bbe1-760cb031fe45","SNYK-JS-WEBPACKDEVSERVER-10300775","2025-06-05T09:24:53.033Z","high"
"0708d6a5-c79a-4f28-9fde-b7126a5c7252","670f08fd-76e0-445b-914c-d5ab8905909d","a68bed7b-1294-40f4-8e1c-19173c9aa7f8","SNYK-DEBIAN11-PAM-10378967","2025-06-19T11:05:52.971Z","high"
"0708d6a5-c79a-4f28-9fde-b7126a5c7252","670f08fd-76e0-445b-914c-d5ab8905909d","a68bed7b-1294-40f4-8e1c-19173c9aa7f8","SNYK-DEBIAN11-GNUTLS28-10690988","2025-07-11T06:46:58.062Z","high"
"0708d6a5-c79a-4f28-9fde-b7126a5c7252","670f08fd-76e0-445b-914c-d5ab8905909d","a68bed7b-1294-40f4-8e1c-19173c9aa7f8","SNYK-DEBIAN11-GNUTLS28-10690986","2025-07-11T06:46:58.062Z","high"
"0708d6a5-c79a-4f28-9fde-b7126a5c7252","670f08fd-76e0-445b-914c-d5ab8905909d","d06b89d4-2a56-4342-9946-b8c8a8e9d7df","SNYK-JS-MULTER-10773732","2025-07-18T09:34:18.031Z","high"
"0708d6a5-c79a-4f28-9fde-b7126a5c7252","670f08fd-76e0-445b-914c-d5ab8905909d","11eb0c8d-d36b-4dce-a30f-7a0a47e87a9b","SNYK-JS-IP-12761655","2025-09-17T10:06:15.865Z","high"
"0708d6a5-c79a-4f28-9fde-b7126a5c7252","670f08fd-76e0-445b-914c-d5ab8905909d","11eb0c8d-d36b-4dce-a30f-7a0a47e87a9b","SNYK-JS-IP-12704893","2025-09-17T10:06:15.865Z","high"
"0708d6a5-c79a-4f28-9fde-b7126a5c7252","670f08fd-76e0-445b-914c-d5ab8905909d","dca4577d-ef6f-4cf8-bbe1-760cb031fe45","SNYK-JS-IP-12761655","2025-09-17T10:08:11.682Z","high"
"0708d6a5-c79a-4f28-9fde-b7126a5c7252","670f08fd-76e0-445b-914c-d5ab8905909d","dca4577d-ef6f-4cf8-bbe1-760cb031fe45","SNYK-JS-IP-12704893","2025-09-17T10:08:11.682Z","high"
"0708d6a5-c79a-4f28-9fde-b7126a5c7252","670f08fd-76e0-445b-914c-d5ab8905909d","d06b89d4-2a56-4342-9946-b8c8a8e9d7df","SNYK-JS-VALIDATOR-13653476","2025-11-26T17:04:04.672Z","high"
"0708d6a5-c79a-4f28-9fde-b7126a5c7252","670f08fd-76e0-445b-914c-d5ab8905909d","dca4577d-ef6f-4cf8-bbe1-760cb031fe45","SNYK-JS-ANGULARCOMMON-14135651","2025-11-27T14:36:16.293Z","high"
"0708d6a5-c79a-4f28-9fde-b7126a5c7252","670f08fd-76e0-445b-914c-d5ab8905909d","dca4577d-ef6f-4cf8-bbe1-760cb031fe45","SNYK-JS-NODEFORGE-14125745","2025-11-27T14:36:16.293Z","high"
"0708d6a5-c79a-4f28-9fde-b7126a5c7252","670f08fd-76e0-445b-914c-d5ab8905909d","dca4577d-ef6f-4cf8-bbe1-760cb031fe45","SNYK-JS-ANGULARCOMPILER-14157154","2025-12-03T10:05:27.904Z","high"
"0708d6a5-c79a-4f28-9fde-b7126a5c7252","670f08fd-76e0-445b-914c-d5ab8905909d","d06b89d4-2a56-4342-9946-b8c8a8e9d7df","SNYK-JS-JWS-14188253","2025-12-05T12:38:07.931Z","high"
"0708d6a5-c79a-4f28-9fde-b7126a5c7252","670f08fd-76e0-445b-914c-d5ab8905909d","a68bed7b-1294-40f4-8e1c-19173c9aa7f8","SNYK-DEBIAN11-GNUPG2-14723303","2025-12-29T10:20:30.868Z","high"
"0708d6a5-c79a-4f28-9fde-b7126a5c7252","670f08fd-76e0-445b-914c-d5ab8905909d","11eb0c8d-d36b-4dce-a30f-7a0a47e87a9b","SNYK-JS-QS-14724253","2025-12-30T10:31:16.573Z","high"
"0708d6a5-c79a-4f28-9fde-b7126a5c7252","670f08fd-76e0-445b-914c-d5ab8905909d","d06b89d4-2a56-4342-9946-b8c8a8e9d7df","SNYK-JS-QS-14724253","2025-12-30T10:32:55.537Z","high"
"0708d6a5-c79a-4f28-9fde-b7126a5c7252","670f08fd-76e0-445b-914c-d5ab8905909d","dca4577d-ef6f-4cf8-bbe1-760cb031fe45","SNYK-JS-QS-14724253","2025-12-30T10:32:55.726Z","high"
"0708d6a5-c79a-4f28-9fde-b7126a5c7252","670f08fd-76e0-445b-914c-d5ab8905909d","16099a99-f87c-4ef1-8a05-c41a8e3f773e","SNYK-UPSTREAM-NODE-14929624","2026-01-16T16:55:42.254Z","high"
"0708d6a5-c79a-4f28-9fde-b7126a5c7252","670f08fd-76e0-445b-914c-d5ab8905909d","16099a99-f87c-4ef1-8a05-c41a8e3f773e","SNYK-UPSTREAM-NODE-14928586","2026-01-16T16:55:42.254Z","high"
"0708d6a5-c79a-4f28-9fde-b7126a5c7252","670f08fd-76e0-445b-914c-d5ab8905909d","16099a99-f87c-4ef1-8a05-c41a8e3f773e","SNYK-UPSTREAM-NODE-14975915","2026-01-16T16:55:42.254Z","high"
"0708d6a5-c79a-4f28-9fde-b7126a5c7252","670f08fd-76e0-445b-914c-d5ab8905909d","16099a99-f87c-4ef1-8a05-c41a8e3f773e","SNYK-UPSTREAM-NODE-10847885","2026-01-16T16:55:42.254Z","high"
"0708d6a5-c79a-4f28-9fde-b7126a5c7252","670f08fd-76e0-445b-914c-d5ab8905909d","16099a99-f87c-4ef1-8a05-c41a8e3f773e","SNYK-UPSTREAM-NODE-14982196","2026-01-16T16:55:42.254Z","high"
"0708d6a5-c79a-4f28-9fde-b7126a5c7252","670f08fd-76e0-445b-914c-d5ab8905909d","16099a99-f87c-4ef1-8a05-c41a8e3f773e","SNYK-UPSTREAM-NODE-10169632","2026-01-16T16:55:42.254Z","high"
"0708d6a5-c79a-4f28-9fde-b7126a5c7252","670f08fd-76e0-445b-914c-d5ab8905909d","d06b89d4-2a56-4342-9946-b8c8a8e9d7df","SNYK-JS-VM2-15116160","2026-01-28T12:48:43.249Z","high"
"0708d6a5-c79a-4f28-9fde-b7126a5c7252","670f08fd-76e0-445b-914c-d5ab8905909d","a68bed7b-1294-40f4-8e1c-19173c9aa7f8","SNYK-DEBIAN11-OPENSSL-15123191","2026-01-28T12:53:25.723Z","high"
"0708d6a5-c79a-4f28-9fde-b7126a5c7252","670f08fd-76e0-445b-914c-d5ab8905909d","dca4577d-ef6f-4cf8-bbe1-760cb031fe45","SNYK-JS-QS-15268416","2026-02-12T14:16:04.791Z","high"
"0708d6a5-c79a-4f28-9fde-b7126a5c7252","670f08fd-76e0-445b-914c-d5ab8905909d","d06b89d4-2a56-4342-9946-b8c8a8e9d7df","SNYK-JS-QS-15268416","2026-02-12T15:02:44.65Z","high"
"0708d6a5-c79a-4f28-9fde-b7126a5c7252","670f08fd-76e0-445b-914c-d5ab8905909d","d06b89d4-2a56-4342-9946-b8c8a8e9d7df","SNYK-JS-AJV-15274295","2026-02-14T14:52:12.14Z","high"
"0708d6a5-c79a-4f28-9fde-b7126a5c7252","670f08fd-76e0-445b-914c-d5ab8905909d","11eb0c8d-d36b-4dce-a30f-7a0a47e87a9b","SNYK-JS-AJV-15274295","2026-02-14T15:03:53.333Z","high"
"0708d6a5-c79a-4f28-9fde-b7126a5c7252","670f08fd-76e0-445b-914c-d5ab8905909d","dca4577d-ef6f-4cf8-bbe1-760cb031fe45","SNYK-JS-AJV-15274295","2026-02-14T15:06:49.773Z","high"
"0708d6a5-c79a-4f28-9fde-b7126a5c7252","670f08fd-76e0-445b-914c-d5ab8905909d","11eb0c8d-d36b-4dce-a30f-7a0a47e87a9b","SNYK-JS-TAR-15307072","2026-02-18T07:19:51.47Z","high"
"0708d6a5-c79a-4f28-9fde-b7126a5c7252","670f08fd-76e0-445b-914c-d5ab8905909d","dca4577d-ef6f-4cf8-bbe1-760cb031fe45","SNYK-JS-TAR-15307072","2026-02-18T07:23:04.903Z","high"
"0708d6a5-c79a-4f28-9fde-b7126a5c7252","670f08fd-76e0-445b-914c-d5ab8905909d","d06b89d4-2a56-4342-9946-b8c8a8e9d7df","SNYK-JS-TAR-15307072","2026-02-18T08:02:59.677Z","high"
"0708d6a5-c79a-4f28-9fde-b7126a5c7252","670f08fd-76e0-445b-914c-d5ab8905909d","11eb0c8d-d36b-4dce-a30f-7a0a47e87a9b","SNYK-JS-MINIMATCH-15309438","2026-02-19T12:19:22.189Z","high"
"0708d6a5-c79a-4f28-9fde-b7126a5c7252","670f08fd-76e0-445b-914c-d5ab8905909d","dca4577d-ef6f-4cf8-bbe1-760cb031fe45","SNYK-JS-MINIMATCH-15309438","2026-02-19T12:53:36.583Z","high"
"0708d6a5-c79a-4f28-9fde-b7126a5c7252","670f08fd-76e0-445b-914c-d5ab8905909d","d06b89d4-2a56-4342-9946-b8c8a8e9d7df","SNYK-JS-MINIMATCH-15309438","2026-02-19T13:27:22.539Z","high"
"0708d6a5-c79a-4f28-9fde-b7126a5c7252","670f08fd-76e0-445b-914c-d5ab8905909d","11eb0c8d-d36b-4dce-a30f-7a0a47e87a9b","SNYK-JS-MINIMATCH-15353389","2026-02-26T12:34:26.985Z","high"
"0708d6a5-c79a-4f28-9fde-b7126a5c7252","670f08fd-76e0-445b-914c-d5ab8905909d","d06b89d4-2a56-4342-9946-b8c8a8e9d7df","SNYK-JS-MINIMATCH-15353389","2026-02-26T13:55:52.783Z","high"
"0708d6a5-c79a-4f28-9fde-b7126a5c7252","670f08fd-76e0-445b-914c-d5ab8905909d","dca4577d-ef6f-4cf8-bbe1-760cb031fe45","SNYK-JS-MINIMATCH-15353389","2026-02-26T14:26:24.592Z","high"
"0708d6a5-c79a-4f28-9fde-b7126a5c7252","670f08fd-76e0-445b-914c-d5ab8905909d","dca4577d-ef6f-4cf8-bbe1-760cb031fe45","SNYK-JS-ROLLUP-15340920","2026-02-26T14:26:24.592Z","high"
"0708d6a5-c79a-4f28-9fde-b7126a5c7252","670f08fd-76e0-445b-914c-d5ab8905909d","dca4577d-ef6f-4cf8-bbe1-760cb031fe45","SNYK-JS-ANGULARCORE-15353393","2026-02-26T14:26:24.592Z","high"
"0708d6a5-c79a-4f28-9fde-b7126a5c7252","670f08fd-76e0-445b-914c-d5ab8905909d","dca4577d-ef6f-4cf8-bbe1-760cb031fe45","SNYK-JS-SERIALIZEJAVASCRIPT-570062","2026-03-01T12:23:37.194Z","high"
"0708d6a5-c79a-4f28-9fde-b7126a5c7252","670f08fd-76e0-445b-914c-d5ab8905909d","d06b89d4-2a56-4342-9946-b8c8a8e9d7df","SNYK-JS-MULTER-15365916","2026-03-01T12:25:31.79Z","high"
"0708d6a5-c79a-4f28-9fde-b7126a5c7252","670f08fd-76e0-445b-914c-d5ab8905909d","d06b89d4-2a56-4342-9946-b8c8a8e9d7df","SNYK-JS-MULTER-15365918","2026-03-01T12:25:31.79Z","high"
"0708d6a5-c79a-4f28-9fde-b7126a5c7252","670f08fd-76e0-445b-914c-d5ab8905909d","dca4577d-ef6f-4cf8-bbe1-760cb031fe45","SNYK-JS-TAR-15416075","2026-03-05T11:40:39.417Z","high"
"0708d6a5-c79a-4f28-9fde-b7126a5c7252","670f08fd-76e0-445b-914c-d5ab8905909d","d06b89d4-2a56-4342-9946-b8c8a8e9d7df","SNYK-JS-MULTER-15417528","2026-03-05T12:56:48.343Z","high"
"0708d6a5-c79a-4f28-9fde-b7126a5c7252","670f08fd-76e0-445b-914c-d5ab8905909d","d06b89d4-2a56-4342-9946-b8c8a8e9d7df","SNYK-JS-TAR-15416075","2026-03-05T12:56:48.343Z","high"
"0708d6a5-c79a-4f28-9fde-b7126a5c7252","670f08fd-76e0-445b-914c-d5ab8905909d","11eb0c8d-d36b-4dce-a30f-7a0a47e87a9b","SNYK-JS-TAR-15416075","2026-03-06T11:36:37.284Z","high"
"0708d6a5-c79a-4f28-9fde-b7126a5c7252","670f08fd-76e0-445b-914c-d5ab8905909d","11eb0c8d-d36b-4dce-a30f-7a0a47e87a9b","SNYK-JS-TAR-15456201","2026-03-11T12:56:59.481Z","high"
"0708d6a5-c79a-4f28-9fde-b7126a5c7252","670f08fd-76e0-445b-914c-d5ab8905909d","dca4577d-ef6f-4cf8-bbe1-760cb031fe45","SNYK-JS-TAR-15456201","2026-03-13T14:41:29.589Z","high"
"0708d6a5-c79a-4f28-9fde-b7126a5c7252","670f08fd-76e0-445b-914c-d5ab8905909d","d06b89d4-2a56-4342-9946-b8c8a8e9d7df","SNYK-JS-TAR-15456201","2026-03-13T14:53:36.496Z","high"
"0708d6a5-c79a-4f28-9fde-b7126a5c7252","670f08fd-76e0-445b-914c-d5ab8905909d","d06b89d4-2a56-4342-9946-b8c8a8e9d7df","SNYK-JS-SOCKETIOPARSER-15680278","2026-03-19T11:37:22.032Z","high"
"0708d6a5-c79a-4f28-9fde-b7126a5c7252","670f08fd-76e0-445b-914c-d5ab8905909d","dca4577d-ef6f-4cf8-bbe1-760cb031fe45","SNYK-JS-SOCKETIOPARSER-15680278","2026-03-19T13:55:28.426Z","high"
"0708d6a5-c79a-4f28-9fde-b7126a5c7252","fe401826-cd35-484d-b648-30eb5ed2d3e0","929f510b-05ec-4d99-b93b-48f6643eb2cd","npm:adm-zip:20180415","2025-03-19T15:36:05.086Z","critical"
"0708d6a5-c79a-4f28-9fde-b7126a5c7252","fe401826-cd35-484d-b648-30eb5ed2d3e0","929f510b-05ec-4d99-b93b-48f6643eb2cd","SNYK-JS-HANDLEBARS-534988","2025-03-19T15:36:05.086Z","critical"
"0708d6a5-c79a-4f28-9fde-b7126a5c7252","fe401826-cd35-484d-b648-30eb5ed2d3e0","929f510b-05ec-4d99-b93b-48f6643eb2cd","SNYK-JS-BABELTRAVERSE-5962463","2025-03-19T15:36:05.086Z","critical"
"0708d6a5-c79a-4f28-9fde-b7126a5c7252","fe401826-cd35-484d-b648-30eb5ed2d3e0","929f510b-05ec-4d99-b93b-48f6643eb2cd","SNYK-JS-FORMDATA-10841150","2025-07-21T09:51:46.52Z","critical"
"0708d6a5-c79a-4f28-9fde-b7126a5c7252","fe401826-cd35-484d-b648-30eb5ed2d3e0","929f510b-05ec-4d99-b93b-48f6643eb2cd","SNYK-JS-SHAJS-12089400","2025-08-22T09:41:29.063Z","critical"
"0708d6a5-c79a-4f28-9fde-b7126a5c7252","fe401826-cd35-484d-b648-30eb5ed2d3e0","b1002d60-ed30-436d-a443-1ab49c7a0b22","SNYK-GOLANG-GOLANGORGXNETHTTP2-6531285","2025-01-23T02:56:02.561Z","high"
"0708d6a5-c79a-4f28-9fde-b7126a5c7252","fe401826-cd35-484d-b648-30eb5ed2d3e0","b1002d60-ed30-436d-a443-1ab49c7a0b22","SNYK-GOLANG-GOLANGORGXNETHTTP2-5958903","2025-01-23T02:56:02.561Z","high"
"0708d6a5-c79a-4f28-9fde-b7126a5c7252","fe401826-cd35-484d-b648-30eb5ed2d3e0","b1002d60-ed30-436d-a443-1ab49c7a0b22","SNYK-GOLANG-GOLANGORGXNETHTTP2-5953327","2025-01-23T02:56:02.561Z","high"
"0708d6a5-c79a-4f28-9fde-b7126a5c7252","fe401826-cd35-484d-b648-30eb5ed2d3e0","b1002d60-ed30-436d-a443-1ab49c7a0b22","SNYK-GOLANG-GOLANGORGXNETHTTP2HPACK-3358253","2025-01-23T02:56:02.561Z","high"
"0708d6a5-c79a-4f28-9fde-b7126a5c7252","fe401826-cd35-484d-b648-30eb5ed2d3e0","b1002d60-ed30-436d-a443-1ab49c7a0b22","SNYK-GOLANG-GOLANGORGXNETHTTP2-3323837","2025-01-23T02:56:02.561Z","high"
"0708d6a5-c79a-4f28-9fde-b7126a5c7252","fe401826-cd35-484d-b648-30eb5ed2d3e0","b1002d60-ed30-436d-a443-1ab49c7a0b22","SNYK-GOLANG-GOLANGORGXNETHTTP2-2313688","2025-01-23T02:56:02.561Z","high"
"0708d6a5-c79a-4f28-9fde-b7126a5c7252","fe401826-cd35-484d-b648-30eb5ed2d3e0","b1002d60-ed30-436d-a443-1ab49c7a0b22","SNYK-GOLANG-GITHUBCOMPROMETHEUSCLIENTGOLANGPROMETHEUSPROMHTTP-2401819","2025-01-23T02:56:02.561Z","high"
"0708d6a5-c79a-4f28-9fde-b7126a5c7252","fe401826-cd35-484d-b648-30eb5ed2d3e0","b1002d60-ed30-436d-a443-1ab49c7a0b22","SNYK-GOLANG-K8SIOAPIMACHINERYPKGUTILRUNTIME-8367153","2025-01-23T02:56:02.561Z","high"
"0708d6a5-c79a-4f28-9fde-b7126a5c7252","fe401826-cd35-484d-b648-30eb5ed2d3e0","b1002d60-ed30-436d-a443-1ab49c7a0b22","SNYK-GOLANG-GOLANGORGXNETHTTP2-3028257","2025-01-23T02:56:02.561Z","high"
"0708d6a5-c79a-4f28-9fde-b7126a5c7252","fe401826-cd35-484d-b648-30eb5ed2d3e0","38798f20-479c-43c2-9773-77b1e44ca614","SNYK-GOLANG-GOLANGORGXNETHTTP2HPACK-3358253","2025-01-23T02:56:09.882Z","high"
"0708d6a5-c79a-4f28-9fde-b7126a5c7252","fe401826-cd35-484d-b648-30eb5ed2d3e0","38798f20-479c-43c2-9773-77b1e44ca614","SNYK-GOLANG-GOLANGORGXNETHTTP2-3323837","2025-01-23T02:56:09.882Z","high"
"0708d6a5-c79a-4f28-9fde-b7126a5c7252","fe401826-cd35-484d-b648-30eb5ed2d3e0","38798f20-479c-43c2-9773-77b1e44ca614","SNYK-GOLANG-GOPKGINYAMLV3-2952714","2025-01-23T02:56:09.882Z","high"
"0708d6a5-c79a-4f28-9fde-b7126a5c7252","fe401826-cd35-484d-b648-30eb5ed2d3e0","38798f20-479c-43c2-9773-77b1e44ca614","SNYK-GOLANG-GITHUBCOMMATTNGOSQLITE3-6139875","2025-01-23T02:56:09.882Z","high"
"0708d6a5-c79a-4f28-9fde-b7126a5c7252","fe401826-cd35-484d-b648-30eb5ed2d3e0","38798f20-479c-43c2-9773-77b1e44ca614","SNYK-GOLANG-GOLANGORGXNETHTTP2-3028257","2025-01-23T02:56:09.882Z","high"
"0708d6a5-c79a-4f28-9fde-b7126a5c7252","fe401826-cd35-484d-b648-30eb5ed2d3e0","38798f20-479c-43c2-9773-77b1e44ca614","SNYK-GOLANG-GITHUBCOMEMICKLEIGORESTFUL-2435653","2025-01-23T02:56:09.882Z","high"
"0708d6a5-c79a-4f28-9fde-b7126a5c7252","fe401826-cd35-484d-b648-30eb5ed2d3e0","38798f20-479c-43c2-9773-77b1e44ca614","SNYK-GOLANG-K8SIOAPIMACHINERYPKGUTILRUNTIME-8367153","2025-01-23T02:56:09.882Z","high"
"0708d6a5-c79a-4f28-9fde-b7126a5c7252","fe401826-cd35-484d-b648-30eb5ed2d3e0","38798f20-479c-43c2-9773-77b1e44ca614","SNYK-GOLANG-GOLANGORGXNETHTTP2-5953327","2025-01-23T02:56:09.882Z","high"
"0708d6a5-c79a-4f28-9fde-b7126a5c7252","fe401826-cd35-484d-b648-30eb5ed2d3e0","38798f20-479c-43c2-9773-77b1e44ca614","SNYK-GOLANG-GITHUBCOMSIRUPSENLOGRUS-5564391","2025-01-23T02:56:09.882Z","high"
"0708d6a5-c79a-4f28-9fde-b7126a5c7252","fe401826-cd35-484d-b648-30eb5ed2d3e0","38798f20-479c-43c2-9773-77b1e44ca614","SNYK-GOLANG-GOLANGORGXNETHTTP2-5958903","2025-01-23T02:56:09.882Z","high"
"0708d6a5-c79a-4f28-9fde-b7126a5c7252","fe401826-cd35-484d-b648-30eb5ed2d3e0","38798f20-479c-43c2-9773-77b1e44ca614","SNYK-GOLANG-GOLANGORGXNETHTTP2-6531285","2025-01-23T02:56:09.882Z","high"
"0708d6a5-c79a-4f28-9fde-b7126a5c7252","fe401826-cd35-484d-b648-30eb5ed2d3e0","38798f20-479c-43c2-9773-77b1e44ca614","SNYK-GOLANG-GOLANGORGXNETHTTPHTTPPROXY-9058601","2025-03-05T17:51:40.273Z","high"
"0708d6a5-c79a-4f28-9fde-b7126a5c7252","fe401826-cd35-484d-b648-30eb5ed2d3e0","b1002d60-ed30-436d-a443-1ab49c7a0b22","SNYK-GOLANG-GOLANGORGXNETHTTPHTTPPROXY-9058601","2025-03-05T19:53:04.955Z","high"
"0708d6a5-c79a-4f28-9fde-b7126a5c7252","fe401826-cd35-484d-b648-30eb5ed2d3e0","929f510b-05ec-4d99-b93b-48f6643eb2cd","SNYK-JS-BODYPARSER-7926860","2025-03-19T15:36:05.086Z","high"
"0708d6a5-c79a-4f28-9fde-b7126a5c7252","fe401826-cd35-484d-b648-30eb5ed2d3e0","929f510b-05ec-4d99-b93b-48f6643eb2cd","SNYK-JS-DECODEURICOMPONENT-3149970","2025-03-19T15:36:05.086Z","high"
"0708d6a5-c79a-4f28-9fde-b7126a5c7252","fe401826-cd35-484d-b648-30eb5ed2d3e0","929f510b-05ec-4d99-b93b-48f6643eb2cd","npm:qs:20170213","2025-03-19T15:36:05.086Z","high"
"0708d6a5-c79a-4f28-9fde-b7126a5c7252","fe401826-cd35-484d-b648-30eb5ed2d3e0","929f510b-05ec-4d99-b93b-48f6643eb2cd","SNYK-JS-HANDLEBARS-174183","2025-03-19T15:36:05.086Z","high"
"0708d6a5-c79a-4f28-9fde-b7126a5c7252","fe401826-cd35-484d-b648-30eb5ed2d3e0","929f510b-05ec-4d99-b93b-48f6643eb2cd","SNYK-JS-BL-608877","2025-03-19T15:36:05.086Z","high"
"0708d6a5-c79a-4f28-9fde-b7126a5c7252","fe401826-cd35-484d-b648-30eb5ed2d3e0","929f510b-05ec-4d99-b93b-48f6643eb2cd","SNYK-JS-MONGOOSE-5777721","2025-03-19T15:36:05.086Z","high"
"0708d6a5-c79a-4f28-9fde-b7126a5c7252","fe401826-cd35-484d-b648-30eb5ed2d3e0","929f510b-05ec-4d99-b93b-48f6643eb2cd","SNYK-JS-INI-1048974","2025-03-19T15:36:05.086Z","high"
"0708d6a5-c79a-4f28-9fde-b7126a5c7252","fe401826-cd35-484d-b648-30eb5ed2d3e0","929f510b-05ec-4d99-b93b-48f6643eb2cd","SNYK-JS-ANSIREGEX-1583908","2025-03-19T15:36:05.086Z","high"
"0708d6a5-c79a-4f28-9fde-b7126a5c7252","fe401826-cd35-484d-b648-30eb5ed2d3e0","929f510b-05ec-4d99-b93b-48f6643eb2cd","SNYK-JS-MONGOOSE-2961688","2025-03-19T15:36:05.086Z","high"
"0708d6a5-c79a-4f28-9fde-b7126a5c7252","fe401826-cd35-484d-b648-30eb5ed2d3e0","929f510b-05ec-4d99-b93b-48f6643eb2cd","SNYK-JS-AJV-584908","2025-03-19T15:36:05.086Z","high"
"0708d6a5-c79a-4f28-9fde-b7126a5c7252","fe401826-cd35-484d-b648-30eb5ed2d3e0","929f510b-05ec-4d99-b93b-48f6643eb2cd","npm:marked:20170815","2025-03-19T15:36:05.086Z","high"
"0708d6a5-c79a-4f28-9fde-b7126a5c7252","fe401826-cd35-484d-b648-30eb5ed2d3e0","929f510b-05ec-4d99-b93b-48f6643eb2cd","npm:npmconf:20180512","2025-03-19T15:36:05.086Z","high"
"0708d6a5-c79a-4f28-9fde-b7126a5c7252","fe401826-cd35-484d-b648-30eb5ed2d3e0","929f510b-05ec-4d99-b93b-48f6643eb2cd","npm:marked:20180225","2025-03-19T15:36:05.086Z","high"
"0708d6a5-c79a-4f28-9fde-b7126a5c7252","fe401826-cd35-484d-b648-30eb5ed2d3e0","929f510b-05ec-4d99-b93b-48f6643eb2cd","SNYK-JS-MQUERY-1089718","2025-03-19T15:36:05.086Z","high"
"0708d6a5-c79a-4f28-9fde-b7126a5c7252","fe401826-cd35-484d-b648-30eb5ed2d3e0","929f510b-05ec-4d99-b93b-48f6643eb2cd","SNYK-JS-SEMVER-3247795","2025-03-19T15:36:05.086Z","high"
"0708d6a5-c79a-4f28-9fde-b7126a5c7252","fe401826-cd35-484d-b648-30eb5ed2d3e0","929f510b-05ec-4d99-b93b-48f6643eb2cd","SNYK-JS-HANDLEBARS-534478","2025-03-19T15:36:05.086Z","high"
"0708d6a5-c79a-4f28-9fde-b7126a5c7252","fe401826-cd35-484d-b648-30eb5ed2d3e0","929f510b-05ec-4d99-b93b-48f6643eb2cd","SNYK-JS-BRACES-6838727","2025-03-19T15:36:05.086Z","high"
"0708d6a5-c79a-4f28-9fde-b7126a5c7252","fe401826-cd35-484d-b648-30eb5ed2d3e0","929f510b-05ec-4d99-b93b-48f6643eb2cd","SNYK-JS-LODASH-6139239","2025-03-19T15:36:05.086Z","high"
"0708d6a5-c79a-4f28-9fde-b7126a5c7252","fe401826-cd35-484d-b648-30eb5ed2d3e0","929f510b-05ec-4d99-b93b-48f6643eb2cd","SNYK-JS-LODASH-567746","2025-03-19T15:36:05.086Z","high"
"0708d6a5-c79a-4f28-9fde-b7126a5c7252","fe401826-cd35-484d-b648-30eb5ed2d3e0","929f510b-05ec-4d99-b93b-48f6643eb2cd","npm:negotiator:20160616","2025-03-19T15:36:05.086Z","high"
"0708d6a5-c79a-4f28-9fde-b7126a5c7252","fe401826-cd35-484d-b648-30eb5ed2d3e0","929f510b-05ec-4d99-b93b-48f6643eb2cd","SNYK-JS-HANDLEBARS-173692","2025-03-19T15:36:05.086Z","high"
"0708d6a5-c79a-4f28-9fde-b7126a5c7252","fe401826-cd35-484d-b648-30eb5ed2d3e0","929f510b-05ec-4d99-b93b-48f6643eb2cd","SNYK-JS-TYPEORM-590152","2025-03-19T15:36:05.086Z","high"
"0708d6a5-c79a-4f28-9fde-b7126a5c7252","fe401826-cd35-484d-b648-30eb5ed2d3e0","929f510b-05ec-4d99-b93b-48f6643eb2cd","SNYK-JS-MIXINDEEP-450212","2025-03-19T15:36:05.086Z","high"
"0708d6a5-c79a-4f28-9fde-b7126a5c7252","fe401826-cd35-484d-b648-30eb5ed2d3e0","929f510b-05ec-4d99-b93b-48f6643eb2cd","SNYK-JS-CROSSSPAWN-8303230","2025-03-19T15:36:05.086Z","high"
"0708d6a5-c79a-4f28-9fde-b7126a5c7252","fe401826-cd35-484d-b648-30eb5ed2d3e0","929f510b-05ec-4d99-b93b-48f6643eb2cd","npm:marked:20170907","2025-03-19T15:36:05.086Z","high"
"0708d6a5-c79a-4f28-9fde-b7126a5c7252","fe401826-cd35-484d-b648-30eb5ed2d3e0","929f510b-05ec-4d99-b93b-48f6643eb2cd","SNYK-JS-LODASH-1040724","2025-03-19T15:36:05.086Z","high"
"0708d6a5-c79a-4f28-9fde-b7126a5c7252","fe401826-cd35-484d-b648-30eb5ed2d3e0","929f510b-05ec-4d99-b93b-48f6643eb2cd","SNYK-JS-LODASH-73638","2025-03-19T15:36:05.086Z","high"
"0708d6a5-c79a-4f28-9fde-b7126a5c7252","fe401826-cd35-484d-b648-30eb5ed2d3e0","929f510b-05ec-4d99-b93b-48f6643eb2cd","SNYK-JS-LODASH-608086","2025-03-19T15:36:05.086Z","high"
"0708d6a5-c79a-4f28-9fde-b7126a5c7252","fe401826-cd35-484d-b648-30eb5ed2d3e0","929f510b-05ec-4d99-b93b-48f6643eb2cd","SNYK-JS-KERBEROS-568900","2025-03-19T15:36:05.086Z","high"
"0708d6a5-c79a-4f28-9fde-b7126a5c7252","fe401826-cd35-484d-b648-30eb5ed2d3e0","929f510b-05ec-4d99-b93b-48f6643eb2cd","npm:marked:20170112","2025-03-19T15:36:05.086Z","high"
"0708d6a5-c79a-4f28-9fde-b7126a5c7252","fe401826-cd35-484d-b648-30eb5ed2d3e0","929f510b-05ec-4d99-b93b-48f6643eb2cd","SNYK-JS-EXPRESSFILEUPLOAD-595969","2025-03-19T15:36:05.086Z","high"
"0708d6a5-c79a-4f28-9fde-b7126a5c7252","fe401826-cd35-484d-b648-30eb5ed2d3e0","929f510b-05ec-4d99-b93b-48f6643eb2cd","SNYK-JS-MONGOOSE-8446504","2025-03-19T15:36:05.086Z","high"
"0708d6a5-c79a-4f28-9fde-b7126a5c7252","fe401826-cd35-484d-b648-30eb5ed2d3e0","929f510b-05ec-4d99-b93b-48f6643eb2cd","SNYK-JS-SETVALUE-1540541","2025-03-19T15:36:05.086Z","high"
"0708d6a5-c79a-4f28-9fde-b7126a5c7252","fe401826-cd35-484d-b648-30eb5ed2d3e0","929f510b-05ec-4d99-b93b-48f6643eb2cd","npm:fresh:20170908","2025-03-19T15:36:05.086Z","high"
"0708d6a5-c79a-4f28-9fde-b7126a5c7252","fe401826-cd35-484d-b648-30eb5ed2d3e0","929f510b-05ec-4d99-b93b-48f6643eb2cd","SNYK-JS-ADMZIP-1065796","2025-03-19T15:36:05.086Z","high"
"0708d6a5-c79a-4f28-9fde-b7126a5c7252","fe401826-cd35-484d-b648-30eb5ed2d3e0","929f510b-05ec-4d99-b93b-48f6643eb2cd","SNYK-JS-EJS-2803307","2025-03-19T15:36:05.086Z","high"
"0708d6a5-c79a-4f28-9fde-b7126a5c7252","fe401826-cd35-484d-b648-30eb5ed2d3e0","929f510b-05ec-4d99-b93b-48f6643eb2cd","SNYK-JS-DUSTJSLINKEDIN-1089257","2025-03-19T15:36:05.086Z","high"
"0708d6a5-c79a-4f28-9fde-b7126a5c7252","fe401826-cd35-484d-b648-30eb5ed2d3e0","929f510b-05ec-4d99-b93b-48f6643eb2cd","npm:marked:20150520","2025-03-19T15:36:05.086Z","high"
"0708d6a5-c79a-4f28-9fde-b7126a5c7252","fe401826-cd35-484d-b648-30eb5ed2d3e0","929f510b-05ec-4d99-b93b-48f6643eb2cd","SNYK-JS-HANDLEBARS-480388","2025-03-19T15:36:05.086Z","high"
"0708d6a5-c79a-4f28-9fde-b7126a5c7252","fe401826-cd35-484d-b648-30eb5ed2d3e0","929f510b-05ec-4d99-b93b-48f6643eb2cd","SNYK-JS-MOMENT-2440688","2025-03-19T15:36:05.086Z","high"
"0708d6a5-c79a-4f28-9fde-b7126a5c7252","fe401826-cd35-484d-b648-30eb5ed2d3e0","929f510b-05ec-4d99-b93b-48f6643eb2cd","SNYK-JS-Y18N-1021887","2025-03-19T15:36:05.086Z","high"
"0708d6a5-c79a-4f28-9fde-b7126a5c7252","fe401826-cd35-484d-b648-30eb5ed2d3e0","929f510b-05ec-4d99-b93b-48f6643eb2cd","npm:dustjs-linkedin:20160819","2025-03-19T15:36:05.086Z","high"
"0708d6a5-c79a-4f28-9fde-b7126a5c7252","fe401826-cd35-484d-b648-30eb5ed2d3e0","929f510b-05ec-4d99-b93b-48f6643eb2cd","SNYK-JS-MONGOOSE-8623536","2025-03-19T15:36:05.086Z","high"
"0708d6a5-c79a-4f28-9fde-b7126a5c7252","fe401826-cd35-484d-b648-30eb5ed2d3e0","929f510b-05ec-4d99-b93b-48f6643eb2cd","SNYK-JS-QS-3153490","2025-03-19T15:36:05.086Z","high"
"0708d6a5-c79a-4f28-9fde-b7126a5c7252","fe401826-cd35-484d-b648-30eb5ed2d3e0","929f510b-05ec-4d99-b93b-48f6643eb2cd","SNYK-JS-SETVALUE-450213","2025-03-19T15:36:05.086Z","high"
"0708d6a5-c79a-4f28-9fde-b7126a5c7252","fe401826-cd35-484d-b648-30eb5ed2d3e0","929f510b-05ec-4d99-b93b-48f6643eb2cd","SNYK-JS-JSONSCHEMA-1920922","2025-03-19T15:36:05.086Z","high"
"0708d6a5-c79a-4f28-9fde-b7126a5c7252","fe401826-cd35-484d-b648-30eb5ed2d3e0","929f510b-05ec-4d99-b93b-48f6643eb2cd","SNYK-JS-HANDLEBARS-1056767","2025-03-19T15:36:05.086Z","high"
"0708d6a5-c79a-4f28-9fde-b7126a5c7252","fe401826-cd35-484d-b648-30eb5ed2d3e0","929f510b-05ec-4d99-b93b-48f6643eb2cd","SNYK-JS-MQUERY-1050858","2025-03-19T15:36:05.086Z","high"
"0708d6a5-c79a-4f28-9fde-b7126a5c7252","fe401826-cd35-484d-b648-30eb5ed2d3e0","929f510b-05ec-4d99-b93b-48f6643eb2cd","SNYK-JS-LODASH-450202","2025-03-19T15:36:05.086Z","high"
"0708d6a5-c79a-4f28-9fde-b7126a5c7252","fe401826-cd35-484d-b648-30eb5ed2d3e0","929f510b-05ec-4d99-b93b-48f6643eb2cd","SNYK-JS-DICER-2311764","2025-03-19T15:36:05.086Z","high"
"0708d6a5-c79a-4f28-9fde-b7126a5c7252","fe401826-cd35-484d-b648-30eb5ed2d3e0","929f510b-05ec-4d99-b93b-48f6643eb2cd","SNYK-JS-ASYNC-2441827","2025-03-19T15:36:05.086Z","high"
"0708d6a5-c79a-4f28-9fde-b7126a5c7252","fe401826-cd35-484d-b648-30eb5ed2d3e0","929f510b-05ec-4d99-b93b-48f6643eb2cd","SNYK-JS-MONGODB-473855","2025-03-19T15:36:05.086Z","high"
"0708d6a5-c79a-4f28-9fde-b7126a5c7252","fe401826-cd35-484d-b648-30eb5ed2d3e0","929f510b-05ec-4d99-b93b-48f6643eb2cd","SNYK-JS-EXPRESSFILEUPLOAD-473997","2025-03-19T15:36:05.086Z","high"
"0708d6a5-c79a-4f28-9fde-b7126a5c7252","fe401826-cd35-484d-b648-30eb5ed2d3e0","929f510b-05ec-4d99-b93b-48f6643eb2cd","SNYK-JS-HANDLEBARS-469063","2025-03-19T15:36:05.086Z","high"
"0708d6a5-c79a-4f28-9fde-b7126a5c7252","fe401826-cd35-484d-b648-30eb5ed2d3e0","929f510b-05ec-4d99-b93b-48f6643eb2cd","SNYK-JS-UNSETVALUE-2400660","2025-03-19T15:36:05.086Z","high"
"0708d6a5-c79a-4f28-9fde-b7126a5c7252","fe401826-cd35-484d-b648-30eb5ed2d3e0","929f510b-05ec-4d99-b93b-48f6643eb2cd","npm:ejs:20161128","2025-03-19T15:36:05.086Z","high"
"0708d6a5-c79a-4f28-9fde-b7126a5c7252","fe401826-cd35-484d-b648-30eb5ed2d3e0","929f510b-05ec-4d99-b93b-48f6643eb2cd","SNYK-JS-VALIDATOR-13653476","2025-11-26T19:37:12.547Z","high"
"0708d6a5-c79a-4f28-9fde-b7126a5c7252","fe401826-cd35-484d-b648-30eb5ed2d3e0","929f510b-05ec-4d99-b93b-48f6643eb2cd","SNYK-JS-QS-14724253","2025-12-30T10:56:49.017Z","high"
"0708d6a5-c79a-4f28-9fde-b7126a5c7252","fe401826-cd35-484d-b648-30eb5ed2d3e0","929f510b-05ec-4d99-b93b-48f6643eb2cd","SNYK-JS-AJV-15274295","2026-02-14T15:12:11.29Z","high"
"0708d6a5-c79a-4f28-9fde-b7126a5c7252","fe401826-cd35-484d-b648-30eb5ed2d3e0","929f510b-05ec-4d99-b93b-48f6643eb2cd","SNYK-JS-MINIMATCH-15309438","2026-02-19T13:26:09.769Z","high"
"0708d6a5-c79a-4f28-9fde-b7126a5c7252","fe401826-cd35-484d-b648-30eb5ed2d3e0","929f510b-05ec-4d99-b93b-48f6643eb2cd","SNYK-JS-MINIMATCH-15353389","2026-02-26T12:52:24.994Z","high"
"0708d6a5-c79a-4f28-9fde-b7126a5c7252","fe401826-cd35-484d-b648-30eb5ed2d3e0","929f510b-05ec-4d99-b93b-48f6643eb2cd","SNYK-JS-UNDERSCORE-15369786","2026-03-04T13:19:36.463Z","high"
